E:\workspace\vision-lstm\lstm5_train_tinyimagenet.py:298: UserWarning: expandable_segments not supported on this platform (Triggered internally at C:\actions-runner\_work\pytorch\pytorch\pytorch\c10/cuda/CUDAAllocatorConfig.h:35.)
  x = torch.randn(2, ch, 8, 8, device=device, dtype=torch.float16)
[Stage1-Tiny Single] train: 100000, val: 10000 | classes=200
[Stage1-Tiny Single] Train from scratch
[Config] img=64, epochs=200, warmup_epochs=13, bs=32, accum=1, global_bs=32, lr=3.00e-04, wd=0.05, clip=1.0, amp=bf16 | mix_prob=0.0, mixup=0.2, cutmix=1.0, ls=0.1
  iter    50/3125 | loss 5.2830 | acc 0.007 | lr 3.03e-05
  iter   100/3125 | loss 5.2752 | acc 0.010 | lr 3.07e-05
  iter   150/3125 | loss 5.2623 | acc 0.013 | lr 3.10e-05
  iter   200/3125 | loss 5.2443 | acc 0.015 | lr 3.13e-05
  iter   250/3125 | loss 5.2216 | acc 0.015 | lr 3.17e-05
  iter   300/3125 | loss 5.1240 | acc 0.015 | lr 3.20e-05
  iter   350/3125 | loss 5.1260 | acc 0.015 | lr 3.23e-05
  iter   400/3125 | loss 5.1941 | acc 0.015 | lr 3.27e-05
  iter   450/3125 | loss 5.1412 | acc 0.015 | lr 3.30e-05
  iter   500/3125 | loss 5.0398 | acc 0.015 | lr 3.33e-05
  iter   550/3125 | loss 5.0227 | acc 0.014 | lr 3.37e-05
  iter   600/3125 | loss 5.1040 | acc 0.014 | lr 3.40e-05
  iter   650/3125 | loss 5.1475 | acc 0.015 | lr 3.43e-05
  iter   700/3125 | loss 4.9814 | acc 0.015 | lr 3.47e-05
  iter   750/3125 | loss 4.9595 | acc 0.016 | lr 3.50e-05
  iter   800/3125 | loss 5.1256 | acc 0.016 | lr 3.53e-05
  iter   850/3125 | loss 5.0525 | acc 0.016 | lr 3.56e-05
  iter   900/3125 | loss 4.9642 | acc 0.017 | lr 3.60e-05
  iter   950/3125 | loss 5.1481 | acc 0.017 | lr 3.63e-05
  iter  1000/3125 | loss 4.9325 | acc 0.017 | lr 3.66e-05
  iter  1050/3125 | loss 5.1254 | acc 0.018 | lr 3.70e-05
  iter  1100/3125 | loss 4.8978 | acc 0.018 | lr 3.73e-05
  iter  1150/3125 | loss 4.9915 | acc 0.019 | lr 3.76e-05
  iter  1200/3125 | loss 5.1758 | acc 0.020 | lr 3.80e-05
  iter  1250/3125 | loss 4.9718 | acc 0.020 | lr 3.83e-05
  iter  1300/3125 | loss 4.9940 | acc 0.020 | lr 3.86e-05
  iter  1350/3125 | loss 5.1132 | acc 0.020 | lr 3.90e-05
  iter  1400/3125 | loss 5.0347 | acc 0.020 | lr 3.93e-05
  iter  1450/3125 | loss 5.0361 | acc 0.021 | lr 3.96e-05
  iter  1500/3125 | loss 4.8601 | acc 0.021 | lr 4.00e-05
  iter  1550/3125 | loss 4.9908 | acc 0.021 | lr 4.03e-05
  iter  1600/3125 | loss 5.0609 | acc 0.022 | lr 4.06e-05
  iter  1650/3125 | loss 5.0521 | acc 0.022 | lr 4.10e-05
  iter  1700/3125 | loss 4.8389 | acc 0.023 | lr 4.13e-05
  iter  1750/3125 | loss 4.9661 | acc 0.023 | lr 4.16e-05
  iter  1800/3125 | loss 4.9066 | acc 0.024 | lr 4.20e-05
  iter  1850/3125 | loss 5.0531 | acc 0.024 | lr 4.23e-05
  iter  1900/3125 | loss 4.9554 | acc 0.024 | lr 4.26e-05
  iter  1950/3125 | loss 4.8824 | acc 0.025 | lr 4.30e-05
  iter  2000/3125 | loss 5.0445 | acc 0.025 | lr 4.33e-05
  iter  2050/3125 | loss 4.9769 | acc 0.026 | lr 4.36e-05
  iter  2100/3125 | loss 5.0506 | acc 0.026 | lr 4.40e-05
  iter  2150/3125 | loss 4.9199 | acc 0.026 | lr 4.43e-05
  iter  2200/3125 | loss 4.9476 | acc 0.027 | lr 4.46e-05
  iter  2250/3125 | loss 4.7453 | acc 0.027 | lr 4.50e-05
  iter  2300/3125 | loss 4.9962 | acc 0.027 | lr 4.53e-05
  iter  2350/3125 | loss 4.5978 | acc 0.028 | lr 4.56e-05
  iter  2400/3125 | loss 4.9761 | acc 0.028 | lr 4.60e-05
  iter  2450/3125 | loss 4.6775 | acc 0.028 | lr 4.63e-05
  iter  2500/3125 | loss 4.9792 | acc 0.029 | lr 4.66e-05
  iter  2550/3125 | loss 4.9064 | acc 0.029 | lr 4.69e-05
  iter  2600/3125 | loss 4.8074 | acc 0.030 | lr 4.73e-05
  iter  2650/3125 | loss 4.7924 | acc 0.030 | lr 4.76e-05
  iter  2700/3125 | loss 4.8936 | acc 0.030 | lr 4.79e-05
  iter  2750/3125 | loss 4.8958 | acc 0.031 | lr 4.83e-05
  iter  2800/3125 | loss 4.6372 | acc 0.031 | lr 4.86e-05
  iter  2850/3125 | loss 4.8342 | acc 0.031 | lr 4.89e-05
  iter  2900/3125 | loss 4.3253 | acc 0.032 | lr 4.93e-05
  iter  2950/3125 | loss 4.6293 | acc 0.032 | lr 4.96e-05
  iter  3000/3125 | loss 4.9564 | acc 0.032 | lr 4.99e-05
  iter  3050/3125 | loss 4.7631 | acc 0.033 | lr 5.03e-05
  iter  3100/3125 | loss 4.8656 | acc 0.033 | lr 5.06e-05
[Epoch 001] Train loss=4.9998, acc=0.0331 | opt_steps=3125
[Epoch 001] Val   loss=5.2564, acc=0.0245, lr=5.08e-05
  🌟 New best saved @ lstm5_attn_dwt_best.pth (acc=0.0245)
  iter    50/3125 | loss 4.8187 | acc 0.048 | lr 5.11e-05
  iter   100/3125 | loss 4.7776 | acc 0.052 | lr 5.14e-05
  iter   150/3125 | loss 4.8827 | acc 0.056 | lr 5.18e-05
  iter   200/3125 | loss 4.5703 | acc 0.057 | lr 5.21e-05
  iter   250/3125 | loss 4.7473 | acc 0.058 | lr 5.24e-05
  iter   300/3125 | loss 4.9015 | acc 0.059 | lr 5.28e-05
  iter   350/3125 | loss 4.7158 | acc 0.058 | lr 5.31e-05
  iter   400/3125 | loss 4.7093 | acc 0.059 | lr 5.34e-05
  iter   450/3125 | loss 4.5275 | acc 0.060 | lr 5.38e-05
  iter   500/3125 | loss 4.9602 | acc 0.061 | lr 5.41e-05
  iter   550/3125 | loss 4.4918 | acc 0.062 | lr 5.44e-05
  iter   600/3125 | loss 4.7405 | acc 0.061 | lr 5.48e-05
  iter   650/3125 | loss 4.4138 | acc 0.061 | lr 5.51e-05
  iter   700/3125 | loss 4.6098 | acc 0.062 | lr 5.54e-05
  iter   750/3125 | loss 4.5291 | acc 0.063 | lr 5.58e-05
  iter   800/3125 | loss 4.6298 | acc 0.063 | lr 5.61e-05
  iter   850/3125 | loss 4.8009 | acc 0.064 | lr 5.64e-05
  iter   900/3125 | loss 4.9043 | acc 0.065 | lr 5.68e-05
  iter   950/3125 | loss 4.7136 | acc 0.065 | lr 5.71e-05
  iter  1000/3125 | loss 4.9407 | acc 0.066 | lr 5.74e-05
  iter  1050/3125 | loss 4.5840 | acc 0.066 | lr 5.77e-05
  iter  1100/3125 | loss 4.7302 | acc 0.066 | lr 5.81e-05
  iter  1150/3125 | loss 4.5411 | acc 0.066 | lr 5.84e-05
  iter  1200/3125 | loss 4.8385 | acc 0.067 | lr 5.87e-05
  iter  1250/3125 | loss 4.4525 | acc 0.067 | lr 5.91e-05
  iter  1300/3125 | loss 4.3723 | acc 0.068 | lr 5.94e-05
  iter  1350/3125 | loss 4.8177 | acc 0.068 | lr 5.97e-05
  iter  1400/3125 | loss 4.8071 | acc 0.068 | lr 6.01e-05
  iter  1450/3125 | loss 4.8595 | acc 0.069 | lr 6.04e-05
  iter  1500/3125 | loss 4.5563 | acc 0.069 | lr 6.07e-05
  iter  1550/3125 | loss 4.6376 | acc 0.070 | lr 6.11e-05
  iter  1600/3125 | loss 4.2565 | acc 0.070 | lr 6.14e-05
  iter  1650/3125 | loss 4.4914 | acc 0.070 | lr 6.17e-05
  iter  1700/3125 | loss 4.4133 | acc 0.071 | lr 6.21e-05
  iter  1750/3125 | loss 4.6935 | acc 0.071 | lr 6.24e-05
  iter  1800/3125 | loss 4.5369 | acc 0.072 | lr 6.27e-05
  iter  1850/3125 | loss 4.6179 | acc 0.072 | lr 6.31e-05
  iter  1900/3125 | loss 5.0370 | acc 0.073 | lr 6.34e-05
  iter  1950/3125 | loss 4.6058 | acc 0.073 | lr 6.37e-05
  iter  2000/3125 | loss 4.4293 | acc 0.073 | lr 6.41e-05
  iter  2050/3125 | loss 4.4873 | acc 0.074 | lr 6.44e-05
  iter  2100/3125 | loss 4.6050 | acc 0.074 | lr 6.47e-05
  iter  2150/3125 | loss 4.5342 | acc 0.075 | lr 6.51e-05
  iter  2200/3125 | loss 4.2565 | acc 0.075 | lr 6.54e-05
  iter  2250/3125 | loss 4.3430 | acc 0.076 | lr 6.57e-05
  iter  2300/3125 | loss 4.5058 | acc 0.076 | lr 6.61e-05
  iter  2350/3125 | loss 4.6628 | acc 0.076 | lr 6.64e-05
  iter  2400/3125 | loss 4.3180 | acc 0.077 | lr 6.67e-05
  iter  2450/3125 | loss 4.5222 | acc 0.077 | lr 6.71e-05
  iter  2500/3125 | loss 4.5662 | acc 0.078 | lr 6.74e-05
  iter  2550/3125 | loss 4.7171 | acc 0.079 | lr 6.77e-05
  iter  2600/3125 | loss 4.5188 | acc 0.079 | lr 6.80e-05
  iter  2650/3125 | loss 4.4730 | acc 0.079 | lr 6.84e-05
  iter  2700/3125 | loss 4.7294 | acc 0.079 | lr 6.87e-05
  iter  2750/3125 | loss 4.5195 | acc 0.080 | lr 6.90e-05
  iter  2800/3125 | loss 4.6252 | acc 0.080 | lr 6.94e-05
  iter  2850/3125 | loss 4.3535 | acc 0.081 | lr 6.97e-05
  iter  2900/3125 | loss 4.3390 | acc 0.081 | lr 7.00e-05
  iter  2950/3125 | loss 4.5641 | acc 0.082 | lr 7.04e-05
  iter  3000/3125 | loss 4.5042 | acc 0.082 | lr 7.07e-05
  iter  3050/3125 | loss 4.5390 | acc 0.083 | lr 7.10e-05
  iter  3100/3125 | loss 4.6014 | acc 0.083 | lr 7.14e-05
[Epoch 002] Train loss=4.6243, acc=0.0835 | opt_steps=3125
[Epoch 002] Val   loss=5.1780, acc=0.0247, lr=7.15e-05
  🌟 New best saved @ lstm5_attn_dwt_best.pth (acc=0.0247)
  iter    50/3125 | loss 4.4796 | acc 0.087 | lr 7.19e-05
  iter   100/3125 | loss 4.3526 | acc 0.095 | lr 7.22e-05
  iter   150/3125 | loss 4.4952 | acc 0.101 | lr 7.25e-05
  iter   200/3125 | loss 4.6124 | acc 0.105 | lr 7.29e-05
  iter   250/3125 | loss 4.2546 | acc 0.105 | lr 7.32e-05
  iter   300/3125 | loss 4.1836 | acc 0.107 | lr 7.35e-05
  iter   350/3125 | loss 4.3703 | acc 0.110 | lr 7.39e-05
  iter   400/3125 | loss 4.3177 | acc 0.111 | lr 7.42e-05
  iter   450/3125 | loss 4.3740 | acc 0.112 | lr 7.45e-05
  iter   500/3125 | loss 4.3296 | acc 0.114 | lr 7.49e-05
  iter   550/3125 | loss 4.2679 | acc 0.113 | lr 7.52e-05
  iter   600/3125 | loss 4.1300 | acc 0.113 | lr 7.55e-05
  iter   650/3125 | loss 4.4626 | acc 0.114 | lr 7.59e-05
  iter   700/3125 | loss 4.4913 | acc 0.115 | lr 7.62e-05
  iter   750/3125 | loss 4.6410 | acc 0.115 | lr 7.65e-05
  iter   800/3125 | loss 4.3950 | acc 0.116 | lr 7.69e-05
  iter   850/3125 | loss 4.5507 | acc 0.117 | lr 7.72e-05
  iter   900/3125 | loss 4.3701 | acc 0.117 | lr 7.75e-05
  iter   950/3125 | loss 4.1744 | acc 0.118 | lr 7.79e-05
  iter  1000/3125 | loss 4.5466 | acc 0.119 | lr 7.82e-05
  iter  1050/3125 | loss 4.7228 | acc 0.119 | lr 7.85e-05
  iter  1100/3125 | loss 4.3815 | acc 0.120 | lr 7.88e-05
  iter  1150/3125 | loss 4.2350 | acc 0.120 | lr 7.92e-05
  iter  1200/3125 | loss 3.9361 | acc 0.121 | lr 7.95e-05
  iter  1250/3125 | loss 4.2179 | acc 0.122 | lr 7.98e-05
  iter  1300/3125 | loss 3.8542 | acc 0.123 | lr 8.02e-05
  iter  1350/3125 | loss 4.7559 | acc 0.123 | lr 8.05e-05
  iter  1400/3125 | loss 4.3785 | acc 0.124 | lr 8.08e-05
  iter  1450/3125 | loss 4.2882 | acc 0.124 | lr 8.12e-05
  iter  1500/3125 | loss 4.3028 | acc 0.125 | lr 8.15e-05
  iter  1550/3125 | loss 4.3239 | acc 0.125 | lr 8.18e-05
  iter  1600/3125 | loss 4.3540 | acc 0.126 | lr 8.22e-05
  iter  1650/3125 | loss 4.6249 | acc 0.126 | lr 8.25e-05
  iter  1700/3125 | loss 4.1002 | acc 0.126 | lr 8.28e-05
  iter  1750/3125 | loss 4.5124 | acc 0.127 | lr 8.32e-05
  iter  1800/3125 | loss 4.2879 | acc 0.127 | lr 8.35e-05
  iter  1850/3125 | loss 4.1384 | acc 0.128 | lr 8.38e-05
  iter  1900/3125 | loss 4.1000 | acc 0.128 | lr 8.42e-05
  iter  1950/3125 | loss 4.0903 | acc 0.128 | lr 8.45e-05
  iter  2000/3125 | loss 4.1990 | acc 0.129 | lr 8.48e-05
  iter  2050/3125 | loss 4.4863 | acc 0.129 | lr 8.52e-05
  iter  2100/3125 | loss 4.3236 | acc 0.129 | lr 8.55e-05
  iter  2150/3125 | loss 4.5864 | acc 0.130 | lr 8.58e-05
  iter  2200/3125 | loss 4.1146 | acc 0.130 | lr 8.62e-05
  iter  2250/3125 | loss 4.5519 | acc 0.131 | lr 8.65e-05
  iter  2300/3125 | loss 4.1860 | acc 0.131 | lr 8.68e-05
  iter  2350/3125 | loss 3.9913 | acc 0.132 | lr 8.72e-05
  iter  2400/3125 | loss 4.3999 | acc 0.133 | lr 8.75e-05
  iter  2450/3125 | loss 4.6579 | acc 0.133 | lr 8.78e-05
  iter  2500/3125 | loss 4.0846 | acc 0.133 | lr 8.82e-05
  iter  2550/3125 | loss 4.1578 | acc 0.134 | lr 8.85e-05
  iter  2600/3125 | loss 4.3588 | acc 0.134 | lr 8.88e-05
  iter  2650/3125 | loss 4.3342 | acc 0.134 | lr 8.92e-05
  iter  2700/3125 | loss 4.2127 | acc 0.135 | lr 8.95e-05
  iter  2750/3125 | loss 3.8729 | acc 0.135 | lr 8.98e-05
  iter  2800/3125 | loss 4.2380 | acc 0.136 | lr 9.01e-05
  iter  2850/3125 | loss 4.0665 | acc 0.136 | lr 9.05e-05
  iter  2900/3125 | loss 4.2466 | acc 0.137 | lr 9.08e-05
  iter  2950/3125 | loss 4.3972 | acc 0.137 | lr 9.11e-05
  iter  3000/3125 | loss 4.0331 | acc 0.138 | lr 9.15e-05
  iter  3050/3125 | loss 3.9986 | acc 0.138 | lr 9.18e-05
  iter  3100/3125 | loss 4.0613 | acc 0.138 | lr 9.21e-05
[Epoch 003] Train loss=4.2915, acc=0.1387 | opt_steps=3125
[Epoch 003] Val   loss=5.0449, acc=0.0309, lr=9.23e-05
  🌟 New best saved @ lstm5_attn_dwt_best.pth (acc=0.0309)
  iter    50/3125 | loss 3.7296 | acc 0.171 | lr 9.26e-05
  iter   100/3125 | loss 3.8467 | acc 0.166 | lr 9.30e-05
  iter   150/3125 | loss 4.2004 | acc 0.169 | lr 9.33e-05
  iter   200/3125 | loss 4.1226 | acc 0.169 | lr 9.36e-05
  iter   250/3125 | loss 3.9208 | acc 0.168 | lr 9.40e-05
  iter   300/3125 | loss 3.7445 | acc 0.170 | lr 9.43e-05
  iter   350/3125 | loss 3.9157 | acc 0.171 | lr 9.46e-05
  iter   400/3125 | loss 4.1049 | acc 0.171 | lr 9.50e-05
  iter   450/3125 | loss 3.8037 | acc 0.171 | lr 9.53e-05
  iter   500/3125 | loss 4.1115 | acc 0.170 | lr 9.56e-05
  iter   550/3125 | loss 3.9595 | acc 0.171 | lr 9.60e-05
  iter   600/3125 | loss 3.9315 | acc 0.172 | lr 9.63e-05
  iter   650/3125 | loss 3.8062 | acc 0.172 | lr 9.66e-05
  iter   700/3125 | loss 4.1516 | acc 0.172 | lr 9.70e-05
  iter   750/3125 | loss 3.9875 | acc 0.173 | lr 9.73e-05
  iter   800/3125 | loss 4.0743 | acc 0.173 | lr 9.76e-05
  iter   850/3125 | loss 3.7761 | acc 0.173 | lr 9.80e-05
  iter   900/3125 | loss 4.3582 | acc 0.174 | lr 9.83e-05
  iter   950/3125 | loss 3.8799 | acc 0.175 | lr 9.86e-05
  iter  1000/3125 | loss 3.9408 | acc 0.175 | lr 9.90e-05
  iter  1050/3125 | loss 4.3269 | acc 0.177 | lr 9.93e-05
  iter  1100/3125 | loss 3.8935 | acc 0.177 | lr 9.96e-05
  iter  1150/3125 | loss 4.0534 | acc 0.177 | lr 1.00e-04
  iter  1200/3125 | loss 4.0686 | acc 0.178 | lr 1.00e-04
  iter  1250/3125 | loss 3.9935 | acc 0.178 | lr 1.01e-04
  iter  1300/3125 | loss 4.0090 | acc 0.178 | lr 1.01e-04
  iter  1350/3125 | loss 4.0228 | acc 0.179 | lr 1.01e-04
  iter  1400/3125 | loss 3.9237 | acc 0.179 | lr 1.02e-04
  iter  1450/3125 | loss 3.5881 | acc 0.180 | lr 1.02e-04
  iter  1500/3125 | loss 4.3491 | acc 0.180 | lr 1.02e-04
  iter  1550/3125 | loss 3.6601 | acc 0.180 | lr 1.03e-04
  iter  1600/3125 | loss 3.6436 | acc 0.181 | lr 1.03e-04
  iter  1650/3125 | loss 3.8233 | acc 0.181 | lr 1.03e-04
  iter  1700/3125 | loss 4.1047 | acc 0.181 | lr 1.04e-04
  iter  1750/3125 | loss 4.3774 | acc 0.182 | lr 1.04e-04
  iter  1800/3125 | loss 3.7583 | acc 0.182 | lr 1.04e-04
  iter  1850/3125 | loss 4.2902 | acc 0.182 | lr 1.05e-04
  iter  1900/3125 | loss 3.6820 | acc 0.182 | lr 1.05e-04
  iter  1950/3125 | loss 3.8492 | acc 0.183 | lr 1.05e-04
  iter  2000/3125 | loss 3.7259 | acc 0.183 | lr 1.06e-04
  iter  2050/3125 | loss 3.8188 | acc 0.183 | lr 1.06e-04
  iter  2100/3125 | loss 3.9696 | acc 0.184 | lr 1.06e-04
  iter  2150/3125 | loss 4.0486 | acc 0.184 | lr 1.07e-04
  iter  2200/3125 | loss 4.1585 | acc 0.185 | lr 1.07e-04
  iter  2250/3125 | loss 4.1747 | acc 0.185 | lr 1.07e-04
  iter  2300/3125 | loss 4.0782 | acc 0.185 | lr 1.08e-04
  iter  2350/3125 | loss 4.1891 | acc 0.185 | lr 1.08e-04
  iter  2400/3125 | loss 4.1906 | acc 0.186 | lr 1.08e-04
  iter  2450/3125 | loss 3.7925 | acc 0.186 | lr 1.09e-04
  iter  2500/3125 | loss 3.4720 | acc 0.186 | lr 1.09e-04
  iter  2550/3125 | loss 3.8689 | acc 0.187 | lr 1.09e-04
  iter  2600/3125 | loss 3.7261 | acc 0.187 | lr 1.10e-04
  iter  2650/3125 | loss 3.6511 | acc 0.188 | lr 1.10e-04
  iter  2700/3125 | loss 3.8697 | acc 0.188 | lr 1.10e-04
  iter  2750/3125 | loss 4.0552 | acc 0.188 | lr 1.11e-04
  iter  2800/3125 | loss 3.7368 | acc 0.189 | lr 1.11e-04
  iter  2850/3125 | loss 3.8195 | acc 0.189 | lr 1.11e-04
  iter  2900/3125 | loss 3.8027 | acc 0.189 | lr 1.12e-04
  iter  2950/3125 | loss 4.1371 | acc 0.189 | lr 1.12e-04
  iter  3000/3125 | loss 4.0192 | acc 0.189 | lr 1.12e-04
  iter  3050/3125 | loss 3.6098 | acc 0.190 | lr 1.13e-04
  iter  3100/3125 | loss 3.9949 | acc 0.190 | lr 1.13e-04
[Epoch 004] Train loss=4.0148, acc=0.1898 | opt_steps=3125
[Epoch 004] Val   loss=4.8151, acc=0.0556, lr=1.13e-04
  🌟 New best saved @ lstm5_attn_dwt_best.pth (acc=0.0556)
  iter    50/3125 | loss 3.9519 | acc 0.214 | lr 1.13e-04
  iter   100/3125 | loss 3.5720 | acc 0.214 | lr 1.14e-04
  iter   150/3125 | loss 4.1240 | acc 0.218 | lr 1.14e-04
  iter   200/3125 | loss 3.5454 | acc 0.213 | lr 1.14e-04
  iter   250/3125 | loss 3.8723 | acc 0.212 | lr 1.15e-04
  iter   300/3125 | loss 4.1012 | acc 0.216 | lr 1.15e-04
  iter   350/3125 | loss 3.8871 | acc 0.217 | lr 1.15e-04
  iter   400/3125 | loss 4.1832 | acc 0.218 | lr 1.16e-04
  iter   450/3125 | loss 3.4202 | acc 0.217 | lr 1.16e-04
  iter   500/3125 | loss 3.6853 | acc 0.217 | lr 1.16e-04
  iter   550/3125 | loss 3.8928 | acc 0.217 | lr 1.17e-04
  iter   600/3125 | loss 3.8978 | acc 0.220 | lr 1.17e-04
  iter   650/3125 | loss 4.0522 | acc 0.221 | lr 1.17e-04
  iter   700/3125 | loss 3.9679 | acc 0.222 | lr 1.18e-04
  iter   750/3125 | loss 4.0260 | acc 0.221 | lr 1.18e-04
  iter   800/3125 | loss 4.0221 | acc 0.220 | lr 1.18e-04
  iter   850/3125 | loss 3.9300 | acc 0.220 | lr 1.19e-04
  iter   900/3125 | loss 3.8340 | acc 0.221 | lr 1.19e-04
  iter   950/3125 | loss 3.8009 | acc 0.221 | lr 1.19e-04
  iter  1000/3125 | loss 3.9578 | acc 0.221 | lr 1.20e-04
  iter  1050/3125 | loss 3.5430 | acc 0.221 | lr 1.20e-04
  iter  1100/3125 | loss 3.1845 | acc 0.223 | lr 1.20e-04
  iter  1150/3125 | loss 3.9116 | acc 0.224 | lr 1.21e-04
  iter  1200/3125 | loss 4.0971 | acc 0.225 | lr 1.21e-04
  iter  1250/3125 | loss 3.5194 | acc 0.225 | lr 1.21e-04
  iter  1300/3125 | loss 4.0073 | acc 0.225 | lr 1.22e-04
  iter  1350/3125 | loss 3.9889 | acc 0.225 | lr 1.22e-04
  iter  1400/3125 | loss 3.6426 | acc 0.226 | lr 1.22e-04
  iter  1450/3125 | loss 3.3522 | acc 0.226 | lr 1.23e-04
  iter  1500/3125 | loss 3.4584 | acc 0.226 | lr 1.23e-04
  iter  1550/3125 | loss 3.6810 | acc 0.227 | lr 1.23e-04
  iter  1600/3125 | loss 3.7181 | acc 0.226 | lr 1.24e-04
  iter  1650/3125 | loss 3.7196 | acc 0.227 | lr 1.24e-04
  iter  1700/3125 | loss 3.5188 | acc 0.227 | lr 1.24e-04
  iter  1750/3125 | loss 3.8999 | acc 0.227 | lr 1.25e-04
  iter  1800/3125 | loss 3.8599 | acc 0.227 | lr 1.25e-04
  iter  1850/3125 | loss 3.2163 | acc 0.227 | lr 1.25e-04
  iter  1900/3125 | loss 3.7073 | acc 0.227 | lr 1.26e-04
  iter  1950/3125 | loss 3.9744 | acc 0.227 | lr 1.26e-04
  iter  2000/3125 | loss 3.9502 | acc 0.227 | lr 1.26e-04
  iter  2050/3125 | loss 3.7765 | acc 0.228 | lr 1.27e-04
  iter  2100/3125 | loss 4.1274 | acc 0.228 | lr 1.27e-04
  iter  2150/3125 | loss 4.1390 | acc 0.228 | lr 1.27e-04
  iter  2200/3125 | loss 3.5328 | acc 0.228 | lr 1.28e-04
  iter  2250/3125 | loss 3.6904 | acc 0.229 | lr 1.28e-04
  iter  2300/3125 | loss 3.5804 | acc 0.229 | lr 1.28e-04
  iter  2350/3125 | loss 3.6711 | acc 0.229 | lr 1.29e-04
  iter  2400/3125 | loss 3.8218 | acc 0.229 | lr 1.29e-04
  iter  2450/3125 | loss 3.5555 | acc 0.229 | lr 1.29e-04
  iter  2500/3125 | loss 3.7350 | acc 0.230 | lr 1.30e-04
  iter  2550/3125 | loss 4.4881 | acc 0.230 | lr 1.30e-04
  iter  2600/3125 | loss 4.0446 | acc 0.230 | lr 1.30e-04
  iter  2650/3125 | loss 3.3154 | acc 0.230 | lr 1.31e-04
  iter  2700/3125 | loss 3.4643 | acc 0.230 | lr 1.31e-04
  iter  2750/3125 | loss 3.9840 | acc 0.231 | lr 1.31e-04
  iter  2800/3125 | loss 3.4903 | acc 0.231 | lr 1.32e-04
  iter  2850/3125 | loss 3.5995 | acc 0.231 | lr 1.32e-04
  iter  2900/3125 | loss 4.4166 | acc 0.232 | lr 1.32e-04
  iter  2950/3125 | loss 4.1294 | acc 0.232 | lr 1.33e-04
  iter  3000/3125 | loss 3.5510 | acc 0.232 | lr 1.33e-04
  iter  3050/3125 | loss 3.7537 | acc 0.232 | lr 1.33e-04
  iter  3100/3125 | loss 3.5273 | acc 0.233 | lr 1.34e-04
[Epoch 005] Train loss=3.7888, acc=0.2330 | opt_steps=3125
[Epoch 005] Val   loss=4.5015, acc=0.0960, lr=1.34e-04
  🌟 New best saved @ lstm5_attn_dwt_best.pth (acc=0.0960)
  iter    50/3125 | loss 3.7181 | acc 0.256 | lr 1.34e-04
  iter   100/3125 | loss 3.6473 | acc 0.264 | lr 1.35e-04
  iter   150/3125 | loss 3.6597 | acc 0.266 | lr 1.35e-04
  iter   200/3125 | loss 3.8188 | acc 0.263 | lr 1.35e-04
  iter   250/3125 | loss 3.9398 | acc 0.261 | lr 1.36e-04
  iter   300/3125 | loss 3.4373 | acc 0.263 | lr 1.36e-04
  iter   350/3125 | loss 4.0108 | acc 0.263 | lr 1.36e-04
  iter   400/3125 | loss 3.5383 | acc 0.263 | lr 1.37e-04
  iter   450/3125 | loss 3.0017 | acc 0.266 | lr 1.37e-04
  iter   500/3125 | loss 3.5402 | acc 0.266 | lr 1.37e-04
  iter   550/3125 | loss 3.5281 | acc 0.267 | lr 1.38e-04
  iter   600/3125 | loss 3.2732 | acc 0.267 | lr 1.38e-04
  iter   650/3125 | loss 3.4310 | acc 0.267 | lr 1.38e-04
  iter   700/3125 | loss 3.0717 | acc 0.268 | lr 1.38e-04
  iter   750/3125 | loss 3.0904 | acc 0.268 | lr 1.39e-04
  iter   800/3125 | loss 3.4289 | acc 0.269 | lr 1.39e-04
  iter   850/3125 | loss 3.7553 | acc 0.269 | lr 1.39e-04
  iter   900/3125 | loss 3.7562 | acc 0.269 | lr 1.40e-04
  iter   950/3125 | loss 3.3304 | acc 0.270 | lr 1.40e-04
  iter  1000/3125 | loss 2.9891 | acc 0.270 | lr 1.40e-04
  iter  1050/3125 | loss 3.2006 | acc 0.270 | lr 1.41e-04
  iter  1100/3125 | loss 4.1059 | acc 0.270 | lr 1.41e-04
  iter  1150/3125 | loss 3.4208 | acc 0.269 | lr 1.41e-04
  iter  1200/3125 | loss 3.5422 | acc 0.270 | lr 1.42e-04
  iter  1250/3125 | loss 3.6709 | acc 0.269 | lr 1.42e-04
  iter  1300/3125 | loss 3.4140 | acc 0.269 | lr 1.42e-04
  iter  1350/3125 | loss 3.2976 | acc 0.269 | lr 1.43e-04
  iter  1400/3125 | loss 3.6416 | acc 0.269 | lr 1.43e-04
  iter  1450/3125 | loss 3.7010 | acc 0.269 | lr 1.43e-04
  iter  1500/3125 | loss 4.5191 | acc 0.269 | lr 1.44e-04
  iter  1550/3125 | loss 3.4780 | acc 0.270 | lr 1.44e-04
  iter  1600/3125 | loss 3.9884 | acc 0.269 | lr 1.44e-04
  iter  1650/3125 | loss 3.5570 | acc 0.270 | lr 1.45e-04
  iter  1700/3125 | loss 3.5211 | acc 0.269 | lr 1.45e-04
  iter  1750/3125 | loss 3.5774 | acc 0.270 | lr 1.45e-04
  iter  1800/3125 | loss 3.5507 | acc 0.270 | lr 1.46e-04
  iter  1850/3125 | loss 3.6666 | acc 0.270 | lr 1.46e-04
  iter  1900/3125 | loss 3.3520 | acc 0.270 | lr 1.46e-04
  iter  1950/3125 | loss 3.3437 | acc 0.270 | lr 1.47e-04
  iter  2000/3125 | loss 3.9089 | acc 0.270 | lr 1.47e-04
  iter  2050/3125 | loss 3.4055 | acc 0.270 | lr 1.47e-04
  iter  2100/3125 | loss 3.7651 | acc 0.270 | lr 1.48e-04
  iter  2150/3125 | loss 4.0623 | acc 0.270 | lr 1.48e-04
  iter  2200/3125 | loss 3.0176 | acc 0.270 | lr 1.48e-04
  iter  2250/3125 | loss 3.2671 | acc 0.270 | lr 1.49e-04
  iter  2300/3125 | loss 3.6332 | acc 0.270 | lr 1.49e-04
  iter  2350/3125 | loss 3.2834 | acc 0.271 | lr 1.49e-04
  iter  2400/3125 | loss 3.3460 | acc 0.271 | lr 1.50e-04
  iter  2450/3125 | loss 3.7795 | acc 0.272 | lr 1.50e-04
  iter  2500/3125 | loss 4.0103 | acc 0.272 | lr 1.50e-04
  iter  2550/3125 | loss 3.6014 | acc 0.272 | lr 1.51e-04
  iter  2600/3125 | loss 3.8674 | acc 0.272 | lr 1.51e-04
  iter  2650/3125 | loss 3.8929 | acc 0.272 | lr 1.51e-04
  iter  2700/3125 | loss 3.6025 | acc 0.273 | lr 1.52e-04
  iter  2750/3125 | loss 3.7730 | acc 0.273 | lr 1.52e-04
  iter  2800/3125 | loss 3.7174 | acc 0.273 | lr 1.52e-04
  iter  2850/3125 | loss 3.8545 | acc 0.274 | lr 1.53e-04
  iter  2900/3125 | loss 3.6032 | acc 0.274 | lr 1.53e-04
  iter  2950/3125 | loss 3.3402 | acc 0.274 | lr 1.53e-04
  iter  3000/3125 | loss 3.6375 | acc 0.274 | lr 1.54e-04
  iter  3050/3125 | loss 3.1720 | acc 0.274 | lr 1.54e-04
  iter  3100/3125 | loss 3.6501 | acc 0.274 | lr 1.54e-04
[Epoch 006] Train loss=3.5947, acc=0.2743 | opt_steps=3125
[Epoch 006] Val   loss=4.1603, acc=0.1450, lr=1.55e-04
  🌟 New best saved @ lstm5_attn_dwt_best.pth (acc=0.1450)
  iter    50/3125 | loss 3.3849 | acc 0.321 | lr 1.55e-04
  iter   100/3125 | loss 3.4654 | acc 0.310 | lr 1.55e-04
  iter   150/3125 | loss 3.4057 | acc 0.310 | lr 1.56e-04
  iter   200/3125 | loss 3.6537 | acc 0.311 | lr 1.56e-04
  iter   250/3125 | loss 3.8278 | acc 0.309 | lr 1.56e-04
  iter   300/3125 | loss 3.0188 | acc 0.311 | lr 1.57e-04
  iter   350/3125 | loss 3.7441 | acc 0.312 | lr 1.57e-04
  iter   400/3125 | loss 3.2980 | acc 0.309 | lr 1.57e-04
  iter   450/3125 | loss 3.7974 | acc 0.309 | lr 1.58e-04
  iter   500/3125 | loss 2.9306 | acc 0.308 | lr 1.58e-04
  iter   550/3125 | loss 3.3525 | acc 0.308 | lr 1.58e-04
  iter   600/3125 | loss 3.5490 | acc 0.307 | lr 1.59e-04
  iter   650/3125 | loss 3.1654 | acc 0.307 | lr 1.59e-04
  iter   700/3125 | loss 3.5947 | acc 0.306 | lr 1.59e-04
  iter   750/3125 | loss 3.2204 | acc 0.307 | lr 1.60e-04
  iter   800/3125 | loss 3.3185 | acc 0.307 | lr 1.60e-04
  iter   850/3125 | loss 3.7642 | acc 0.307 | lr 1.60e-04
  iter   900/3125 | loss 3.2953 | acc 0.306 | lr 1.61e-04
  iter   950/3125 | loss 3.7966 | acc 0.306 | lr 1.61e-04
  iter  1000/3125 | loss 3.5760 | acc 0.305 | lr 1.61e-04
  iter  1050/3125 | loss 3.8254 | acc 0.306 | lr 1.62e-04
  iter  1100/3125 | loss 2.6363 | acc 0.306 | lr 1.62e-04
  iter  1150/3125 | loss 2.9699 | acc 0.307 | lr 1.62e-04
  iter  1200/3125 | loss 3.8851 | acc 0.306 | lr 1.63e-04
  iter  1250/3125 | loss 3.1814 | acc 0.306 | lr 1.63e-04
  iter  1300/3125 | loss 3.0979 | acc 0.306 | lr 1.63e-04
  iter  1350/3125 | loss 3.1719 | acc 0.307 | lr 1.64e-04
  iter  1400/3125 | loss 2.9525 | acc 0.307 | lr 1.64e-04
  iter  1450/3125 | loss 3.9196 | acc 0.307 | lr 1.64e-04
  iter  1500/3125 | loss 3.4131 | acc 0.308 | lr 1.65e-04
  iter  1550/3125 | loss 2.8229 | acc 0.308 | lr 1.65e-04
  iter  1600/3125 | loss 3.1244 | acc 0.308 | lr 1.65e-04
  iter  1650/3125 | loss 3.8810 | acc 0.308 | lr 1.66e-04
  iter  1700/3125 | loss 3.4922 | acc 0.308 | lr 1.66e-04
  iter  1750/3125 | loss 2.7736 | acc 0.308 | lr 1.66e-04
  iter  1800/3125 | loss 2.9849 | acc 0.309 | lr 1.67e-04
  iter  1850/3125 | loss 3.6137 | acc 0.308 | lr 1.67e-04
  iter  1900/3125 | loss 3.5553 | acc 0.308 | lr 1.67e-04
  iter  1950/3125 | loss 3.5310 | acc 0.308 | lr 1.68e-04
  iter  2000/3125 | loss 3.4273 | acc 0.308 | lr 1.68e-04
  iter  2050/3125 | loss 3.1027 | acc 0.308 | lr 1.68e-04
  iter  2100/3125 | loss 3.0398 | acc 0.308 | lr 1.69e-04
  iter  2150/3125 | loss 3.4000 | acc 0.308 | lr 1.69e-04
  iter  2200/3125 | loss 3.2240 | acc 0.308 | lr 1.69e-04
  iter  2250/3125 | loss 3.5409 | acc 0.309 | lr 1.70e-04
  iter  2300/3125 | loss 3.9243 | acc 0.309 | lr 1.70e-04
  iter  2350/3125 | loss 3.5658 | acc 0.309 | lr 1.70e-04
  iter  2400/3125 | loss 3.1621 | acc 0.309 | lr 1.71e-04
  iter  2450/3125 | loss 3.7201 | acc 0.309 | lr 1.71e-04
  iter  2500/3125 | loss 3.3153 | acc 0.309 | lr 1.71e-04
  iter  2550/3125 | loss 3.3947 | acc 0.309 | lr 1.72e-04
  iter  2600/3125 | loss 3.2677 | acc 0.309 | lr 1.72e-04
  iter  2650/3125 | loss 3.4654 | acc 0.309 | lr 1.72e-04
  iter  2700/3125 | loss 3.2786 | acc 0.310 | lr 1.73e-04
  iter  2750/3125 | loss 3.2632 | acc 0.310 | lr 1.73e-04
  iter  2800/3125 | loss 3.5196 | acc 0.310 | lr 1.73e-04
  iter  2850/3125 | loss 3.4381 | acc 0.310 | lr 1.74e-04
  iter  2900/3125 | loss 3.2234 | acc 0.311 | lr 1.74e-04
  iter  2950/3125 | loss 3.6705 | acc 0.311 | lr 1.74e-04
  iter  3000/3125 | loss 3.5756 | acc 0.311 | lr 1.75e-04
  iter  3050/3125 | loss 3.2412 | acc 0.311 | lr 1.75e-04
  iter  3100/3125 | loss 3.1296 | acc 0.311 | lr 1.75e-04
[Epoch 007] Train loss=3.4203, acc=0.3111 | opt_steps=3125
[Epoch 007] Val   loss=3.8456, acc=0.1938, lr=1.75e-04
  🌟 New best saved @ lstm5_attn_dwt_best.pth (acc=0.1938)
  iter    50/3125 | loss 3.2467 | acc 0.349 | lr 1.76e-04
  iter   100/3125 | loss 2.8827 | acc 0.357 | lr 1.76e-04
  iter   150/3125 | loss 3.4505 | acc 0.352 | lr 1.76e-04
  iter   200/3125 | loss 3.5527 | acc 0.351 | lr 1.77e-04
  iter   250/3125 | loss 3.2839 | acc 0.354 | lr 1.77e-04
  iter   300/3125 | loss 3.0875 | acc 0.351 | lr 1.77e-04
  iter   350/3125 | loss 3.2283 | acc 0.351 | lr 1.78e-04
  iter   400/3125 | loss 3.2726 | acc 0.349 | lr 1.78e-04
  iter   450/3125 | loss 2.7726 | acc 0.348 | lr 1.78e-04
  iter   500/3125 | loss 3.2256 | acc 0.347 | lr 1.79e-04
  iter   550/3125 | loss 2.9074 | acc 0.350 | lr 1.79e-04
  iter   600/3125 | loss 3.3899 | acc 0.349 | lr 1.79e-04
  iter   650/3125 | loss 3.2297 | acc 0.348 | lr 1.80e-04
  iter   700/3125 | loss 3.0153 | acc 0.347 | lr 1.80e-04
  iter   750/3125 | loss 2.8987 | acc 0.347 | lr 1.80e-04
  iter   800/3125 | loss 3.0321 | acc 0.348 | lr 1.81e-04
  iter   850/3125 | loss 2.8581 | acc 0.348 | lr 1.81e-04
  iter   900/3125 | loss 3.3285 | acc 0.348 | lr 1.81e-04
  iter   950/3125 | loss 3.5495 | acc 0.348 | lr 1.82e-04
  iter  1000/3125 | loss 3.7901 | acc 0.347 | lr 1.82e-04
  iter  1050/3125 | loss 3.3660 | acc 0.346 | lr 1.82e-04
  iter  1100/3125 | loss 3.2578 | acc 0.345 | lr 1.83e-04
  iter  1150/3125 | loss 3.7209 | acc 0.345 | lr 1.83e-04
  iter  1200/3125 | loss 3.4100 | acc 0.344 | lr 1.83e-04
  iter  1250/3125 | loss 3.4897 | acc 0.345 | lr 1.84e-04
  iter  1300/3125 | loss 3.3765 | acc 0.345 | lr 1.84e-04
  iter  1350/3125 | loss 3.5564 | acc 0.344 | lr 1.84e-04
  iter  1400/3125 | loss 3.2526 | acc 0.344 | lr 1.85e-04
  iter  1450/3125 | loss 3.6160 | acc 0.345 | lr 1.85e-04
  iter  1500/3125 | loss 3.8103 | acc 0.344 | lr 1.85e-04
  iter  1550/3125 | loss 3.0259 | acc 0.344 | lr 1.86e-04
  iter  1600/3125 | loss 3.0728 | acc 0.344 | lr 1.86e-04
  iter  1650/3125 | loss 3.3825 | acc 0.344 | lr 1.86e-04
  iter  1700/3125 | loss 3.4705 | acc 0.344 | lr 1.87e-04
  iter  1750/3125 | loss 3.0206 | acc 0.344 | lr 1.87e-04
  iter  1800/3125 | loss 3.1317 | acc 0.343 | lr 1.87e-04
  iter  1850/3125 | loss 3.5325 | acc 0.343 | lr 1.88e-04
  iter  1900/3125 | loss 3.0855 | acc 0.343 | lr 1.88e-04
  iter  1950/3125 | loss 3.0495 | acc 0.343 | lr 1.88e-04
  iter  2000/3125 | loss 2.8510 | acc 0.343 | lr 1.89e-04
  iter  2050/3125 | loss 2.9696 | acc 0.344 | lr 1.89e-04
  iter  2100/3125 | loss 3.0939 | acc 0.344 | lr 1.89e-04
  iter  2150/3125 | loss 3.3916 | acc 0.344 | lr 1.90e-04
  iter  2200/3125 | loss 2.8434 | acc 0.344 | lr 1.90e-04
  iter  2250/3125 | loss 2.8218 | acc 0.344 | lr 1.90e-04
  iter  2300/3125 | loss 3.5172 | acc 0.344 | lr 1.91e-04
  iter  2350/3125 | loss 3.0350 | acc 0.344 | lr 1.91e-04
  iter  2400/3125 | loss 2.8170 | acc 0.345 | lr 1.91e-04
  iter  2450/3125 | loss 3.2604 | acc 0.345 | lr 1.92e-04
  iter  2500/3125 | loss 2.9946 | acc 0.345 | lr 1.92e-04
  iter  2550/3125 | loss 3.1708 | acc 0.345 | lr 1.92e-04
  iter  2600/3125 | loss 3.7207 | acc 0.346 | lr 1.93e-04
  iter  2650/3125 | loss 3.2668 | acc 0.345 | lr 1.93e-04
  iter  2700/3125 | loss 3.4147 | acc 0.345 | lr 1.93e-04
  iter  2750/3125 | loss 2.9124 | acc 0.345 | lr 1.94e-04
  iter  2800/3125 | loss 2.6833 | acc 0.345 | lr 1.94e-04
  iter  2850/3125 | loss 3.4044 | acc 0.345 | lr 1.94e-04
  iter  2900/3125 | loss 2.9505 | acc 0.346 | lr 1.95e-04
  iter  2950/3125 | loss 3.0205 | acc 0.346 | lr 1.95e-04
  iter  3000/3125 | loss 2.9584 | acc 0.346 | lr 1.95e-04
  iter  3050/3125 | loss 3.7276 | acc 0.346 | lr 1.96e-04
  iter  3100/3125 | loss 3.2719 | acc 0.346 | lr 1.96e-04
[Epoch 008] Train loss=3.2656, acc=0.3459 | opt_steps=3125
[Epoch 008] Val   loss=3.5636, acc=0.2356, lr=1.96e-04
  🌟 New best saved @ lstm5_attn_dwt_best.pth (acc=0.2356)
  iter    50/3125 | loss 2.7197 | acc 0.378 | lr 1.96e-04
  iter   100/3125 | loss 2.9051 | acc 0.383 | lr 1.97e-04
  iter   150/3125 | loss 3.5926 | acc 0.375 | lr 1.97e-04
  iter   200/3125 | loss 3.0359 | acc 0.378 | lr 1.97e-04
  iter   250/3125 | loss 3.2513 | acc 0.375 | lr 1.98e-04
  iter   300/3125 | loss 3.2228 | acc 0.376 | lr 1.98e-04
  iter   350/3125 | loss 3.2113 | acc 0.377 | lr 1.98e-04
  iter   400/3125 | loss 2.9868 | acc 0.379 | lr 1.99e-04
  iter   450/3125 | loss 2.6902 | acc 0.379 | lr 1.99e-04
  iter   500/3125 | loss 2.9650 | acc 0.380 | lr 1.99e-04
  iter   550/3125 | loss 3.2378 | acc 0.380 | lr 2.00e-04
  iter   600/3125 | loss 3.5033 | acc 0.380 | lr 2.00e-04
  iter   650/3125 | loss 2.8673 | acc 0.380 | lr 2.00e-04
  iter   700/3125 | loss 2.7344 | acc 0.380 | lr 2.01e-04
  iter   750/3125 | loss 3.0636 | acc 0.382 | lr 2.01e-04
  iter   800/3125 | loss 3.2307 | acc 0.381 | lr 2.01e-04
  iter   850/3125 | loss 3.3963 | acc 0.380 | lr 2.02e-04
  iter   900/3125 | loss 3.1825 | acc 0.380 | lr 2.02e-04
  iter   950/3125 | loss 2.9374 | acc 0.380 | lr 2.02e-04
  iter  1000/3125 | loss 3.9879 | acc 0.380 | lr 2.03e-04
  iter  1050/3125 | loss 2.7549 | acc 0.380 | lr 2.03e-04
  iter  1100/3125 | loss 2.7538 | acc 0.381 | lr 2.03e-04
  iter  1150/3125 | loss 2.9079 | acc 0.381 | lr 2.04e-04
  iter  1200/3125 | loss 3.0529 | acc 0.381 | lr 2.04e-04
  iter  1250/3125 | loss 3.2004 | acc 0.381 | lr 2.04e-04
  iter  1300/3125 | loss 3.3253 | acc 0.381 | lr 2.05e-04
  iter  1350/3125 | loss 2.8253 | acc 0.381 | lr 2.05e-04
  iter  1400/3125 | loss 2.9311 | acc 0.381 | lr 2.05e-04
  iter  1450/3125 | loss 3.2957 | acc 0.381 | lr 2.06e-04
  iter  1500/3125 | loss 3.4806 | acc 0.380 | lr 2.06e-04
  iter  1550/3125 | loss 3.0043 | acc 0.380 | lr 2.06e-04
  iter  1600/3125 | loss 2.9475 | acc 0.380 | lr 2.07e-04
  iter  1650/3125 | loss 2.9316 | acc 0.381 | lr 2.07e-04
  iter  1700/3125 | loss 3.5802 | acc 0.381 | lr 2.07e-04
  iter  1750/3125 | loss 2.9715 | acc 0.381 | lr 2.08e-04
  iter  1800/3125 | loss 3.2633 | acc 0.381 | lr 2.08e-04
  iter  1850/3125 | loss 3.0393 | acc 0.381 | lr 2.08e-04
  iter  1900/3125 | loss 3.2446 | acc 0.380 | lr 2.09e-04
  iter  1950/3125 | loss 3.2377 | acc 0.379 | lr 2.09e-04
  iter  2000/3125 | loss 3.5525 | acc 0.379 | lr 2.09e-04
  iter  2050/3125 | loss 3.4589 | acc 0.379 | lr 2.10e-04
  iter  2100/3125 | loss 3.0611 | acc 0.379 | lr 2.10e-04
  iter  2150/3125 | loss 3.6085 | acc 0.379 | lr 2.10e-04
  iter  2200/3125 | loss 3.0392 | acc 0.380 | lr 2.11e-04
  iter  2250/3125 | loss 3.3796 | acc 0.379 | lr 2.11e-04
  iter  2300/3125 | loss 3.2069 | acc 0.379 | lr 2.11e-04
  iter  2350/3125 | loss 3.3411 | acc 0.379 | lr 2.12e-04
  iter  2400/3125 | loss 3.4089 | acc 0.379 | lr 2.12e-04
  iter  2450/3125 | loss 3.2671 | acc 0.379 | lr 2.12e-04
  iter  2500/3125 | loss 2.8999 | acc 0.379 | lr 2.13e-04
  iter  2550/3125 | loss 3.2305 | acc 0.378 | lr 2.13e-04
  iter  2600/3125 | loss 2.8811 | acc 0.378 | lr 2.13e-04
  iter  2650/3125 | loss 3.2473 | acc 0.378 | lr 2.14e-04
  iter  2700/3125 | loss 2.8405 | acc 0.379 | lr 2.14e-04
  iter  2750/3125 | loss 3.2675 | acc 0.378 | lr 2.14e-04
  iter  2800/3125 | loss 3.1172 | acc 0.379 | lr 2.15e-04
  iter  2850/3125 | loss 3.1661 | acc 0.379 | lr 2.15e-04
  iter  2900/3125 | loss 3.3622 | acc 0.379 | lr 2.15e-04
  iter  2950/3125 | loss 2.8866 | acc 0.379 | lr 2.16e-04
  iter  3000/3125 | loss 2.5028 | acc 0.378 | lr 2.16e-04
  iter  3050/3125 | loss 2.9178 | acc 0.378 | lr 2.16e-04
  iter  3100/3125 | loss 3.1149 | acc 0.378 | lr 2.17e-04
[Epoch 009] Train loss=3.1241, acc=0.3780 | opt_steps=3125
[Epoch 009] Val   loss=3.3179, acc=0.2775, lr=2.17e-04
  🌟 New best saved @ lstm5_attn_dwt_best.pth (acc=0.2775)
  iter    50/3125 | loss 3.0995 | acc 0.440 | lr 2.17e-04
  iter   100/3125 | loss 2.7032 | acc 0.436 | lr 2.18e-04
  iter   150/3125 | loss 2.7683 | acc 0.425 | lr 2.18e-04
  iter   200/3125 | loss 3.1689 | acc 0.421 | lr 2.18e-04
  iter   250/3125 | loss 2.8548 | acc 0.420 | lr 2.19e-04
  iter   300/3125 | loss 2.9662 | acc 0.418 | lr 2.19e-04
  iter   350/3125 | loss 3.0322 | acc 0.415 | lr 2.19e-04
  iter   400/3125 | loss 2.7897 | acc 0.416 | lr 2.20e-04
  iter   450/3125 | loss 2.8298 | acc 0.414 | lr 2.20e-04
  iter   500/3125 | loss 3.0518 | acc 0.414 | lr 2.20e-04
  iter   550/3125 | loss 2.8615 | acc 0.414 | lr 2.21e-04
  iter   600/3125 | loss 2.9659 | acc 0.414 | lr 2.21e-04
  iter   650/3125 | loss 2.9692 | acc 0.414 | lr 2.21e-04
  iter   700/3125 | loss 2.9401 | acc 0.415 | lr 2.22e-04
  iter   750/3125 | loss 3.1388 | acc 0.415 | lr 2.22e-04
  iter   800/3125 | loss 3.2799 | acc 0.414 | lr 2.22e-04
  iter   850/3125 | loss 2.6837 | acc 0.414 | lr 2.23e-04
  iter   900/3125 | loss 3.1059 | acc 0.414 | lr 2.23e-04
  iter   950/3125 | loss 3.0669 | acc 0.413 | lr 2.23e-04
  iter  1000/3125 | loss 2.8256 | acc 0.413 | lr 2.24e-04
  iter  1050/3125 | loss 2.9145 | acc 0.413 | lr 2.24e-04
  iter  1100/3125 | loss 2.8893 | acc 0.414 | lr 2.24e-04
  iter  1150/3125 | loss 3.0277 | acc 0.414 | lr 2.25e-04
  iter  1200/3125 | loss 2.7392 | acc 0.414 | lr 2.25e-04
  iter  1250/3125 | loss 3.0748 | acc 0.414 | lr 2.25e-04
  iter  1300/3125 | loss 2.6682 | acc 0.415 | lr 2.26e-04
  iter  1350/3125 | loss 3.0886 | acc 0.414 | lr 2.26e-04
  iter  1400/3125 | loss 2.7653 | acc 0.414 | lr 2.26e-04
  iter  1450/3125 | loss 3.1161 | acc 0.413 | lr 2.27e-04
  iter  1500/3125 | loss 3.2894 | acc 0.413 | lr 2.27e-04
  iter  1550/3125 | loss 3.0057 | acc 0.412 | lr 2.27e-04
  iter  1600/3125 | loss 2.8798 | acc 0.411 | lr 2.28e-04
  iter  1650/3125 | loss 2.7223 | acc 0.411 | lr 2.28e-04
  iter  1700/3125 | loss 2.8566 | acc 0.411 | lr 2.28e-04
  iter  1750/3125 | loss 3.0791 | acc 0.411 | lr 2.29e-04
  iter  1800/3125 | loss 2.4667 | acc 0.411 | lr 2.29e-04
  iter  1850/3125 | loss 3.4337 | acc 0.411 | lr 2.29e-04
  iter  1900/3125 | loss 2.9849 | acc 0.409 | lr 2.30e-04
  iter  1950/3125 | loss 3.2081 | acc 0.409 | lr 2.30e-04
  iter  2000/3125 | loss 3.1259 | acc 0.409 | lr 2.30e-04
  iter  2050/3125 | loss 2.8182 | acc 0.409 | lr 2.31e-04
  iter  2100/3125 | loss 3.2390 | acc 0.409 | lr 2.31e-04
  iter  2150/3125 | loss 2.9994 | acc 0.410 | lr 2.31e-04
  iter  2200/3125 | loss 2.9948 | acc 0.410 | lr 2.32e-04
  iter  2250/3125 | loss 2.8629 | acc 0.410 | lr 2.32e-04
  iter  2300/3125 | loss 3.3324 | acc 0.410 | lr 2.32e-04
  iter  2350/3125 | loss 3.3441 | acc 0.410 | lr 2.33e-04
  iter  2400/3125 | loss 2.9550 | acc 0.410 | lr 2.33e-04
  iter  2450/3125 | loss 2.7579 | acc 0.410 | lr 2.33e-04
  iter  2500/3125 | loss 2.8789 | acc 0.410 | lr 2.34e-04
  iter  2550/3125 | loss 3.0994 | acc 0.410 | lr 2.34e-04
  iter  2600/3125 | loss 2.7974 | acc 0.410 | lr 2.34e-04
  iter  2650/3125 | loss 3.4609 | acc 0.410 | lr 2.35e-04
  iter  2700/3125 | loss 3.0688 | acc 0.410 | lr 2.35e-04
  iter  2750/3125 | loss 3.1396 | acc 0.409 | lr 2.35e-04
  iter  2800/3125 | loss 2.7360 | acc 0.409 | lr 2.36e-04
  iter  2850/3125 | loss 3.4483 | acc 0.409 | lr 2.36e-04
  iter  2900/3125 | loss 3.0635 | acc 0.409 | lr 2.36e-04
  iter  2950/3125 | loss 2.8625 | acc 0.408 | lr 2.37e-04
  iter  3000/3125 | loss 2.7834 | acc 0.409 | lr 2.37e-04
  iter  3050/3125 | loss 3.0440 | acc 0.408 | lr 2.37e-04
  iter  3100/3125 | loss 3.0840 | acc 0.408 | lr 2.38e-04
[Epoch 010] Train loss=2.9969, acc=0.4083 | opt_steps=3125
[Epoch 010] Val   loss=3.1107, acc=0.3079, lr=2.38e-04
  🌟 New best saved @ lstm5_attn_dwt_best.pth (acc=0.3079)
  iter    50/3125 | loss 2.5777 | acc 0.451 | lr 2.38e-04
  iter   100/3125 | loss 2.6562 | acc 0.456 | lr 2.38e-04
  iter   150/3125 | loss 1.9579 | acc 0.458 | lr 2.39e-04
  iter   200/3125 | loss 3.5218 | acc 0.457 | lr 2.39e-04
  iter   250/3125 | loss 2.8054 | acc 0.458 | lr 2.39e-04
  iter   300/3125 | loss 3.1254 | acc 0.457 | lr 2.40e-04
  iter   350/3125 | loss 2.5896 | acc 0.453 | lr 2.40e-04
  iter   400/3125 | loss 2.5228 | acc 0.454 | lr 2.40e-04
  iter   450/3125 | loss 2.9424 | acc 0.455 | lr 2.41e-04
  iter   500/3125 | loss 3.4081 | acc 0.455 | lr 2.41e-04
  iter   550/3125 | loss 2.5395 | acc 0.453 | lr 2.41e-04
  iter   600/3125 | loss 3.0383 | acc 0.452 | lr 2.42e-04
  iter   650/3125 | loss 2.8658 | acc 0.452 | lr 2.42e-04
  iter   700/3125 | loss 2.7090 | acc 0.452 | lr 2.42e-04
  iter   750/3125 | loss 3.3105 | acc 0.452 | lr 2.43e-04
  iter   800/3125 | loss 2.7800 | acc 0.451 | lr 2.43e-04
  iter   850/3125 | loss 2.8298 | acc 0.451 | lr 2.43e-04
  iter   900/3125 | loss 2.8391 | acc 0.451 | lr 2.44e-04
  iter   950/3125 | loss 2.9660 | acc 0.450 | lr 2.44e-04
  iter  1000/3125 | loss 2.7772 | acc 0.449 | lr 2.44e-04
  iter  1050/3125 | loss 3.1007 | acc 0.450 | lr 2.45e-04
  iter  1100/3125 | loss 2.5090 | acc 0.449 | lr 2.45e-04
  iter  1150/3125 | loss 3.0797 | acc 0.448 | lr 2.45e-04
  iter  1200/3125 | loss 3.1076 | acc 0.447 | lr 2.46e-04
  iter  1250/3125 | loss 2.7697 | acc 0.447 | lr 2.46e-04
  iter  1300/3125 | loss 2.8627 | acc 0.446 | lr 2.46e-04
  iter  1350/3125 | loss 3.0855 | acc 0.446 | lr 2.47e-04
  iter  1400/3125 | loss 3.1628 | acc 0.445 | lr 2.47e-04
  iter  1450/3125 | loss 2.9901 | acc 0.445 | lr 2.47e-04
  iter  1500/3125 | loss 3.6691 | acc 0.445 | lr 2.48e-04
  iter  1550/3125 | loss 2.5276 | acc 0.444 | lr 2.48e-04
  iter  1600/3125 | loss 3.0363 | acc 0.444 | lr 2.48e-04
  iter  1650/3125 | loss 2.9359 | acc 0.444 | lr 2.49e-04
  iter  1700/3125 | loss 2.6267 | acc 0.444 | lr 2.49e-04
  iter  1750/3125 | loss 2.9876 | acc 0.443 | lr 2.49e-04
  iter  1800/3125 | loss 3.1656 | acc 0.443 | lr 2.50e-04
  iter  1850/3125 | loss 2.4949 | acc 0.443 | lr 2.50e-04
  iter  1900/3125 | loss 3.1837 | acc 0.443 | lr 2.50e-04
  iter  1950/3125 | loss 2.9010 | acc 0.442 | lr 2.51e-04
  iter  2000/3125 | loss 2.6575 | acc 0.442 | lr 2.51e-04
  iter  2050/3125 | loss 3.2656 | acc 0.442 | lr 2.51e-04
  iter  2100/3125 | loss 2.1692 | acc 0.442 | lr 2.52e-04
  iter  2150/3125 | loss 2.6702 | acc 0.442 | lr 2.52e-04
  iter  2200/3125 | loss 2.7966 | acc 0.441 | lr 2.52e-04
  iter  2250/3125 | loss 3.3126 | acc 0.442 | lr 2.53e-04
  iter  2300/3125 | loss 3.1000 | acc 0.441 | lr 2.53e-04
  iter  2350/3125 | loss 2.7508 | acc 0.441 | lr 2.53e-04
  iter  2400/3125 | loss 2.7803 | acc 0.441 | lr 2.54e-04
  iter  2450/3125 | loss 3.5133 | acc 0.440 | lr 2.54e-04
  iter  2500/3125 | loss 2.8543 | acc 0.440 | lr 2.54e-04
  iter  2550/3125 | loss 2.5470 | acc 0.439 | lr 2.55e-04
  iter  2600/3125 | loss 2.7074 | acc 0.439 | lr 2.55e-04
  iter  2650/3125 | loss 2.5732 | acc 0.439 | lr 2.55e-04
  iter  2700/3125 | loss 3.2236 | acc 0.440 | lr 2.56e-04
  iter  2750/3125 | loss 2.9379 | acc 0.440 | lr 2.56e-04
  iter  2800/3125 | loss 2.9440 | acc 0.439 | lr 2.56e-04
  iter  2850/3125 | loss 3.0378 | acc 0.439 | lr 2.57e-04
  iter  2900/3125 | loss 3.1064 | acc 0.439 | lr 2.57e-04
  iter  2950/3125 | loss 3.0031 | acc 0.439 | lr 2.57e-04
  iter  3000/3125 | loss 2.5208 | acc 0.439 | lr 2.58e-04
  iter  3050/3125 | loss 2.7980 | acc 0.438 | lr 2.58e-04
  iter  3100/3125 | loss 2.9267 | acc 0.438 | lr 2.58e-04
[Epoch 011] Train loss=2.8765, acc=0.4383 | opt_steps=3125
[Epoch 011] Val   loss=2.9349, acc=0.3373, lr=2.58e-04
  🌟 New best saved @ lstm5_attn_dwt_best.pth (acc=0.3373)
  iter    50/3125 | loss 2.7825 | acc 0.507 | lr 2.59e-04
  iter   100/3125 | loss 2.3735 | acc 0.502 | lr 2.59e-04
  iter   150/3125 | loss 2.5446 | acc 0.499 | lr 2.59e-04
  iter   200/3125 | loss 2.5081 | acc 0.498 | lr 2.60e-04
  iter   250/3125 | loss 2.8161 | acc 0.493 | lr 2.60e-04
  iter   300/3125 | loss 2.8286 | acc 0.488 | lr 2.60e-04
  iter   350/3125 | loss 3.0420 | acc 0.484 | lr 2.61e-04
  iter   400/3125 | loss 2.7001 | acc 0.485 | lr 2.61e-04
  iter   450/3125 | loss 3.1608 | acc 0.485 | lr 2.61e-04
  iter   500/3125 | loss 2.9156 | acc 0.484 | lr 2.62e-04
  iter   550/3125 | loss 2.6946 | acc 0.483 | lr 2.62e-04
  iter   600/3125 | loss 3.0460 | acc 0.482 | lr 2.62e-04
  iter   650/3125 | loss 3.0978 | acc 0.480 | lr 2.63e-04
  iter   700/3125 | loss 2.6191 | acc 0.480 | lr 2.63e-04
  iter   750/3125 | loss 2.9459 | acc 0.480 | lr 2.63e-04
  iter   800/3125 | loss 2.7628 | acc 0.478 | lr 2.64e-04
  iter   850/3125 | loss 2.8358 | acc 0.478 | lr 2.64e-04
  iter   900/3125 | loss 3.1444 | acc 0.478 | lr 2.64e-04
  iter   950/3125 | loss 2.6245 | acc 0.477 | lr 2.65e-04
  iter  1000/3125 | loss 2.7458 | acc 0.477 | lr 2.65e-04
  iter  1050/3125 | loss 2.7606 | acc 0.477 | lr 2.65e-04
  iter  1100/3125 | loss 2.9932 | acc 0.478 | lr 2.66e-04
  iter  1150/3125 | loss 2.9745 | acc 0.476 | lr 2.66e-04
  iter  1200/3125 | loss 2.4145 | acc 0.476 | lr 2.66e-04
  iter  1250/3125 | loss 2.4797 | acc 0.476 | lr 2.67e-04
  iter  1300/3125 | loss 3.2639 | acc 0.476 | lr 2.67e-04
  iter  1350/3125 | loss 2.4050 | acc 0.475 | lr 2.67e-04
  iter  1400/3125 | loss 2.5204 | acc 0.475 | lr 2.68e-04
  iter  1450/3125 | loss 2.4359 | acc 0.474 | lr 2.68e-04
  iter  1500/3125 | loss 3.1484 | acc 0.474 | lr 2.68e-04
  iter  1550/3125 | loss 2.9026 | acc 0.473 | lr 2.69e-04
  iter  1600/3125 | loss 2.3530 | acc 0.473 | lr 2.69e-04
  iter  1650/3125 | loss 3.1141 | acc 0.472 | lr 2.69e-04
  iter  1700/3125 | loss 2.6240 | acc 0.472 | lr 2.70e-04
  iter  1750/3125 | loss 2.7773 | acc 0.471 | lr 2.70e-04
  iter  1800/3125 | loss 3.2380 | acc 0.471 | lr 2.70e-04
  iter  1850/3125 | loss 2.7282 | acc 0.471 | lr 2.71e-04
  iter  1900/3125 | loss 2.9165 | acc 0.470 | lr 2.71e-04
  iter  1950/3125 | loss 3.0503 | acc 0.470 | lr 2.71e-04
  iter  2000/3125 | loss 2.1435 | acc 0.470 | lr 2.72e-04
  iter  2050/3125 | loss 2.7140 | acc 0.470 | lr 2.72e-04
  iter  2100/3125 | loss 2.8786 | acc 0.470 | lr 2.72e-04
  iter  2150/3125 | loss 3.2425 | acc 0.470 | lr 2.73e-04
  iter  2200/3125 | loss 2.3300 | acc 0.470 | lr 2.73e-04
  iter  2250/3125 | loss 2.8419 | acc 0.469 | lr 2.73e-04
  iter  2300/3125 | loss 2.7300 | acc 0.469 | lr 2.74e-04
  iter  2350/3125 | loss 2.6912 | acc 0.468 | lr 2.74e-04
  iter  2400/3125 | loss 2.4675 | acc 0.468 | lr 2.74e-04
  iter  2450/3125 | loss 3.7070 | acc 0.468 | lr 2.75e-04
  iter  2500/3125 | loss 2.2247 | acc 0.468 | lr 2.75e-04
  iter  2550/3125 | loss 2.6121 | acc 0.467 | lr 2.75e-04
  iter  2600/3125 | loss 2.5300 | acc 0.467 | lr 2.76e-04
  iter  2650/3125 | loss 2.5752 | acc 0.467 | lr 2.76e-04
  iter  2700/3125 | loss 2.6943 | acc 0.467 | lr 2.76e-04
  iter  2750/3125 | loss 2.6211 | acc 0.467 | lr 2.77e-04
  iter  2800/3125 | loss 2.5838 | acc 0.466 | lr 2.77e-04
  iter  2850/3125 | loss 2.7435 | acc 0.466 | lr 2.77e-04
  iter  2900/3125 | loss 2.7783 | acc 0.466 | lr 2.78e-04
  iter  2950/3125 | loss 2.3776 | acc 0.466 | lr 2.78e-04
  iter  3000/3125 | loss 3.0585 | acc 0.466 | lr 2.78e-04
  iter  3050/3125 | loss 2.4999 | acc 0.466 | lr 2.79e-04
  iter  3100/3125 | loss 2.4045 | acc 0.466 | lr 2.79e-04
[Epoch 012] Train loss=2.7627, acc=0.4663 | opt_steps=3125
[Epoch 012] Val   loss=2.7891, acc=0.3621, lr=2.79e-04
  🌟 New best saved @ lstm5_attn_dwt_best.pth (acc=0.3621)
  iter    50/3125 | loss 2.6672 | acc 0.517 | lr 2.80e-04
  iter   100/3125 | loss 2.3329 | acc 0.511 | lr 2.80e-04
  iter   150/3125 | loss 2.5940 | acc 0.514 | lr 2.80e-04
  iter   200/3125 | loss 2.5652 | acc 0.520 | lr 2.81e-04
  iter   250/3125 | loss 2.6115 | acc 0.517 | lr 2.81e-04
  iter   300/3125 | loss 3.2588 | acc 0.520 | lr 2.81e-04
  iter   350/3125 | loss 2.6517 | acc 0.521 | lr 2.82e-04
  iter   400/3125 | loss 2.2161 | acc 0.519 | lr 2.82e-04
  iter   450/3125 | loss 2.0842 | acc 0.517 | lr 2.82e-04
  iter   500/3125 | loss 2.2731 | acc 0.516 | lr 2.83e-04
  iter   550/3125 | loss 2.5157 | acc 0.517 | lr 2.83e-04
  iter   600/3125 | loss 2.4020 | acc 0.517 | lr 2.83e-04
  iter   650/3125 | loss 2.4390 | acc 0.517 | lr 2.84e-04
  iter   700/3125 | loss 2.7187 | acc 0.517 | lr 2.84e-04
  iter   750/3125 | loss 2.9888 | acc 0.517 | lr 2.84e-04
  iter   800/3125 | loss 3.0325 | acc 0.516 | lr 2.85e-04
  iter   850/3125 | loss 2.5669 | acc 0.514 | lr 2.85e-04
  iter   900/3125 | loss 2.8719 | acc 0.513 | lr 2.85e-04
  iter   950/3125 | loss 3.1893 | acc 0.512 | lr 2.86e-04
  iter  1000/3125 | loss 2.6109 | acc 0.512 | lr 2.86e-04
  iter  1050/3125 | loss 3.1811 | acc 0.512 | lr 2.86e-04
  iter  1100/3125 | loss 2.6911 | acc 0.511 | lr 2.87e-04
  iter  1150/3125 | loss 2.7719 | acc 0.510 | lr 2.87e-04
  iter  1200/3125 | loss 2.1738 | acc 0.509 | lr 2.87e-04
  iter  1250/3125 | loss 2.4669 | acc 0.508 | lr 2.88e-04
  iter  1300/3125 | loss 2.8660 | acc 0.508 | lr 2.88e-04
  iter  1350/3125 | loss 2.5754 | acc 0.507 | lr 2.88e-04
  iter  1400/3125 | loss 2.4882 | acc 0.506 | lr 2.89e-04
  iter  1450/3125 | loss 2.5926 | acc 0.506 | lr 2.89e-04
  iter  1500/3125 | loss 2.7881 | acc 0.506 | lr 2.89e-04
  iter  1550/3125 | loss 2.6327 | acc 0.505 | lr 2.90e-04
  iter  1600/3125 | loss 2.9980 | acc 0.504 | lr 2.90e-04
  iter  1650/3125 | loss 2.6912 | acc 0.504 | lr 2.90e-04
  iter  1700/3125 | loss 2.7423 | acc 0.504 | lr 2.91e-04
  iter  1750/3125 | loss 2.8059 | acc 0.503 | lr 2.91e-04
  iter  1800/3125 | loss 2.7975 | acc 0.502 | lr 2.91e-04
  iter  1850/3125 | loss 2.8303 | acc 0.501 | lr 2.92e-04
  iter  1900/3125 | loss 2.4468 | acc 0.501 | lr 2.92e-04
  iter  1950/3125 | loss 2.9053 | acc 0.501 | lr 2.92e-04
  iter  2000/3125 | loss 2.5493 | acc 0.501 | lr 2.93e-04
  iter  2050/3125 | loss 2.9184 | acc 0.500 | lr 2.93e-04
  iter  2100/3125 | loss 2.6535 | acc 0.500 | lr 2.93e-04
  iter  2150/3125 | loss 2.6409 | acc 0.500 | lr 2.94e-04
  iter  2200/3125 | loss 2.7584 | acc 0.500 | lr 2.94e-04
  iter  2250/3125 | loss 2.2847 | acc 0.499 | lr 2.94e-04
  iter  2300/3125 | loss 2.5003 | acc 0.499 | lr 2.95e-04
  iter  2350/3125 | loss 2.5303 | acc 0.499 | lr 2.95e-04
  iter  2400/3125 | loss 3.1668 | acc 0.498 | lr 2.95e-04
  iter  2450/3125 | loss 2.6749 | acc 0.498 | lr 2.96e-04
  iter  2500/3125 | loss 2.4676 | acc 0.498 | lr 2.96e-04
  iter  2550/3125 | loss 2.5778 | acc 0.497 | lr 2.96e-04
  iter  2600/3125 | loss 2.0875 | acc 0.497 | lr 2.97e-04
  iter  2650/3125 | loss 2.8256 | acc 0.497 | lr 2.97e-04
  iter  2700/3125 | loss 2.9346 | acc 0.497 | lr 2.97e-04
  iter  2750/3125 | loss 2.6138 | acc 0.496 | lr 2.98e-04
  iter  2800/3125 | loss 2.6655 | acc 0.496 | lr 2.98e-04
  iter  2850/3125 | loss 2.9844 | acc 0.496 | lr 2.98e-04
  iter  2900/3125 | loss 2.4582 | acc 0.495 | lr 2.99e-04
  iter  2950/3125 | loss 3.1351 | acc 0.495 | lr 2.99e-04
  iter  3000/3125 | loss 2.6059 | acc 0.494 | lr 2.99e-04
  iter  3050/3125 | loss 2.6752 | acc 0.494 | lr 3.00e-04
  iter  3100/3125 | loss 2.7644 | acc 0.493 | lr 3.00e-04
E:\miniconda3\envs\vixlpy39\lib\site-packages\torch\optim\lr_scheduler.py:209: UserWarning: The epoch parameter in `scheduler.step()` was not necessary and is being deprecated where possible. Please use `scheduler.step()` to step the scheduler. During the deprecation, if epoch is different from None, the closed form is used instead of the new chainable form, where available. Please open an issue if you are unable to replicate your use case: https://github.com/pytorch/pytorch/issues/new/choose.
  warnings.warn(EPOCH_DEPRECATION_WARNING, UserWarning)
[Epoch 013] Train loss=2.6584, acc=0.4935 | opt_steps=3125
[Epoch 013] Val   loss=2.6657, acc=0.3837, lr=3.00e-04
  🌟 New best saved @ lstm5_attn_dwt_best.pth (acc=0.3837)
  iter    50/3125 | loss 2.4203 | acc 0.537 | lr 3.00e-04
  iter   100/3125 | loss 2.5750 | acc 0.541 | lr 3.00e-04
  iter   150/3125 | loss 2.4983 | acc 0.550 | lr 3.00e-04
  iter   200/3125 | loss 2.2715 | acc 0.551 | lr 3.00e-04
  iter   250/3125 | loss 2.1849 | acc 0.547 | lr 3.00e-04
  iter   300/3125 | loss 2.2422 | acc 0.549 | lr 3.00e-04
  iter   350/3125 | loss 2.8187 | acc 0.550 | lr 3.00e-04
  iter   400/3125 | loss 2.2303 | acc 0.552 | lr 3.00e-04
  iter   450/3125 | loss 2.4127 | acc 0.551 | lr 3.00e-04
  iter   500/3125 | loss 2.6128 | acc 0.551 | lr 3.00e-04
  iter   550/3125 | loss 2.7579 | acc 0.550 | lr 3.00e-04
  iter   600/3125 | loss 2.1278 | acc 0.548 | lr 3.00e-04
  iter   650/3125 | loss 2.8141 | acc 0.546 | lr 3.00e-04
  iter   700/3125 | loss 2.2435 | acc 0.543 | lr 3.00e-04
  iter   750/3125 | loss 3.0570 | acc 0.541 | lr 3.00e-04
  iter   800/3125 | loss 2.4537 | acc 0.540 | lr 3.00e-04
  iter   850/3125 | loss 2.4781 | acc 0.540 | lr 3.00e-04
  iter   900/3125 | loss 2.8828 | acc 0.539 | lr 3.00e-04
  iter   950/3125 | loss 2.7082 | acc 0.538 | lr 3.00e-04
  iter  1000/3125 | loss 2.2134 | acc 0.538 | lr 3.00e-04
  iter  1050/3125 | loss 2.7698 | acc 0.537 | lr 3.00e-04
  iter  1100/3125 | loss 2.5334 | acc 0.537 | lr 3.00e-04
  iter  1150/3125 | loss 2.4290 | acc 0.536 | lr 3.00e-04
  iter  1200/3125 | loss 2.2278 | acc 0.536 | lr 3.00e-04
  iter  1250/3125 | loss 2.5795 | acc 0.535 | lr 3.00e-04
  iter  1300/3125 | loss 2.7097 | acc 0.534 | lr 3.00e-04
  iter  1350/3125 | loss 2.6524 | acc 0.534 | lr 3.00e-04
  iter  1400/3125 | loss 2.4572 | acc 0.534 | lr 3.00e-04
  iter  1450/3125 | loss 2.5150 | acc 0.533 | lr 3.00e-04
  iter  1500/3125 | loss 2.6424 | acc 0.533 | lr 3.00e-04
  iter  1550/3125 | loss 2.2290 | acc 0.532 | lr 3.00e-04
  iter  1600/3125 | loss 2.4040 | acc 0.531 | lr 3.00e-04
  iter  1650/3125 | loss 2.3830 | acc 0.531 | lr 3.00e-04
  iter  1700/3125 | loss 2.3570 | acc 0.530 | lr 3.00e-04
  iter  1750/3125 | loss 2.3329 | acc 0.530 | lr 3.00e-04
  iter  1800/3125 | loss 2.6146 | acc 0.529 | lr 3.00e-04
  iter  1850/3125 | loss 2.3893 | acc 0.530 | lr 3.00e-04
  iter  1900/3125 | loss 2.6798 | acc 0.530 | lr 3.00e-04
  iter  1950/3125 | loss 2.7612 | acc 0.529 | lr 3.00e-04
  iter  2000/3125 | loss 1.9836 | acc 0.529 | lr 3.00e-04
  iter  2050/3125 | loss 2.6326 | acc 0.528 | lr 3.00e-04
  iter  2100/3125 | loss 2.4271 | acc 0.528 | lr 3.00e-04
  iter  2150/3125 | loss 2.2870 | acc 0.527 | lr 3.00e-04
  iter  2200/3125 | loss 3.2366 | acc 0.526 | lr 3.00e-04
  iter  2250/3125 | loss 2.9128 | acc 0.526 | lr 3.00e-04
  iter  2300/3125 | loss 2.4459 | acc 0.525 | lr 3.00e-04
  iter  2350/3125 | loss 2.2738 | acc 0.525 | lr 3.00e-04
  iter  2400/3125 | loss 2.8182 | acc 0.525 | lr 3.00e-04
  iter  2450/3125 | loss 2.6506 | acc 0.524 | lr 3.00e-04
  iter  2500/3125 | loss 2.7328 | acc 0.524 | lr 3.00e-04
  iter  2550/3125 | loss 2.7845 | acc 0.523 | lr 3.00e-04
  iter  2600/3125 | loss 2.5675 | acc 0.523 | lr 3.00e-04
  iter  2650/3125 | loss 3.0388 | acc 0.524 | lr 3.00e-04
  iter  2700/3125 | loss 2.7300 | acc 0.523 | lr 3.00e-04
  iter  2750/3125 | loss 2.9897 | acc 0.523 | lr 3.00e-04
  iter  2800/3125 | loss 2.4767 | acc 0.522 | lr 3.00e-04
  iter  2850/3125 | loss 2.7197 | acc 0.522 | lr 3.00e-04
  iter  2900/3125 | loss 2.5592 | acc 0.522 | lr 3.00e-04
  iter  2950/3125 | loss 2.7706 | acc 0.522 | lr 3.00e-04
  iter  3000/3125 | loss 2.3619 | acc 0.522 | lr 3.00e-04
  iter  3050/3125 | loss 2.5817 | acc 0.522 | lr 3.00e-04
  iter  3100/3125 | loss 2.4766 | acc 0.522 | lr 3.00e-04
[Epoch 014] Train loss=2.5429, acc=0.5213 | opt_steps=3125
[Epoch 014] Val   loss=2.5605, acc=0.4054, lr=3.00e-04
  🌟 New best saved @ lstm5_attn_dwt_best.pth (acc=0.4054)
  iter    50/3125 | loss 2.2649 | acc 0.617 | lr 3.00e-04
  iter   100/3125 | loss 2.1238 | acc 0.612 | lr 3.00e-04
  iter   150/3125 | loss 2.4406 | acc 0.603 | lr 3.00e-04
  iter   200/3125 | loss 2.6974 | acc 0.595 | lr 3.00e-04
  iter   250/3125 | loss 2.6155 | acc 0.596 | lr 3.00e-04
  iter   300/3125 | loss 2.3880 | acc 0.591 | lr 3.00e-04
  iter   350/3125 | loss 2.0768 | acc 0.589 | lr 3.00e-04
  iter   400/3125 | loss 1.9196 | acc 0.588 | lr 3.00e-04
  iter   450/3125 | loss 2.1434 | acc 0.585 | lr 3.00e-04
  iter   500/3125 | loss 2.2598 | acc 0.584 | lr 3.00e-04
  iter   550/3125 | loss 2.0614 | acc 0.585 | lr 3.00e-04
  iter   600/3125 | loss 2.3295 | acc 0.584 | lr 3.00e-04
  iter   650/3125 | loss 2.2283 | acc 0.584 | lr 3.00e-04
  iter   700/3125 | loss 2.5932 | acc 0.583 | lr 3.00e-04
  iter   750/3125 | loss 2.9594 | acc 0.583 | lr 3.00e-04
  iter   800/3125 | loss 2.3550 | acc 0.582 | lr 3.00e-04
  iter   850/3125 | loss 2.2026 | acc 0.582 | lr 3.00e-04
  iter   900/3125 | loss 2.4661 | acc 0.579 | lr 3.00e-04
  iter   950/3125 | loss 2.4691 | acc 0.578 | lr 3.00e-04
  iter  1000/3125 | loss 2.5077 | acc 0.576 | lr 3.00e-04
  iter  1050/3125 | loss 2.4628 | acc 0.575 | lr 3.00e-04
  iter  1100/3125 | loss 2.3555 | acc 0.575 | lr 3.00e-04
  iter  1150/3125 | loss 2.4362 | acc 0.575 | lr 3.00e-04
  iter  1200/3125 | loss 2.3228 | acc 0.575 | lr 3.00e-04
  iter  1250/3125 | loss 2.1839 | acc 0.574 | lr 3.00e-04
  iter  1300/3125 | loss 2.6961 | acc 0.573 | lr 3.00e-04
  iter  1350/3125 | loss 2.3279 | acc 0.572 | lr 3.00e-04
  iter  1400/3125 | loss 2.4066 | acc 0.572 | lr 3.00e-04
  iter  1450/3125 | loss 2.2092 | acc 0.571 | lr 3.00e-04
  iter  1500/3125 | loss 2.8906 | acc 0.570 | lr 3.00e-04
  iter  1550/3125 | loss 2.2764 | acc 0.570 | lr 3.00e-04
  iter  1600/3125 | loss 2.2944 | acc 0.569 | lr 3.00e-04
  iter  1650/3125 | loss 2.2906 | acc 0.569 | lr 3.00e-04
  iter  1700/3125 | loss 2.3557 | acc 0.568 | lr 3.00e-04
  iter  1750/3125 | loss 2.3643 | acc 0.567 | lr 3.00e-04
  iter  1800/3125 | loss 2.5013 | acc 0.567 | lr 3.00e-04
  iter  1850/3125 | loss 2.4182 | acc 0.566 | lr 3.00e-04
  iter  1900/3125 | loss 2.9308 | acc 0.566 | lr 3.00e-04
  iter  1950/3125 | loss 1.9970 | acc 0.566 | lr 3.00e-04
  iter  2000/3125 | loss 2.4484 | acc 0.566 | lr 3.00e-04
  iter  2050/3125 | loss 2.5698 | acc 0.565 | lr 3.00e-04
  iter  2100/3125 | loss 2.7813 | acc 0.565 | lr 3.00e-04
  iter  2150/3125 | loss 1.9342 | acc 0.564 | lr 3.00e-04
  iter  2200/3125 | loss 2.2111 | acc 0.564 | lr 3.00e-04
  iter  2250/3125 | loss 2.2502 | acc 0.563 | lr 3.00e-04
  iter  2300/3125 | loss 2.3961 | acc 0.562 | lr 3.00e-04
  iter  2350/3125 | loss 2.1360 | acc 0.562 | lr 3.00e-04
  iter  2400/3125 | loss 2.2037 | acc 0.562 | lr 3.00e-04
  iter  2450/3125 | loss 1.6942 | acc 0.562 | lr 3.00e-04
  iter  2500/3125 | loss 2.0497 | acc 0.561 | lr 3.00e-04
  iter  2550/3125 | loss 3.1678 | acc 0.561 | lr 3.00e-04
  iter  2600/3125 | loss 2.8355 | acc 0.561 | lr 3.00e-04
  iter  2650/3125 | loss 2.2818 | acc 0.560 | lr 3.00e-04
  iter  2700/3125 | loss 2.6583 | acc 0.560 | lr 3.00e-04
  iter  2750/3125 | loss 2.3998 | acc 0.560 | lr 3.00e-04
  iter  2800/3125 | loss 2.3528 | acc 0.559 | lr 3.00e-04
  iter  2850/3125 | loss 2.7173 | acc 0.559 | lr 3.00e-04
  iter  2900/3125 | loss 2.2119 | acc 0.559 | lr 3.00e-04
  iter  2950/3125 | loss 2.1527 | acc 0.559 | lr 3.00e-04
  iter  3000/3125 | loss 2.4133 | acc 0.559 | lr 3.00e-04
  iter  3050/3125 | loss 2.4341 | acc 0.559 | lr 3.00e-04
  iter  3100/3125 | loss 2.7164 | acc 0.558 | lr 3.00e-04
[Epoch 015] Train loss=2.4112, acc=0.5577 | opt_steps=3125
[Epoch 015] Val   loss=2.4743, acc=0.4215, lr=3.00e-04
  🌟 New best saved @ lstm5_attn_dwt_best.pth (acc=0.4215)
  iter    50/3125 | loss 2.1857 | acc 0.635 | lr 3.00e-04
  iter   100/3125 | loss 2.3610 | acc 0.634 | lr 3.00e-04
  iter   150/3125 | loss 2.2981 | acc 0.637 | lr 3.00e-04
  iter   200/3125 | loss 2.3723 | acc 0.636 | lr 3.00e-04
  iter   250/3125 | loss 2.4724 | acc 0.631 | lr 3.00e-04
  iter   300/3125 | loss 2.2387 | acc 0.629 | lr 3.00e-04
  iter   350/3125 | loss 2.5076 | acc 0.630 | lr 3.00e-04
  iter   400/3125 | loss 1.8278 | acc 0.628 | lr 3.00e-04
  iter   450/3125 | loss 2.4162 | acc 0.626 | lr 3.00e-04
  iter   500/3125 | loss 1.8607 | acc 0.625 | lr 3.00e-04
  iter   550/3125 | loss 2.3319 | acc 0.626 | lr 3.00e-04
  iter   600/3125 | loss 2.1621 | acc 0.625 | lr 3.00e-04
  iter   650/3125 | loss 2.1360 | acc 0.623 | lr 3.00e-04
  iter   700/3125 | loss 2.2933 | acc 0.621 | lr 3.00e-04
  iter   750/3125 | loss 2.0566 | acc 0.622 | lr 3.00e-04
  iter   800/3125 | loss 1.9595 | acc 0.620 | lr 3.00e-04
  iter   850/3125 | loss 1.8950 | acc 0.619 | lr 3.00e-04
  iter   900/3125 | loss 2.3186 | acc 0.620 | lr 3.00e-04
  iter   950/3125 | loss 2.3237 | acc 0.619 | lr 3.00e-04
  iter  1000/3125 | loss 2.1303 | acc 0.618 | lr 3.00e-04
  iter  1050/3125 | loss 2.0299 | acc 0.617 | lr 3.00e-04
  iter  1100/3125 | loss 2.8279 | acc 0.617 | lr 3.00e-04
  iter  1150/3125 | loss 2.1731 | acc 0.616 | lr 3.00e-04
  iter  1200/3125 | loss 2.2540 | acc 0.615 | lr 3.00e-04
  iter  1250/3125 | loss 2.1371 | acc 0.614 | lr 3.00e-04
  iter  1300/3125 | loss 2.0486 | acc 0.614 | lr 3.00e-04
  iter  1350/3125 | loss 1.9554 | acc 0.614 | lr 3.00e-04
  iter  1400/3125 | loss 1.8498 | acc 0.614 | lr 3.00e-04
  iter  1450/3125 | loss 2.6540 | acc 0.612 | lr 3.00e-04
  iter  1500/3125 | loss 1.9502 | acc 0.611 | lr 3.00e-04
  iter  1550/3125 | loss 2.1111 | acc 0.610 | lr 3.00e-04
  iter  1600/3125 | loss 2.3020 | acc 0.610 | lr 3.00e-04
  iter  1650/3125 | loss 2.1460 | acc 0.609 | lr 3.00e-04
  iter  1700/3125 | loss 2.1202 | acc 0.609 | lr 3.00e-04
  iter  1750/3125 | loss 2.1957 | acc 0.608 | lr 3.00e-04
  iter  1800/3125 | loss 2.3559 | acc 0.608 | lr 3.00e-04
  iter  1850/3125 | loss 2.0771 | acc 0.608 | lr 3.00e-04
  iter  1900/3125 | loss 2.2296 | acc 0.607 | lr 3.00e-04
  iter  1950/3125 | loss 1.7438 | acc 0.606 | lr 3.00e-04
  iter  2000/3125 | loss 2.1984 | acc 0.606 | lr 3.00e-04
  iter  2050/3125 | loss 2.0129 | acc 0.605 | lr 3.00e-04
  iter  2100/3125 | loss 2.8520 | acc 0.604 | lr 3.00e-04
  iter  2150/3125 | loss 2.5305 | acc 0.603 | lr 3.00e-04
  iter  2200/3125 | loss 2.1797 | acc 0.603 | lr 3.00e-04
  iter  2250/3125 | loss 2.1111 | acc 0.602 | lr 3.00e-04
  iter  2300/3125 | loss 1.8168 | acc 0.602 | lr 3.00e-04
  iter  2350/3125 | loss 2.4487 | acc 0.601 | lr 3.00e-04
  iter  2400/3125 | loss 2.3333 | acc 0.600 | lr 3.00e-04
  iter  2450/3125 | loss 2.3225 | acc 0.600 | lr 3.00e-04
  iter  2500/3125 | loss 2.1190 | acc 0.599 | lr 3.00e-04
  iter  2550/3125 | loss 1.8983 | acc 0.599 | lr 3.00e-04
  iter  2600/3125 | loss 1.9094 | acc 0.598 | lr 3.00e-04
  iter  2650/3125 | loss 2.1297 | acc 0.597 | lr 3.00e-04
  iter  2700/3125 | loss 2.2706 | acc 0.597 | lr 3.00e-04
  iter  2750/3125 | loss 2.8403 | acc 0.596 | lr 3.00e-04
  iter  2800/3125 | loss 2.1423 | acc 0.596 | lr 3.00e-04
  iter  2850/3125 | loss 2.4534 | acc 0.596 | lr 3.00e-04
  iter  2900/3125 | loss 2.7336 | acc 0.596 | lr 3.00e-04
  iter  2950/3125 | loss 2.8714 | acc 0.595 | lr 3.00e-04
  iter  3000/3125 | loss 2.5626 | acc 0.595 | lr 3.00e-04
  iter  3050/3125 | loss 2.6611 | acc 0.594 | lr 3.00e-04
  iter  3100/3125 | loss 2.0604 | acc 0.594 | lr 3.00e-04
[Epoch 016] Train loss=2.2763, acc=0.5936 | opt_steps=3125
[Epoch 016] Val   loss=2.4105, acc=0.4357, lr=3.00e-04
  🌟 New best saved @ lstm5_attn_dwt_best.pth (acc=0.4357)
  iter    50/3125 | loss 2.0105 | acc 0.682 | lr 3.00e-04
  iter   100/3125 | loss 2.2012 | acc 0.676 | lr 3.00e-04
  iter   150/3125 | loss 2.1273 | acc 0.674 | lr 3.00e-04
  iter   200/3125 | loss 2.2883 | acc 0.672 | lr 3.00e-04
  iter   250/3125 | loss 2.1780 | acc 0.672 | lr 3.00e-04
  iter   300/3125 | loss 2.3328 | acc 0.669 | lr 3.00e-04
  iter   350/3125 | loss 2.0147 | acc 0.668 | lr 3.00e-04
  iter   400/3125 | loss 2.1405 | acc 0.668 | lr 3.00e-04
  iter   450/3125 | loss 1.8232 | acc 0.667 | lr 3.00e-04
  iter   500/3125 | loss 2.0112 | acc 0.667 | lr 3.00e-04
  iter   550/3125 | loss 2.0649 | acc 0.665 | lr 3.00e-04
  iter   600/3125 | loss 1.8809 | acc 0.661 | lr 3.00e-04
  iter   650/3125 | loss 2.4270 | acc 0.660 | lr 3.00e-04
  iter   700/3125 | loss 1.8856 | acc 0.660 | lr 3.00e-04
  iter   750/3125 | loss 1.8748 | acc 0.660 | lr 3.00e-04
  iter   800/3125 | loss 2.2775 | acc 0.658 | lr 3.00e-04
  iter   850/3125 | loss 2.1622 | acc 0.657 | lr 3.00e-04
  iter   900/3125 | loss 2.1578 | acc 0.656 | lr 3.00e-04
  iter   950/3125 | loss 1.9694 | acc 0.656 | lr 3.00e-04
  iter  1000/3125 | loss 2.2130 | acc 0.656 | lr 3.00e-04
  iter  1050/3125 | loss 2.0870 | acc 0.655 | lr 3.00e-04
  iter  1100/3125 | loss 2.2761 | acc 0.654 | lr 3.00e-04
  iter  1150/3125 | loss 2.0740 | acc 0.653 | lr 3.00e-04
  iter  1200/3125 | loss 1.9880 | acc 0.652 | lr 3.00e-04
  iter  1250/3125 | loss 2.0411 | acc 0.651 | lr 3.00e-04
  iter  1300/3125 | loss 2.2106 | acc 0.650 | lr 3.00e-04
  iter  1350/3125 | loss 2.0082 | acc 0.650 | lr 3.00e-04
  iter  1400/3125 | loss 2.4946 | acc 0.649 | lr 3.00e-04
  iter  1450/3125 | loss 1.9363 | acc 0.649 | lr 3.00e-04
  iter  1500/3125 | loss 1.8924 | acc 0.649 | lr 3.00e-04
  iter  1550/3125 | loss 2.5545 | acc 0.649 | lr 3.00e-04
  iter  1600/3125 | loss 1.6638 | acc 0.648 | lr 3.00e-04
  iter  1650/3125 | loss 2.4295 | acc 0.647 | lr 3.00e-04
  iter  1700/3125 | loss 2.2629 | acc 0.646 | lr 3.00e-04
  iter  1750/3125 | loss 2.2040 | acc 0.645 | lr 3.00e-04
  iter  1800/3125 | loss 1.7633 | acc 0.644 | lr 3.00e-04
  iter  1850/3125 | loss 2.0820 | acc 0.643 | lr 3.00e-04
  iter  1900/3125 | loss 2.4863 | acc 0.643 | lr 3.00e-04
  iter  1950/3125 | loss 2.6012 | acc 0.642 | lr 3.00e-04
  iter  2000/3125 | loss 2.2631 | acc 0.642 | lr 3.00e-04
  iter  2050/3125 | loss 2.1921 | acc 0.641 | lr 3.00e-04
  iter  2100/3125 | loss 2.2204 | acc 0.640 | lr 3.00e-04
  iter  2150/3125 | loss 2.1665 | acc 0.640 | lr 3.00e-04
  iter  2200/3125 | loss 2.0013 | acc 0.639 | lr 3.00e-04
  iter  2250/3125 | loss 2.3310 | acc 0.639 | lr 3.00e-04
  iter  2300/3125 | loss 2.4113 | acc 0.638 | lr 3.00e-04
  iter  2350/3125 | loss 2.0841 | acc 0.638 | lr 3.00e-04
  iter  2400/3125 | loss 2.2891 | acc 0.637 | lr 3.00e-04
  iter  2450/3125 | loss 1.9208 | acc 0.636 | lr 3.00e-04
  iter  2500/3125 | loss 1.8441 | acc 0.636 | lr 3.00e-04
  iter  2550/3125 | loss 2.2265 | acc 0.635 | lr 3.00e-04
  iter  2600/3125 | loss 2.4310 | acc 0.634 | lr 3.00e-04
  iter  2650/3125 | loss 2.0110 | acc 0.634 | lr 3.00e-04
  iter  2700/3125 | loss 1.8598 | acc 0.634 | lr 3.00e-04
  iter  2750/3125 | loss 2.2186 | acc 0.633 | lr 3.00e-04
  iter  2800/3125 | loss 2.2063 | acc 0.633 | lr 3.00e-04
  iter  2850/3125 | loss 2.1298 | acc 0.632 | lr 3.00e-04
  iter  2900/3125 | loss 3.0385 | acc 0.631 | lr 3.00e-04
  iter  2950/3125 | loss 2.6368 | acc 0.631 | lr 3.00e-04
  iter  3000/3125 | loss 2.4858 | acc 0.631 | lr 3.00e-04
  iter  3050/3125 | loss 2.5302 | acc 0.630 | lr 3.00e-04
  iter  3100/3125 | loss 2.0319 | acc 0.630 | lr 3.00e-04
[Epoch 017] Train loss=2.1551, acc=0.6294 | opt_steps=3125
[Epoch 017] Val   loss=2.3606, acc=0.4468, lr=3.00e-04
  🌟 New best saved @ lstm5_attn_dwt_best.pth (acc=0.4468)
  iter    50/3125 | loss 2.0781 | acc 0.708 | lr 3.00e-04
  iter   100/3125 | loss 1.5523 | acc 0.716 | lr 3.00e-04
  iter   150/3125 | loss 2.4078 | acc 0.722 | lr 3.00e-04
  iter   200/3125 | loss 1.6715 | acc 0.717 | lr 3.00e-04
  iter   250/3125 | loss 1.8260 | acc 0.715 | lr 3.00e-04
  iter   300/3125 | loss 2.1869 | acc 0.713 | lr 3.00e-04
  iter   350/3125 | loss 1.6900 | acc 0.711 | lr 3.00e-04
  iter   400/3125 | loss 2.0268 | acc 0.710 | lr 3.00e-04
  iter   450/3125 | loss 1.8332 | acc 0.709 | lr 3.00e-04
  iter   500/3125 | loss 1.8115 | acc 0.708 | lr 3.00e-04
  iter   550/3125 | loss 1.9119 | acc 0.706 | lr 3.00e-04
  iter   600/3125 | loss 2.0702 | acc 0.705 | lr 3.00e-04
  iter   650/3125 | loss 1.9048 | acc 0.705 | lr 3.00e-04
  iter   700/3125 | loss 2.2160 | acc 0.704 | lr 3.00e-04
  iter   750/3125 | loss 1.9043 | acc 0.703 | lr 3.00e-04
  iter   800/3125 | loss 2.0882 | acc 0.703 | lr 3.00e-04
  iter   850/3125 | loss 1.7676 | acc 0.703 | lr 3.00e-04
  iter   900/3125 | loss 2.2484 | acc 0.701 | lr 3.00e-04
  iter   950/3125 | loss 1.9799 | acc 0.700 | lr 3.00e-04
  iter  1000/3125 | loss 2.0666 | acc 0.699 | lr 3.00e-04
  iter  1050/3125 | loss 2.1463 | acc 0.697 | lr 3.00e-04
  iter  1100/3125 | loss 1.5756 | acc 0.696 | lr 3.00e-04
  iter  1150/3125 | loss 2.2462 | acc 0.695 | lr 3.00e-04
  iter  1200/3125 | loss 2.4034 | acc 0.694 | lr 3.00e-04
  iter  1250/3125 | loss 2.1088 | acc 0.694 | lr 3.00e-04
  iter  1300/3125 | loss 2.3835 | acc 0.694 | lr 3.00e-04
  iter  1350/3125 | loss 1.9057 | acc 0.693 | lr 3.00e-04
  iter  1400/3125 | loss 2.1817 | acc 0.692 | lr 3.00e-04
  iter  1450/3125 | loss 2.1107 | acc 0.691 | lr 3.00e-04
  iter  1500/3125 | loss 1.9332 | acc 0.690 | lr 3.00e-04
  iter  1550/3125 | loss 1.8553 | acc 0.689 | lr 3.00e-04
  iter  1600/3125 | loss 1.5999 | acc 0.688 | lr 3.00e-04
  iter  1650/3125 | loss 1.8912 | acc 0.687 | lr 3.00e-04
  iter  1700/3125 | loss 1.9157 | acc 0.686 | lr 3.00e-04
  iter  1750/3125 | loss 1.9680 | acc 0.686 | lr 3.00e-04
  iter  1800/3125 | loss 1.6367 | acc 0.685 | lr 3.00e-04
  iter  1850/3125 | loss 2.1209 | acc 0.684 | lr 3.00e-04
  iter  1900/3125 | loss 2.1763 | acc 0.683 | lr 3.00e-04
  iter  1950/3125 | loss 2.3167 | acc 0.683 | lr 3.00e-04
  iter  2000/3125 | loss 1.7833 | acc 0.682 | lr 3.00e-04
  iter  2050/3125 | loss 2.1972 | acc 0.682 | lr 3.00e-04
  iter  2100/3125 | loss 2.0026 | acc 0.681 | lr 3.00e-04
  iter  2150/3125 | loss 1.7462 | acc 0.680 | lr 3.00e-04
  iter  2200/3125 | loss 2.3112 | acc 0.679 | lr 3.00e-04
  iter  2250/3125 | loss 1.9322 | acc 0.678 | lr 3.00e-04
  iter  2300/3125 | loss 2.0456 | acc 0.677 | lr 3.00e-04
  iter  2350/3125 | loss 2.1088 | acc 0.677 | lr 3.00e-04
  iter  2400/3125 | loss 2.1549 | acc 0.676 | lr 3.00e-04
  iter  2450/3125 | loss 2.2764 | acc 0.675 | lr 3.00e-04
  iter  2500/3125 | loss 2.1488 | acc 0.675 | lr 3.00e-04
  iter  2550/3125 | loss 1.9855 | acc 0.674 | lr 3.00e-04
  iter  2600/3125 | loss 2.2308 | acc 0.673 | lr 3.00e-04
  iter  2650/3125 | loss 2.2402 | acc 0.672 | lr 3.00e-04
  iter  2700/3125 | loss 1.7178 | acc 0.671 | lr 3.00e-04
  iter  2750/3125 | loss 2.0036 | acc 0.671 | lr 3.00e-04
  iter  2800/3125 | loss 1.9136 | acc 0.670 | lr 3.00e-04
  iter  2850/3125 | loss 2.3241 | acc 0.669 | lr 3.00e-04
  iter  2900/3125 | loss 2.0591 | acc 0.669 | lr 3.00e-04
  iter  2950/3125 | loss 1.8635 | acc 0.668 | lr 2.99e-04
  iter  3000/3125 | loss 2.6422 | acc 0.668 | lr 2.99e-04
  iter  3050/3125 | loss 2.6096 | acc 0.667 | lr 2.99e-04
  iter  3100/3125 | loss 1.9533 | acc 0.667 | lr 2.99e-04
[Epoch 018] Train loss=2.0280, acc=0.6671 | opt_steps=3125
[Epoch 018] Val   loss=2.3202, acc=0.4584, lr=2.99e-04
  🌟 New best saved @ lstm5_attn_dwt_best.pth (acc=0.4584)
  iter    50/3125 | loss 1.5090 | acc 0.760 | lr 2.99e-04
  iter   100/3125 | loss 1.9455 | acc 0.757 | lr 2.99e-04
  iter   150/3125 | loss 1.6761 | acc 0.751 | lr 2.99e-04
  iter   200/3125 | loss 1.5473 | acc 0.751 | lr 2.99e-04
  iter   250/3125 | loss 2.0469 | acc 0.747 | lr 2.99e-04
  iter   300/3125 | loss 1.6385 | acc 0.749 | lr 2.99e-04
  iter   350/3125 | loss 1.7140 | acc 0.747 | lr 2.99e-04
  iter   400/3125 | loss 1.7386 | acc 0.744 | lr 2.99e-04
  iter   450/3125 | loss 1.8454 | acc 0.742 | lr 2.99e-04
  iter   500/3125 | loss 1.6510 | acc 0.741 | lr 2.99e-04
  iter   550/3125 | loss 1.5123 | acc 0.740 | lr 2.99e-04
  iter   600/3125 | loss 1.8355 | acc 0.738 | lr 2.99e-04
  iter   650/3125 | loss 2.1453 | acc 0.738 | lr 2.99e-04
  iter   700/3125 | loss 1.9183 | acc 0.735 | lr 2.99e-04
  iter   750/3125 | loss 1.4812 | acc 0.733 | lr 2.99e-04
  iter   800/3125 | loss 1.6592 | acc 0.733 | lr 2.99e-04
  iter   850/3125 | loss 1.7117 | acc 0.732 | lr 2.99e-04
  iter   900/3125 | loss 1.6563 | acc 0.732 | lr 2.99e-04
  iter   950/3125 | loss 1.9432 | acc 0.730 | lr 2.99e-04
  iter  1000/3125 | loss 1.8882 | acc 0.729 | lr 2.99e-04
  iter  1050/3125 | loss 1.9346 | acc 0.729 | lr 2.99e-04
  iter  1100/3125 | loss 1.8643 | acc 0.728 | lr 2.99e-04
  iter  1150/3125 | loss 1.5690 | acc 0.728 | lr 2.99e-04
  iter  1200/3125 | loss 2.2003 | acc 0.727 | lr 2.99e-04
  iter  1250/3125 | loss 2.0186 | acc 0.725 | lr 2.99e-04
  iter  1300/3125 | loss 1.5492 | acc 0.724 | lr 2.99e-04
  iter  1350/3125 | loss 1.9776 | acc 0.723 | lr 2.99e-04
  iter  1400/3125 | loss 1.7307 | acc 0.723 | lr 2.99e-04
  iter  1450/3125 | loss 2.0619 | acc 0.722 | lr 2.99e-04
  iter  1500/3125 | loss 1.8335 | acc 0.721 | lr 2.99e-04
  iter  1550/3125 | loss 2.2388 | acc 0.721 | lr 2.99e-04
  iter  1600/3125 | loss 1.6983 | acc 0.719 | lr 2.99e-04
  iter  1650/3125 | loss 1.7948 | acc 0.719 | lr 2.99e-04
  iter  1700/3125 | loss 1.7647 | acc 0.719 | lr 2.99e-04
  iter  1750/3125 | loss 1.9033 | acc 0.718 | lr 2.99e-04
  iter  1800/3125 | loss 2.0021 | acc 0.717 | lr 2.99e-04
  iter  1850/3125 | loss 1.8456 | acc 0.716 | lr 2.99e-04
  iter  1900/3125 | loss 2.0474 | acc 0.716 | lr 2.99e-04
  iter  1950/3125 | loss 2.3993 | acc 0.715 | lr 2.99e-04
  iter  2000/3125 | loss 2.0336 | acc 0.715 | lr 2.99e-04
  iter  2050/3125 | loss 2.1937 | acc 0.714 | lr 2.99e-04
  iter  2100/3125 | loss 1.7875 | acc 0.713 | lr 2.99e-04
  iter  2150/3125 | loss 2.0209 | acc 0.713 | lr 2.99e-04
  iter  2200/3125 | loss 1.7841 | acc 0.712 | lr 2.99e-04
  iter  2250/3125 | loss 2.1958 | acc 0.711 | lr 2.99e-04
  iter  2300/3125 | loss 1.9276 | acc 0.710 | lr 2.99e-04
  iter  2350/3125 | loss 2.1203 | acc 0.709 | lr 2.99e-04
  iter  2400/3125 | loss 2.0027 | acc 0.708 | lr 2.99e-04
  iter  2450/3125 | loss 1.8346 | acc 0.709 | lr 2.99e-04
  iter  2500/3125 | loss 2.3304 | acc 0.708 | lr 2.99e-04
  iter  2550/3125 | loss 2.0011 | acc 0.708 | lr 2.99e-04
  iter  2600/3125 | loss 2.0166 | acc 0.707 | lr 2.99e-04
  iter  2650/3125 | loss 1.9001 | acc 0.706 | lr 2.99e-04
  iter  2700/3125 | loss 1.8222 | acc 0.705 | lr 2.99e-04
  iter  2750/3125 | loss 1.8574 | acc 0.705 | lr 2.99e-04
  iter  2800/3125 | loss 2.0265 | acc 0.704 | lr 2.99e-04
  iter  2850/3125 | loss 2.1132 | acc 0.703 | lr 2.99e-04
  iter  2900/3125 | loss 2.2363 | acc 0.703 | lr 2.99e-04
  iter  2950/3125 | loss 2.1024 | acc 0.702 | lr 2.99e-04
  iter  3000/3125 | loss 1.7774 | acc 0.701 | lr 2.99e-04
  iter  3050/3125 | loss 1.9464 | acc 0.701 | lr 2.99e-04
  iter  3100/3125 | loss 2.4006 | acc 0.700 | lr 2.99e-04
[Epoch 019] Train loss=1.9232, acc=0.7002 | opt_steps=3125
[Epoch 019] Val   loss=2.2949, acc=0.4659, lr=2.99e-04
  🌟 New best saved @ lstm5_attn_dwt_best.pth (acc=0.4659)
  iter    50/3125 | loss 1.4762 | acc 0.770 | lr 2.99e-04
  iter   100/3125 | loss 1.5212 | acc 0.776 | lr 2.99e-04
  iter   150/3125 | loss 1.6473 | acc 0.776 | lr 2.99e-04
  iter   200/3125 | loss 1.3705 | acc 0.779 | lr 2.99e-04
  iter   250/3125 | loss 1.5773 | acc 0.778 | lr 2.99e-04
  iter   300/3125 | loss 1.6501 | acc 0.777 | lr 2.99e-04
  iter   350/3125 | loss 1.8136 | acc 0.776 | lr 2.99e-04
  iter   400/3125 | loss 1.8530 | acc 0.777 | lr 2.99e-04
  iter   450/3125 | loss 1.7935 | acc 0.777 | lr 2.99e-04
  iter   500/3125 | loss 2.1641 | acc 0.776 | lr 2.99e-04
  iter   550/3125 | loss 1.8172 | acc 0.775 | lr 2.99e-04
  iter   600/3125 | loss 1.5999 | acc 0.772 | lr 2.99e-04
  iter   650/3125 | loss 1.5483 | acc 0.771 | lr 2.99e-04
  iter   700/3125 | loss 2.1695 | acc 0.770 | lr 2.99e-04
  iter   750/3125 | loss 1.7472 | acc 0.769 | lr 2.99e-04
  iter   800/3125 | loss 1.6351 | acc 0.767 | lr 2.99e-04
  iter   850/3125 | loss 1.6091 | acc 0.766 | lr 2.99e-04
  iter   900/3125 | loss 1.9492 | acc 0.766 | lr 2.99e-04
  iter   950/3125 | loss 1.6132 | acc 0.765 | lr 2.99e-04
  iter  1000/3125 | loss 1.6131 | acc 0.764 | lr 2.99e-04
  iter  1050/3125 | loss 1.8900 | acc 0.762 | lr 2.99e-04
  iter  1100/3125 | loss 1.7494 | acc 0.761 | lr 2.99e-04
  iter  1150/3125 | loss 1.5873 | acc 0.759 | lr 2.99e-04
  iter  1200/3125 | loss 1.7792 | acc 0.759 | lr 2.99e-04
  iter  1250/3125 | loss 2.1694 | acc 0.758 | lr 2.99e-04
  iter  1300/3125 | loss 1.9769 | acc 0.757 | lr 2.99e-04
  iter  1350/3125 | loss 2.0695 | acc 0.756 | lr 2.99e-04
  iter  1400/3125 | loss 1.9058 | acc 0.755 | lr 2.99e-04
  iter  1450/3125 | loss 1.6333 | acc 0.755 | lr 2.99e-04
  iter  1500/3125 | loss 1.7904 | acc 0.754 | lr 2.99e-04
  iter  1550/3125 | loss 1.8668 | acc 0.753 | lr 2.99e-04
  iter  1600/3125 | loss 1.8075 | acc 0.752 | lr 2.99e-04
  iter  1650/3125 | loss 1.7744 | acc 0.751 | lr 2.99e-04
  iter  1700/3125 | loss 1.9011 | acc 0.750 | lr 2.99e-04
  iter  1750/3125 | loss 1.7814 | acc 0.749 | lr 2.99e-04
  iter  1800/3125 | loss 1.9740 | acc 0.748 | lr 2.99e-04
  iter  1850/3125 | loss 1.8135 | acc 0.747 | lr 2.99e-04
  iter  1900/3125 | loss 2.0440 | acc 0.747 | lr 2.99e-04
  iter  1950/3125 | loss 1.9031 | acc 0.746 | lr 2.99e-04
  iter  2000/3125 | loss 2.2439 | acc 0.745 | lr 2.99e-04
  iter  2050/3125 | loss 1.7523 | acc 0.744 | lr 2.99e-04
  iter  2100/3125 | loss 1.3726 | acc 0.743 | lr 2.99e-04
  iter  2150/3125 | loss 1.9752 | acc 0.742 | lr 2.99e-04
  iter  2200/3125 | loss 2.1838 | acc 0.742 | lr 2.99e-04
  iter  2250/3125 | loss 1.6708 | acc 0.741 | lr 2.99e-04
  iter  2300/3125 | loss 1.6366 | acc 0.740 | lr 2.99e-04
  iter  2350/3125 | loss 1.7533 | acc 0.739 | lr 2.99e-04
  iter  2400/3125 | loss 1.9793 | acc 0.739 | lr 2.99e-04
  iter  2450/3125 | loss 2.2933 | acc 0.738 | lr 2.99e-04
  iter  2500/3125 | loss 2.3195 | acc 0.737 | lr 2.99e-04
  iter  2550/3125 | loss 1.6277 | acc 0.737 | lr 2.99e-04
  iter  2600/3125 | loss 2.1316 | acc 0.736 | lr 2.99e-04
  iter  2650/3125 | loss 1.6182 | acc 0.735 | lr 2.99e-04
  iter  2700/3125 | loss 1.7675 | acc 0.735 | lr 2.99e-04
  iter  2750/3125 | loss 1.8169 | acc 0.734 | lr 2.99e-04
  iter  2800/3125 | loss 1.8757 | acc 0.733 | lr 2.99e-04
  iter  2850/3125 | loss 2.0296 | acc 0.733 | lr 2.99e-04
  iter  2900/3125 | loss 1.8525 | acc 0.732 | lr 2.99e-04
  iter  2950/3125 | loss 2.1970 | acc 0.732 | lr 2.99e-04
  iter  3000/3125 | loss 1.8006 | acc 0.731 | lr 2.99e-04
  iter  3050/3125 | loss 2.2101 | acc 0.730 | lr 2.99e-04
  iter  3100/3125 | loss 1.9267 | acc 0.729 | lr 2.99e-04
[Epoch 020] Train loss=1.8320, acc=0.7287 | opt_steps=3125
[Epoch 020] Val   loss=2.2816, acc=0.4729, lr=2.99e-04
  🌟 New best saved @ lstm5_attn_dwt_best.pth (acc=0.4729)
  iter    50/3125 | loss 1.4907 | acc 0.802 | lr 2.99e-04
  iter   100/3125 | loss 1.5765 | acc 0.792 | lr 2.99e-04
  iter   150/3125 | loss 1.3989 | acc 0.796 | lr 2.99e-04
  iter   200/3125 | loss 1.7097 | acc 0.797 | lr 2.99e-04
  iter   250/3125 | loss 1.5238 | acc 0.796 | lr 2.99e-04
  iter   300/3125 | loss 1.5680 | acc 0.796 | lr 2.99e-04
  iter   350/3125 | loss 1.6951 | acc 0.796 | lr 2.99e-04
  iter   400/3125 | loss 1.7159 | acc 0.795 | lr 2.99e-04
  iter   450/3125 | loss 1.7369 | acc 0.794 | lr 2.99e-04
  iter   500/3125 | loss 2.0735 | acc 0.794 | lr 2.99e-04
  iter   550/3125 | loss 1.6788 | acc 0.791 | lr 2.99e-04
  iter   600/3125 | loss 1.7116 | acc 0.790 | lr 2.99e-04
  iter   650/3125 | loss 1.8087 | acc 0.790 | lr 2.99e-04
  iter   700/3125 | loss 1.5812 | acc 0.788 | lr 2.99e-04
  iter   750/3125 | loss 1.6030 | acc 0.787 | lr 2.99e-04
  iter   800/3125 | loss 1.4671 | acc 0.787 | lr 2.99e-04
  iter   850/3125 | loss 1.5881 | acc 0.787 | lr 2.99e-04
  iter   900/3125 | loss 1.8724 | acc 0.786 | lr 2.99e-04
  iter   950/3125 | loss 1.5547 | acc 0.784 | lr 2.99e-04
  iter  1000/3125 | loss 1.6223 | acc 0.784 | lr 2.99e-04
  iter  1050/3125 | loss 1.6195 | acc 0.784 | lr 2.99e-04
  iter  1100/3125 | loss 1.7883 | acc 0.781 | lr 2.99e-04
  iter  1150/3125 | loss 1.8634 | acc 0.781 | lr 2.99e-04
  iter  1200/3125 | loss 1.5457 | acc 0.780 | lr 2.99e-04
  iter  1250/3125 | loss 1.5611 | acc 0.779 | lr 2.99e-04
  iter  1300/3125 | loss 1.5610 | acc 0.779 | lr 2.99e-04
  iter  1350/3125 | loss 1.8769 | acc 0.779 | lr 2.99e-04
  iter  1400/3125 | loss 1.5616 | acc 0.778 | lr 2.99e-04
  iter  1450/3125 | loss 1.6665 | acc 0.778 | lr 2.99e-04
  iter  1500/3125 | loss 1.8571 | acc 0.777 | lr 2.99e-04
  iter  1550/3125 | loss 2.0778 | acc 0.776 | lr 2.99e-04
  iter  1600/3125 | loss 1.8817 | acc 0.776 | lr 2.99e-04
  iter  1650/3125 | loss 1.7325 | acc 0.775 | lr 2.99e-04
  iter  1700/3125 | loss 1.7244 | acc 0.774 | lr 2.99e-04
  iter  1750/3125 | loss 2.0182 | acc 0.773 | lr 2.99e-04
  iter  1800/3125 | loss 1.7720 | acc 0.772 | lr 2.99e-04
  iter  1850/3125 | loss 1.6482 | acc 0.771 | lr 2.99e-04
  iter  1900/3125 | loss 1.5830 | acc 0.770 | lr 2.99e-04
  iter  1950/3125 | loss 1.6904 | acc 0.770 | lr 2.99e-04
  iter  2000/3125 | loss 1.5700 | acc 0.769 | lr 2.99e-04
  iter  2050/3125 | loss 1.6230 | acc 0.769 | lr 2.99e-04
  iter  2100/3125 | loss 1.5115 | acc 0.768 | lr 2.99e-04
  iter  2150/3125 | loss 2.0882 | acc 0.768 | lr 2.99e-04
  iter  2200/3125 | loss 1.4012 | acc 0.767 | lr 2.99e-04
  iter  2250/3125 | loss 1.8038 | acc 0.767 | lr 2.99e-04
  iter  2300/3125 | loss 1.2687 | acc 0.766 | lr 2.99e-04
  iter  2350/3125 | loss 1.9194 | acc 0.766 | lr 2.99e-04
  iter  2400/3125 | loss 1.9449 | acc 0.764 | lr 2.99e-04
  iter  2450/3125 | loss 1.6210 | acc 0.764 | lr 2.99e-04
  iter  2500/3125 | loss 1.8972 | acc 0.763 | lr 2.99e-04
  iter  2550/3125 | loss 2.0527 | acc 0.762 | lr 2.99e-04
  iter  2600/3125 | loss 2.3408 | acc 0.762 | lr 2.99e-04
  iter  2650/3125 | loss 2.1113 | acc 0.761 | lr 2.99e-04
  iter  2700/3125 | loss 1.7928 | acc 0.760 | lr 2.99e-04
  iter  2750/3125 | loss 2.0733 | acc 0.760 | lr 2.99e-04
  iter  2800/3125 | loss 2.1982 | acc 0.759 | lr 2.99e-04
  iter  2850/3125 | loss 1.8186 | acc 0.759 | lr 2.99e-04
  iter  2900/3125 | loss 1.4526 | acc 0.758 | lr 2.99e-04
  iter  2950/3125 | loss 2.1396 | acc 0.758 | lr 2.99e-04
  iter  3000/3125 | loss 1.8754 | acc 0.757 | lr 2.99e-04
  iter  3050/3125 | loss 1.6867 | acc 0.757 | lr 2.99e-04
  iter  3100/3125 | loss 1.8655 | acc 0.756 | lr 2.99e-04
[Epoch 021] Train loss=1.7459, acc=0.7560 | opt_steps=3125
[Epoch 021] Val   loss=2.2790, acc=0.4776, lr=2.99e-04
  🌟 New best saved @ lstm5_attn_dwt_best.pth (acc=0.4776)
  iter    50/3125 | loss 1.5378 | acc 0.822 | lr 2.99e-04
  iter   100/3125 | loss 1.4764 | acc 0.825 | lr 2.99e-04
  iter   150/3125 | loss 1.7066 | acc 0.834 | lr 2.99e-04
  iter   200/3125 | loss 1.5928 | acc 0.831 | lr 2.99e-04
  iter   250/3125 | loss 1.4504 | acc 0.828 | lr 2.99e-04
  iter   300/3125 | loss 1.5782 | acc 0.829 | lr 2.99e-04
  iter   350/3125 | loss 1.6407 | acc 0.824 | lr 2.99e-04
  iter   400/3125 | loss 1.7942 | acc 0.822 | lr 2.99e-04
  iter   450/3125 | loss 1.4057 | acc 0.822 | lr 2.99e-04
  iter   500/3125 | loss 1.9130 | acc 0.818 | lr 2.99e-04
  iter   550/3125 | loss 1.5727 | acc 0.817 | lr 2.99e-04
  iter   600/3125 | loss 1.8407 | acc 0.817 | lr 2.99e-04
  iter   650/3125 | loss 1.5930 | acc 0.818 | lr 2.99e-04
  iter   700/3125 | loss 1.6335 | acc 0.817 | lr 2.99e-04
  iter   750/3125 | loss 1.5128 | acc 0.815 | lr 2.99e-04
  iter   800/3125 | loss 1.7048 | acc 0.814 | lr 2.99e-04
  iter   850/3125 | loss 1.8278 | acc 0.812 | lr 2.99e-04
  iter   900/3125 | loss 1.7833 | acc 0.813 | lr 2.99e-04
  iter   950/3125 | loss 1.6139 | acc 0.813 | lr 2.99e-04
  iter  1000/3125 | loss 1.5569 | acc 0.811 | lr 2.99e-04
  iter  1050/3125 | loss 1.5649 | acc 0.811 | lr 2.99e-04
  iter  1100/3125 | loss 1.4941 | acc 0.810 | lr 2.99e-04
  iter  1150/3125 | loss 1.7952 | acc 0.809 | lr 2.99e-04
  iter  1200/3125 | loss 1.4134 | acc 0.808 | lr 2.99e-04
  iter  1250/3125 | loss 1.7505 | acc 0.807 | lr 2.99e-04
  iter  1300/3125 | loss 1.7074 | acc 0.806 | lr 2.99e-04
  iter  1350/3125 | loss 1.5788 | acc 0.805 | lr 2.99e-04
  iter  1400/3125 | loss 1.6826 | acc 0.804 | lr 2.99e-04
  iter  1450/3125 | loss 1.9753 | acc 0.802 | lr 2.99e-04
  iter  1500/3125 | loss 1.6627 | acc 0.802 | lr 2.99e-04
  iter  1550/3125 | loss 1.6033 | acc 0.801 | lr 2.99e-04
  iter  1600/3125 | loss 1.5765 | acc 0.800 | lr 2.99e-04
  iter  1650/3125 | loss 1.6407 | acc 0.799 | lr 2.99e-04
  iter  1700/3125 | loss 1.9341 | acc 0.798 | lr 2.99e-04
  iter  1750/3125 | loss 1.9445 | acc 0.797 | lr 2.98e-04
  iter  1800/3125 | loss 1.4925 | acc 0.797 | lr 2.98e-04
  iter  1850/3125 | loss 1.5468 | acc 0.796 | lr 2.98e-04
  iter  1900/3125 | loss 1.8848 | acc 0.795 | lr 2.98e-04
  iter  1950/3125 | loss 1.6682 | acc 0.794 | lr 2.98e-04
  iter  2000/3125 | loss 1.4976 | acc 0.794 | lr 2.98e-04
  iter  2050/3125 | loss 1.4072 | acc 0.794 | lr 2.98e-04
  iter  2100/3125 | loss 1.4189 | acc 0.793 | lr 2.98e-04
  iter  2150/3125 | loss 1.6811 | acc 0.793 | lr 2.98e-04
  iter  2200/3125 | loss 1.4409 | acc 0.792 | lr 2.98e-04
  iter  2250/3125 | loss 1.6811 | acc 0.791 | lr 2.98e-04
  iter  2300/3125 | loss 1.7948 | acc 0.791 | lr 2.98e-04
  iter  2350/3125 | loss 1.5533 | acc 0.790 | lr 2.98e-04
  iter  2400/3125 | loss 1.7609 | acc 0.790 | lr 2.98e-04
  iter  2450/3125 | loss 1.7391 | acc 0.789 | lr 2.98e-04
  iter  2500/3125 | loss 2.0558 | acc 0.788 | lr 2.98e-04
  iter  2550/3125 | loss 1.7003 | acc 0.787 | lr 2.98e-04
  iter  2600/3125 | loss 1.5766 | acc 0.787 | lr 2.98e-04
  iter  2650/3125 | loss 1.6812 | acc 0.786 | lr 2.98e-04
  iter  2700/3125 | loss 2.1731 | acc 0.785 | lr 2.98e-04
  iter  2750/3125 | loss 1.7360 | acc 0.785 | lr 2.98e-04
  iter  2800/3125 | loss 1.7450 | acc 0.784 | lr 2.98e-04
  iter  2850/3125 | loss 1.7120 | acc 0.783 | lr 2.98e-04
  iter  2900/3125 | loss 2.2651 | acc 0.782 | lr 2.98e-04
  iter  2950/3125 | loss 2.0057 | acc 0.781 | lr 2.98e-04
  iter  3000/3125 | loss 1.8030 | acc 0.781 | lr 2.98e-04
  iter  3050/3125 | loss 1.7669 | acc 0.780 | lr 2.98e-04
  iter  3100/3125 | loss 1.7781 | acc 0.780 | lr 2.98e-04
[Epoch 022] Train loss=1.6807, acc=0.7794 | opt_steps=3125
[Epoch 022] Val   loss=2.2819, acc=0.4780, lr=2.98e-04
  🌟 New best saved @ lstm5_attn_dwt_best.pth (acc=0.4780)
  iter    50/3125 | loss 1.3911 | acc 0.848 | lr 2.98e-04
  iter   100/3125 | loss 1.7480 | acc 0.837 | lr 2.98e-04
  iter   150/3125 | loss 1.4970 | acc 0.840 | lr 2.98e-04
  iter   200/3125 | loss 1.6980 | acc 0.834 | lr 2.98e-04
  iter   250/3125 | loss 1.3783 | acc 0.835 | lr 2.98e-04
  iter   300/3125 | loss 1.4281 | acc 0.835 | lr 2.98e-04
  iter   350/3125 | loss 1.6658 | acc 0.837 | lr 2.98e-04
  iter   400/3125 | loss 1.4737 | acc 0.840 | lr 2.98e-04
  iter   450/3125 | loss 1.2927 | acc 0.838 | lr 2.98e-04
  iter   500/3125 | loss 1.4094 | acc 0.837 | lr 2.98e-04
  iter   550/3125 | loss 1.8986 | acc 0.837 | lr 2.98e-04
  iter   600/3125 | loss 1.4471 | acc 0.836 | lr 2.98e-04
  iter   650/3125 | loss 1.3742 | acc 0.835 | lr 2.98e-04
  iter   700/3125 | loss 1.4765 | acc 0.834 | lr 2.98e-04
  iter   750/3125 | loss 1.5944 | acc 0.833 | lr 2.98e-04
  iter   800/3125 | loss 1.4964 | acc 0.832 | lr 2.98e-04
  iter   850/3125 | loss 1.6107 | acc 0.831 | lr 2.98e-04
  iter   900/3125 | loss 1.5976 | acc 0.832 | lr 2.98e-04
  iter   950/3125 | loss 1.8677 | acc 0.830 | lr 2.98e-04
  iter  1000/3125 | loss 1.4862 | acc 0.829 | lr 2.98e-04
  iter  1050/3125 | loss 1.4256 | acc 0.829 | lr 2.98e-04
  iter  1100/3125 | loss 1.5511 | acc 0.828 | lr 2.98e-04
  iter  1150/3125 | loss 1.8437 | acc 0.826 | lr 2.98e-04
  iter  1200/3125 | loss 1.7141 | acc 0.826 | lr 2.98e-04
  iter  1250/3125 | loss 1.8418 | acc 0.825 | lr 2.98e-04
  iter  1300/3125 | loss 1.6928 | acc 0.824 | lr 2.98e-04
  iter  1350/3125 | loss 1.7222 | acc 0.824 | lr 2.98e-04
  iter  1400/3125 | loss 1.4718 | acc 0.823 | lr 2.98e-04
  iter  1450/3125 | loss 1.5616 | acc 0.822 | lr 2.98e-04
  iter  1500/3125 | loss 1.7918 | acc 0.821 | lr 2.98e-04
  iter  1550/3125 | loss 1.6688 | acc 0.821 | lr 2.98e-04
  iter  1600/3125 | loss 1.5462 | acc 0.820 | lr 2.98e-04
  iter  1650/3125 | loss 1.3757 | acc 0.819 | lr 2.98e-04
  iter  1700/3125 | loss 1.6346 | acc 0.818 | lr 2.98e-04
  iter  1750/3125 | loss 1.7445 | acc 0.818 | lr 2.98e-04
  iter  1800/3125 | loss 1.6982 | acc 0.817 | lr 2.98e-04
  iter  1850/3125 | loss 1.8150 | acc 0.816 | lr 2.98e-04
  iter  1900/3125 | loss 1.8195 | acc 0.815 | lr 2.98e-04
  iter  1950/3125 | loss 1.5386 | acc 0.815 | lr 2.98e-04
  iter  2000/3125 | loss 1.5125 | acc 0.814 | lr 2.98e-04
  iter  2050/3125 | loss 1.6820 | acc 0.813 | lr 2.98e-04
  iter  2100/3125 | loss 1.6253 | acc 0.813 | lr 2.98e-04
  iter  2150/3125 | loss 1.7225 | acc 0.812 | lr 2.98e-04
  iter  2200/3125 | loss 1.5841 | acc 0.812 | lr 2.98e-04
  iter  2250/3125 | loss 1.5951 | acc 0.811 | lr 2.98e-04
  iter  2300/3125 | loss 1.5984 | acc 0.810 | lr 2.98e-04
  iter  2350/3125 | loss 1.6086 | acc 0.810 | lr 2.98e-04
  iter  2400/3125 | loss 1.5145 | acc 0.809 | lr 2.98e-04
  iter  2450/3125 | loss 1.5355 | acc 0.808 | lr 2.98e-04
  iter  2500/3125 | loss 1.8094 | acc 0.808 | lr 2.98e-04
  iter  2550/3125 | loss 1.6869 | acc 0.807 | lr 2.98e-04
  iter  2600/3125 | loss 1.5644 | acc 0.807 | lr 2.98e-04
  iter  2650/3125 | loss 1.3873 | acc 0.806 | lr 2.98e-04
  iter  2700/3125 | loss 1.6667 | acc 0.805 | lr 2.98e-04
  iter  2750/3125 | loss 1.7995 | acc 0.805 | lr 2.98e-04
  iter  2800/3125 | loss 1.8903 | acc 0.804 | lr 2.98e-04
  iter  2850/3125 | loss 1.6634 | acc 0.803 | lr 2.98e-04
  iter  2900/3125 | loss 1.7345 | acc 0.803 | lr 2.98e-04
  iter  2950/3125 | loss 1.8049 | acc 0.802 | lr 2.98e-04
  iter  3000/3125 | loss 1.8013 | acc 0.802 | lr 2.98e-04
  iter  3050/3125 | loss 1.9339 | acc 0.801 | lr 2.98e-04
  iter  3100/3125 | loss 1.6931 | acc 0.800 | lr 2.98e-04
[Epoch 023] Train loss=1.6165, acc=0.7999 | opt_steps=3125
[Epoch 023] Val   loss=2.2918, acc=0.4795, lr=2.98e-04
  🌟 New best saved @ lstm5_attn_dwt_best.pth (acc=0.4795)
  iter    50/3125 | loss 1.6561 | acc 0.854 | lr 2.98e-04
  iter   100/3125 | loss 1.6330 | acc 0.851 | lr 2.98e-04
  iter   150/3125 | loss 1.3584 | acc 0.852 | lr 2.98e-04
  iter   200/3125 | loss 1.8021 | acc 0.854 | lr 2.98e-04
  iter   250/3125 | loss 1.4684 | acc 0.853 | lr 2.98e-04
  iter   300/3125 | loss 1.3907 | acc 0.852 | lr 2.98e-04
  iter   350/3125 | loss 1.3798 | acc 0.851 | lr 2.98e-04
  iter   400/3125 | loss 1.5215 | acc 0.850 | lr 2.98e-04
  iter   450/3125 | loss 1.6983 | acc 0.850 | lr 2.98e-04
  iter   500/3125 | loss 1.5067 | acc 0.848 | lr 2.98e-04
  iter   550/3125 | loss 1.5852 | acc 0.848 | lr 2.98e-04
  iter   600/3125 | loss 1.5961 | acc 0.846 | lr 2.98e-04
  iter   650/3125 | loss 1.3426 | acc 0.846 | lr 2.98e-04
  iter   700/3125 | loss 1.4399 | acc 0.845 | lr 2.98e-04
  iter   750/3125 | loss 1.7806 | acc 0.843 | lr 2.98e-04
  iter   800/3125 | loss 1.9771 | acc 0.842 | lr 2.98e-04
  iter   850/3125 | loss 1.7858 | acc 0.841 | lr 2.98e-04
  iter   900/3125 | loss 1.7163 | acc 0.840 | lr 2.98e-04
  iter   950/3125 | loss 1.8637 | acc 0.839 | lr 2.98e-04
  iter  1000/3125 | loss 1.4325 | acc 0.839 | lr 2.98e-04
  iter  1050/3125 | loss 1.5227 | acc 0.839 | lr 2.98e-04
  iter  1100/3125 | loss 1.8793 | acc 0.838 | lr 2.98e-04
  iter  1150/3125 | loss 1.4276 | acc 0.838 | lr 2.98e-04
  iter  1200/3125 | loss 1.5142 | acc 0.836 | lr 2.98e-04
  iter  1250/3125 | loss 1.3596 | acc 0.835 | lr 2.98e-04
  iter  1300/3125 | loss 1.6682 | acc 0.835 | lr 2.98e-04
  iter  1350/3125 | loss 1.7563 | acc 0.835 | lr 2.98e-04
  iter  1400/3125 | loss 1.5400 | acc 0.835 | lr 2.98e-04
  iter  1450/3125 | loss 1.7633 | acc 0.834 | lr 2.98e-04
  iter  1500/3125 | loss 1.4996 | acc 0.834 | lr 2.98e-04
  iter  1550/3125 | loss 1.6486 | acc 0.833 | lr 2.98e-04
  iter  1600/3125 | loss 1.5924 | acc 0.832 | lr 2.98e-04
  iter  1650/3125 | loss 1.5101 | acc 0.831 | lr 2.98e-04
  iter  1700/3125 | loss 1.6245 | acc 0.831 | lr 2.98e-04
  iter  1750/3125 | loss 1.5345 | acc 0.830 | lr 2.98e-04
  iter  1800/3125 | loss 1.5980 | acc 0.829 | lr 2.98e-04
  iter  1850/3125 | loss 1.3953 | acc 0.829 | lr 2.98e-04
  iter  1900/3125 | loss 1.6314 | acc 0.828 | lr 2.98e-04
  iter  1950/3125 | loss 1.6580 | acc 0.827 | lr 2.98e-04
  iter  2000/3125 | loss 1.3623 | acc 0.827 | lr 2.98e-04
  iter  2050/3125 | loss 1.6073 | acc 0.826 | lr 2.98e-04
  iter  2100/3125 | loss 1.6153 | acc 0.826 | lr 2.98e-04
  iter  2150/3125 | loss 1.5280 | acc 0.826 | lr 2.98e-04
  iter  2200/3125 | loss 1.8147 | acc 0.825 | lr 2.98e-04
  iter  2250/3125 | loss 1.4997 | acc 0.824 | lr 2.98e-04
  iter  2300/3125 | loss 1.4697 | acc 0.824 | lr 2.98e-04
  iter  2350/3125 | loss 1.5377 | acc 0.823 | lr 2.98e-04
  iter  2400/3125 | loss 1.7147 | acc 0.823 | lr 2.98e-04
  iter  2450/3125 | loss 1.8166 | acc 0.822 | lr 2.98e-04
  iter  2500/3125 | loss 1.5197 | acc 0.821 | lr 2.98e-04
  iter  2550/3125 | loss 1.9100 | acc 0.821 | lr 2.98e-04
  iter  2600/3125 | loss 1.5648 | acc 0.820 | lr 2.98e-04
  iter  2650/3125 | loss 1.3977 | acc 0.819 | lr 2.98e-04
  iter  2700/3125 | loss 1.5966 | acc 0.819 | lr 2.98e-04
  iter  2750/3125 | loss 1.8881 | acc 0.818 | lr 2.98e-04
  iter  2800/3125 | loss 1.5131 | acc 0.818 | lr 2.98e-04
  iter  2850/3125 | loss 1.8016 | acc 0.817 | lr 2.98e-04
  iter  2900/3125 | loss 1.6642 | acc 0.817 | lr 2.98e-04
  iter  2950/3125 | loss 1.4567 | acc 0.817 | lr 2.98e-04
  iter  3000/3125 | loss 1.6426 | acc 0.816 | lr 2.98e-04
  iter  3050/3125 | loss 1.6618 | acc 0.816 | lr 2.98e-04
  iter  3100/3125 | loss 1.7050 | acc 0.815 | lr 2.98e-04
[Epoch 024] Train loss=1.5738, acc=0.8150 | opt_steps=3125
[Epoch 024] Val   loss=2.3040, acc=0.4813, lr=2.98e-04
  🌟 New best saved @ lstm5_attn_dwt_best.pth (acc=0.4813)
  iter    50/3125 | loss 1.2615 | acc 0.875 | lr 2.98e-04
  iter   100/3125 | loss 1.4617 | acc 0.875 | lr 2.98e-04
  iter   150/3125 | loss 1.4842 | acc 0.869 | lr 2.98e-04
  iter   200/3125 | loss 1.3295 | acc 0.871 | lr 2.97e-04
  iter   250/3125 | loss 1.3966 | acc 0.872 | lr 2.97e-04
  iter   300/3125 | loss 1.3466 | acc 0.870 | lr 2.97e-04
  iter   350/3125 | loss 1.3439 | acc 0.869 | lr 2.97e-04
  iter   400/3125 | loss 1.5273 | acc 0.868 | lr 2.97e-04
  iter   450/3125 | loss 1.5020 | acc 0.865 | lr 2.97e-04
  iter   500/3125 | loss 1.4286 | acc 0.865 | lr 2.97e-04
  iter   550/3125 | loss 1.4444 | acc 0.865 | lr 2.97e-04
  iter   600/3125 | loss 1.7746 | acc 0.864 | lr 2.97e-04
  iter   650/3125 | loss 1.4668 | acc 0.864 | lr 2.97e-04
  iter   700/3125 | loss 1.3165 | acc 0.862 | lr 2.97e-04
  iter   750/3125 | loss 1.7247 | acc 0.862 | lr 2.97e-04
  iter   800/3125 | loss 1.4374 | acc 0.861 | lr 2.97e-04
  iter   850/3125 | loss 1.4931 | acc 0.861 | lr 2.97e-04
  iter   900/3125 | loss 1.3921 | acc 0.860 | lr 2.97e-04
  iter   950/3125 | loss 1.4551 | acc 0.860 | lr 2.97e-04
  iter  1000/3125 | loss 1.6364 | acc 0.859 | lr 2.97e-04
  iter  1050/3125 | loss 1.5040 | acc 0.857 | lr 2.97e-04
  iter  1100/3125 | loss 1.5515 | acc 0.857 | lr 2.97e-04
  iter  1150/3125 | loss 1.4110 | acc 0.857 | lr 2.97e-04
  iter  1200/3125 | loss 1.4842 | acc 0.856 | lr 2.97e-04
  iter  1250/3125 | loss 1.5530 | acc 0.855 | lr 2.97e-04
  iter  1300/3125 | loss 1.6214 | acc 0.854 | lr 2.97e-04
  iter  1350/3125 | loss 1.7555 | acc 0.853 | lr 2.97e-04
  iter  1400/3125 | loss 1.6441 | acc 0.852 | lr 2.97e-04
  iter  1450/3125 | loss 1.5023 | acc 0.851 | lr 2.97e-04
  iter  1500/3125 | loss 1.6721 | acc 0.850 | lr 2.97e-04
  iter  1550/3125 | loss 1.4930 | acc 0.849 | lr 2.97e-04
  iter  1600/3125 | loss 1.3023 | acc 0.848 | lr 2.97e-04
  iter  1650/3125 | loss 1.6299 | acc 0.847 | lr 2.97e-04
  iter  1700/3125 | loss 1.3649 | acc 0.846 | lr 2.97e-04
  iter  1750/3125 | loss 1.6853 | acc 0.846 | lr 2.97e-04
  iter  1800/3125 | loss 1.7484 | acc 0.845 | lr 2.97e-04
  iter  1850/3125 | loss 1.4818 | acc 0.845 | lr 2.97e-04
  iter  1900/3125 | loss 1.3259 | acc 0.845 | lr 2.97e-04
  iter  1950/3125 | loss 1.3325 | acc 0.844 | lr 2.97e-04
  iter  2000/3125 | loss 1.6120 | acc 0.844 | lr 2.97e-04
  iter  2050/3125 | loss 1.5433 | acc 0.844 | lr 2.97e-04
  iter  2100/3125 | loss 1.3817 | acc 0.843 | lr 2.97e-04
  iter  2150/3125 | loss 1.6943 | acc 0.842 | lr 2.97e-04
  iter  2200/3125 | loss 1.6495 | acc 0.841 | lr 2.97e-04
  iter  2250/3125 | loss 1.7772 | acc 0.840 | lr 2.97e-04
  iter  2300/3125 | loss 2.0052 | acc 0.840 | lr 2.97e-04
  iter  2350/3125 | loss 1.2072 | acc 0.839 | lr 2.97e-04
  iter  2400/3125 | loss 1.5327 | acc 0.839 | lr 2.97e-04
  iter  2450/3125 | loss 1.4460 | acc 0.838 | lr 2.97e-04
  iter  2500/3125 | loss 1.7054 | acc 0.838 | lr 2.97e-04
  iter  2550/3125 | loss 1.8878 | acc 0.837 | lr 2.97e-04
  iter  2600/3125 | loss 1.6611 | acc 0.836 | lr 2.97e-04
  iter  2650/3125 | loss 1.7076 | acc 0.835 | lr 2.97e-04
  iter  2700/3125 | loss 1.4752 | acc 0.834 | lr 2.97e-04
  iter  2750/3125 | loss 1.6143 | acc 0.834 | lr 2.97e-04
  iter  2800/3125 | loss 1.4881 | acc 0.834 | lr 2.97e-04
  iter  2850/3125 | loss 1.4992 | acc 0.833 | lr 2.97e-04
  iter  2900/3125 | loss 1.7542 | acc 0.832 | lr 2.97e-04
  iter  2950/3125 | loss 1.4606 | acc 0.832 | lr 2.97e-04
  iter  3000/3125 | loss 1.3114 | acc 0.831 | lr 2.97e-04
  iter  3050/3125 | loss 1.4028 | acc 0.830 | lr 2.97e-04
  iter  3100/3125 | loss 1.5086 | acc 0.830 | lr 2.97e-04
[Epoch 025] Train loss=1.5325, acc=0.8297 | opt_steps=3125
[Epoch 025] Val   loss=2.3227, acc=0.4799, lr=2.97e-04
  iter    50/3125 | loss 1.5221 | acc 0.890 | lr 2.97e-04
  iter   100/3125 | loss 1.3499 | acc 0.885 | lr 2.97e-04
  iter   150/3125 | loss 1.3746 | acc 0.884 | lr 2.97e-04
  iter   200/3125 | loss 1.2291 | acc 0.883 | lr 2.97e-04
  iter   250/3125 | loss 1.3887 | acc 0.884 | lr 2.97e-04
  iter   300/3125 | loss 1.4036 | acc 0.882 | lr 2.97e-04
  iter   350/3125 | loss 1.4241 | acc 0.881 | lr 2.97e-04
  iter   400/3125 | loss 1.3358 | acc 0.881 | lr 2.97e-04
  iter   450/3125 | loss 1.4909 | acc 0.881 | lr 2.97e-04
  iter   500/3125 | loss 1.3611 | acc 0.878 | lr 2.97e-04
  iter   550/3125 | loss 1.4956 | acc 0.878 | lr 2.97e-04
  iter   600/3125 | loss 1.4132 | acc 0.876 | lr 2.97e-04
  iter   650/3125 | loss 1.3754 | acc 0.875 | lr 2.97e-04
  iter   700/3125 | loss 1.3870 | acc 0.874 | lr 2.97e-04
  iter   750/3125 | loss 1.5878 | acc 0.873 | lr 2.97e-04
  iter   800/3125 | loss 1.4826 | acc 0.874 | lr 2.97e-04
  iter   850/3125 | loss 1.2629 | acc 0.873 | lr 2.97e-04
  iter   900/3125 | loss 1.5418 | acc 0.872 | lr 2.97e-04
  iter   950/3125 | loss 1.2843 | acc 0.872 | lr 2.97e-04
  iter  1000/3125 | loss 1.4220 | acc 0.870 | lr 2.97e-04
  iter  1050/3125 | loss 1.5919 | acc 0.869 | lr 2.97e-04
  iter  1100/3125 | loss 1.3540 | acc 0.868 | lr 2.97e-04
  iter  1150/3125 | loss 1.2882 | acc 0.867 | lr 2.97e-04
  iter  1200/3125 | loss 1.6243 | acc 0.866 | lr 2.97e-04
  iter  1250/3125 | loss 1.6575 | acc 0.865 | lr 2.97e-04
  iter  1300/3125 | loss 1.5081 | acc 0.864 | lr 2.97e-04
  iter  1350/3125 | loss 1.7029 | acc 0.863 | lr 2.97e-04
  iter  1400/3125 | loss 1.2533 | acc 0.863 | lr 2.97e-04
  iter  1450/3125 | loss 1.3973 | acc 0.862 | lr 2.97e-04
  iter  1500/3125 | loss 1.4073 | acc 0.862 | lr 2.97e-04
  iter  1550/3125 | loss 1.5201 | acc 0.861 | lr 2.97e-04
  iter  1600/3125 | loss 1.4832 | acc 0.861 | lr 2.97e-04
  iter  1650/3125 | loss 1.3778 | acc 0.860 | lr 2.97e-04
  iter  1700/3125 | loss 1.3199 | acc 0.860 | lr 2.97e-04
  iter  1750/3125 | loss 1.4211 | acc 0.859 | lr 2.97e-04
  iter  1800/3125 | loss 1.3684 | acc 0.858 | lr 2.97e-04
  iter  1850/3125 | loss 1.4549 | acc 0.857 | lr 2.97e-04
  iter  1900/3125 | loss 1.4326 | acc 0.856 | lr 2.97e-04
  iter  1950/3125 | loss 1.4563 | acc 0.856 | lr 2.97e-04
  iter  2000/3125 | loss 1.6183 | acc 0.855 | lr 2.97e-04
  iter  2050/3125 | loss 1.4692 | acc 0.854 | lr 2.97e-04
  iter  2100/3125 | loss 1.7755 | acc 0.854 | lr 2.97e-04
  iter  2150/3125 | loss 1.6055 | acc 0.853 | lr 2.97e-04
  iter  2200/3125 | loss 1.7992 | acc 0.853 | lr 2.97e-04
  iter  2250/3125 | loss 1.3828 | acc 0.852 | lr 2.97e-04
  iter  2300/3125 | loss 1.4670 | acc 0.852 | lr 2.97e-04
  iter  2350/3125 | loss 1.6223 | acc 0.851 | lr 2.97e-04
  iter  2400/3125 | loss 1.4910 | acc 0.851 | lr 2.97e-04
  iter  2450/3125 | loss 1.4419 | acc 0.850 | lr 2.97e-04
  iter  2500/3125 | loss 1.4711 | acc 0.850 | lr 2.97e-04
  iter  2550/3125 | loss 1.7558 | acc 0.849 | lr 2.97e-04
  iter  2600/3125 | loss 1.4395 | acc 0.849 | lr 2.97e-04
  iter  2650/3125 | loss 1.9433 | acc 0.848 | lr 2.97e-04
  iter  2700/3125 | loss 1.6607 | acc 0.848 | lr 2.97e-04
  iter  2750/3125 | loss 1.4716 | acc 0.847 | lr 2.97e-04
  iter  2800/3125 | loss 1.6334 | acc 0.847 | lr 2.97e-04
  iter  2850/3125 | loss 1.3837 | acc 0.846 | lr 2.97e-04
  iter  2900/3125 | loss 1.6012 | acc 0.845 | lr 2.97e-04
  iter  2950/3125 | loss 1.6310 | acc 0.845 | lr 2.97e-04
  iter  3000/3125 | loss 1.5581 | acc 0.845 | lr 2.97e-04
  iter  3050/3125 | loss 1.5680 | acc 0.844 | lr 2.97e-04
  iter  3100/3125 | loss 1.6078 | acc 0.843 | lr 2.97e-04
[Epoch 026] Train loss=1.4963, acc=0.8428 | opt_steps=3125
[Epoch 026] Val   loss=2.3382, acc=0.4806, lr=2.97e-04
  iter    50/3125 | loss 1.3438 | acc 0.887 | lr 2.97e-04
  iter   100/3125 | loss 1.2600 | acc 0.894 | lr 2.97e-04
  iter   150/3125 | loss 1.2601 | acc 0.895 | lr 2.97e-04
  iter   200/3125 | loss 1.3964 | acc 0.894 | lr 2.97e-04
  iter   250/3125 | loss 1.2966 | acc 0.893 | lr 2.97e-04
  iter   300/3125 | loss 1.2720 | acc 0.890 | lr 2.96e-04
  iter   350/3125 | loss 1.3106 | acc 0.888 | lr 2.96e-04
  iter   400/3125 | loss 1.4670 | acc 0.888 | lr 2.96e-04
  iter   450/3125 | loss 1.2864 | acc 0.886 | lr 2.96e-04
  iter   500/3125 | loss 1.5339 | acc 0.884 | lr 2.96e-04
  iter   550/3125 | loss 1.3577 | acc 0.884 | lr 2.96e-04
  iter   600/3125 | loss 1.7168 | acc 0.882 | lr 2.96e-04
  iter   650/3125 | loss 1.4125 | acc 0.881 | lr 2.96e-04
  iter   700/3125 | loss 1.5828 | acc 0.880 | lr 2.96e-04
  iter   750/3125 | loss 1.6229 | acc 0.880 | lr 2.96e-04
  iter   800/3125 | loss 1.3856 | acc 0.880 | lr 2.96e-04
  iter   850/3125 | loss 1.3901 | acc 0.879 | lr 2.96e-04
  iter   900/3125 | loss 1.6058 | acc 0.879 | lr 2.96e-04
  iter   950/3125 | loss 1.5625 | acc 0.877 | lr 2.96e-04
  iter  1000/3125 | loss 1.1948 | acc 0.877 | lr 2.96e-04
  iter  1050/3125 | loss 1.3586 | acc 0.876 | lr 2.96e-04
  iter  1100/3125 | loss 1.5592 | acc 0.876 | lr 2.96e-04
  iter  1150/3125 | loss 1.4759 | acc 0.876 | lr 2.96e-04
  iter  1200/3125 | loss 1.4938 | acc 0.875 | lr 2.96e-04
  iter  1250/3125 | loss 1.2567 | acc 0.874 | lr 2.96e-04
  iter  1300/3125 | loss 1.3745 | acc 0.874 | lr 2.96e-04
  iter  1350/3125 | loss 1.7434 | acc 0.873 | lr 2.96e-04
  iter  1400/3125 | loss 1.4218 | acc 0.872 | lr 2.96e-04
  iter  1450/3125 | loss 1.3570 | acc 0.871 | lr 2.96e-04
  iter  1500/3125 | loss 1.6746 | acc 0.870 | lr 2.96e-04
  iter  1550/3125 | loss 1.6271 | acc 0.869 | lr 2.96e-04
  iter  1600/3125 | loss 1.4557 | acc 0.869 | lr 2.96e-04
  iter  1650/3125 | loss 1.3232 | acc 0.868 | lr 2.96e-04
  iter  1700/3125 | loss 1.6381 | acc 0.867 | lr 2.96e-04
  iter  1750/3125 | loss 1.5712 | acc 0.867 | lr 2.96e-04
  iter  1800/3125 | loss 1.3043 | acc 0.867 | lr 2.96e-04
  iter  1850/3125 | loss 1.4921 | acc 0.866 | lr 2.96e-04
  iter  1900/3125 | loss 1.4254 | acc 0.866 | lr 2.96e-04
  iter  1950/3125 | loss 1.5991 | acc 0.865 | lr 2.96e-04
  iter  2000/3125 | loss 1.6004 | acc 0.864 | lr 2.96e-04
  iter  2050/3125 | loss 1.4704 | acc 0.863 | lr 2.96e-04
  iter  2100/3125 | loss 1.4700 | acc 0.863 | lr 2.96e-04
  iter  2150/3125 | loss 1.5665 | acc 0.862 | lr 2.96e-04
  iter  2200/3125 | loss 1.7261 | acc 0.862 | lr 2.96e-04
  iter  2250/3125 | loss 1.5352 | acc 0.861 | lr 2.96e-04
  iter  2300/3125 | loss 1.4377 | acc 0.861 | lr 2.96e-04
  iter  2350/3125 | loss 1.4832 | acc 0.861 | lr 2.96e-04
  iter  2400/3125 | loss 1.3896 | acc 0.860 | lr 2.96e-04
  iter  2450/3125 | loss 1.6210 | acc 0.860 | lr 2.96e-04
  iter  2500/3125 | loss 1.7468 | acc 0.859 | lr 2.96e-04
  iter  2550/3125 | loss 1.3485 | acc 0.859 | lr 2.96e-04
  iter  2600/3125 | loss 1.8583 | acc 0.858 | lr 2.96e-04
  iter  2650/3125 | loss 1.4859 | acc 0.858 | lr 2.96e-04
  iter  2700/3125 | loss 1.5187 | acc 0.857 | lr 2.96e-04
  iter  2750/3125 | loss 1.3883 | acc 0.857 | lr 2.96e-04
  iter  2800/3125 | loss 1.5431 | acc 0.857 | lr 2.96e-04
  iter  2850/3125 | loss 1.4539 | acc 0.856 | lr 2.96e-04
  iter  2900/3125 | loss 1.3188 | acc 0.856 | lr 2.96e-04
  iter  2950/3125 | loss 1.5111 | acc 0.855 | lr 2.96e-04
  iter  3000/3125 | loss 1.3618 | acc 0.855 | lr 2.96e-04
  iter  3050/3125 | loss 1.2769 | acc 0.854 | lr 2.96e-04
  iter  3100/3125 | loss 1.4587 | acc 0.853 | lr 2.96e-04
[Epoch 027] Train loss=1.4688, acc=0.8529 | opt_steps=3125
[Epoch 027] Val   loss=2.3524, acc=0.4830, lr=2.96e-04
  🌟 New best saved @ lstm5_attn_dwt_best.pth (acc=0.4830)
  iter    50/3125 | loss 1.2201 | acc 0.884 | lr 2.96e-04
  iter   100/3125 | loss 1.2064 | acc 0.892 | lr 2.96e-04
  iter   150/3125 | loss 1.4017 | acc 0.892 | lr 2.96e-04
  iter   200/3125 | loss 1.4223 | acc 0.892 | lr 2.96e-04
  iter   250/3125 | loss 1.3712 | acc 0.893 | lr 2.96e-04
  iter   300/3125 | loss 1.4279 | acc 0.893 | lr 2.96e-04
  iter   350/3125 | loss 1.2786 | acc 0.894 | lr 2.96e-04
  iter   400/3125 | loss 1.3377 | acc 0.893 | lr 2.96e-04
  iter   450/3125 | loss 1.3668 | acc 0.892 | lr 2.96e-04
  iter   500/3125 | loss 1.4161 | acc 0.892 | lr 2.96e-04
  iter   550/3125 | loss 1.5408 | acc 0.890 | lr 2.96e-04
  iter   600/3125 | loss 1.2404 | acc 0.890 | lr 2.96e-04
  iter   650/3125 | loss 1.7564 | acc 0.889 | lr 2.96e-04
  iter   700/3125 | loss 1.3703 | acc 0.887 | lr 2.96e-04
  iter   750/3125 | loss 1.3667 | acc 0.886 | lr 2.96e-04
  iter   800/3125 | loss 1.6972 | acc 0.885 | lr 2.96e-04
  iter   850/3125 | loss 1.4764 | acc 0.884 | lr 2.96e-04
  iter   900/3125 | loss 1.2120 | acc 0.884 | lr 2.96e-04
  iter   950/3125 | loss 1.2937 | acc 0.884 | lr 2.96e-04
  iter  1000/3125 | loss 1.5674 | acc 0.883 | lr 2.96e-04
  iter  1050/3125 | loss 1.5756 | acc 0.882 | lr 2.96e-04
  iter  1100/3125 | loss 1.2763 | acc 0.882 | lr 2.96e-04
  iter  1150/3125 | loss 1.5804 | acc 0.881 | lr 2.96e-04
  iter  1200/3125 | loss 1.3187 | acc 0.880 | lr 2.96e-04
  iter  1250/3125 | loss 1.2816 | acc 0.879 | lr 2.96e-04
  iter  1300/3125 | loss 1.6643 | acc 0.879 | lr 2.96e-04
  iter  1350/3125 | loss 1.4856 | acc 0.878 | lr 2.96e-04
  iter  1400/3125 | loss 1.2501 | acc 0.877 | lr 2.96e-04
  iter  1450/3125 | loss 1.4379 | acc 0.877 | lr 2.96e-04
  iter  1500/3125 | loss 1.5696 | acc 0.876 | lr 2.96e-04
  iter  1550/3125 | loss 1.4736 | acc 0.874 | lr 2.96e-04
  iter  1600/3125 | loss 1.3832 | acc 0.874 | lr 2.96e-04
  iter  1650/3125 | loss 1.4720 | acc 0.873 | lr 2.96e-04
  iter  1700/3125 | loss 1.6059 | acc 0.873 | lr 2.96e-04
  iter  1750/3125 | loss 1.4843 | acc 0.873 | lr 2.96e-04
  iter  1800/3125 | loss 1.6090 | acc 0.872 | lr 2.96e-04
  iter  1850/3125 | loss 1.5111 | acc 0.872 | lr 2.96e-04
  iter  1900/3125 | loss 1.2296 | acc 0.871 | lr 2.96e-04
  iter  1950/3125 | loss 1.4060 | acc 0.871 | lr 2.96e-04
  iter  2000/3125 | loss 1.6180 | acc 0.870 | lr 2.96e-04
  iter  2050/3125 | loss 1.6303 | acc 0.869 | lr 2.96e-04
  iter  2100/3125 | loss 1.3948 | acc 0.869 | lr 2.96e-04
  iter  2150/3125 | loss 1.4556 | acc 0.868 | lr 2.96e-04
  iter  2200/3125 | loss 1.7232 | acc 0.868 | lr 2.96e-04
  iter  2250/3125 | loss 1.4538 | acc 0.867 | lr 2.96e-04
  iter  2300/3125 | loss 1.3502 | acc 0.867 | lr 2.96e-04
  iter  2350/3125 | loss 1.5121 | acc 0.867 | lr 2.96e-04
  iter  2400/3125 | loss 1.7049 | acc 0.866 | lr 2.96e-04
  iter  2450/3125 | loss 1.4832 | acc 0.865 | lr 2.96e-04
  iter  2500/3125 | loss 1.3963 | acc 0.865 | lr 2.96e-04
  iter  2550/3125 | loss 1.4906 | acc 0.864 | lr 2.96e-04
  iter  2600/3125 | loss 1.4266 | acc 0.864 | lr 2.96e-04
  iter  2650/3125 | loss 1.5914 | acc 0.863 | lr 2.95e-04
  iter  2700/3125 | loss 1.5204 | acc 0.863 | lr 2.95e-04
  iter  2750/3125 | loss 1.3013 | acc 0.862 | lr 2.95e-04
  iter  2800/3125 | loss 1.3598 | acc 0.862 | lr 2.95e-04
  iter  2850/3125 | loss 1.5223 | acc 0.862 | lr 2.95e-04
  iter  2900/3125 | loss 1.3575 | acc 0.861 | lr 2.95e-04
  iter  2950/3125 | loss 1.3239 | acc 0.861 | lr 2.95e-04
  iter  3000/3125 | loss 1.3040 | acc 0.861 | lr 2.95e-04
  iter  3050/3125 | loss 1.3215 | acc 0.860 | lr 2.95e-04
  iter  3100/3125 | loss 1.4287 | acc 0.860 | lr 2.95e-04
[Epoch 028] Train loss=1.4436, acc=0.8598 | opt_steps=3125
[Epoch 028] Val   loss=2.3655, acc=0.4835, lr=2.95e-04
  🌟 New best saved @ lstm5_attn_dwt_best.pth (acc=0.4835)
  iter    50/3125 | loss 1.1911 | acc 0.904 | lr 2.95e-04
  iter   100/3125 | loss 1.4140 | acc 0.902 | lr 2.95e-04
  iter   150/3125 | loss 1.2412 | acc 0.905 | lr 2.95e-04
  iter   200/3125 | loss 1.4633 | acc 0.902 | lr 2.95e-04
  iter   250/3125 | loss 1.3724 | acc 0.902 | lr 2.95e-04
  iter   300/3125 | loss 1.5528 | acc 0.903 | lr 2.95e-04
  iter   350/3125 | loss 1.3676 | acc 0.900 | lr 2.95e-04
  iter   400/3125 | loss 1.2591 | acc 0.900 | lr 2.95e-04
  iter   450/3125 | loss 1.2326 | acc 0.899 | lr 2.95e-04
  iter   500/3125 | loss 1.3783 | acc 0.898 | lr 2.95e-04
  iter   550/3125 | loss 1.3941 | acc 0.896 | lr 2.95e-04
  iter   600/3125 | loss 1.3417 | acc 0.896 | lr 2.95e-04
  iter   650/3125 | loss 1.3380 | acc 0.895 | lr 2.95e-04
  iter   700/3125 | loss 1.4806 | acc 0.894 | lr 2.95e-04
  iter   750/3125 | loss 1.2895 | acc 0.893 | lr 2.95e-04
  iter   800/3125 | loss 1.4630 | acc 0.892 | lr 2.95e-04
  iter   850/3125 | loss 1.2592 | acc 0.891 | lr 2.95e-04
  iter   900/3125 | loss 1.5833 | acc 0.889 | lr 2.95e-04
  iter   950/3125 | loss 1.5217 | acc 0.889 | lr 2.95e-04
  iter  1000/3125 | loss 1.4061 | acc 0.888 | lr 2.95e-04
  iter  1050/3125 | loss 1.2780 | acc 0.887 | lr 2.95e-04
  iter  1100/3125 | loss 1.1525 | acc 0.887 | lr 2.95e-04
  iter  1150/3125 | loss 1.6928 | acc 0.887 | lr 2.95e-04
  iter  1200/3125 | loss 1.4961 | acc 0.886 | lr 2.95e-04
  iter  1250/3125 | loss 1.3416 | acc 0.886 | lr 2.95e-04
  iter  1300/3125 | loss 1.4864 | acc 0.885 | lr 2.95e-04
  iter  1350/3125 | loss 1.6331 | acc 0.885 | lr 2.95e-04
  iter  1400/3125 | loss 1.5092 | acc 0.884 | lr 2.95e-04
  iter  1450/3125 | loss 1.5305 | acc 0.883 | lr 2.95e-04
  iter  1500/3125 | loss 1.4543 | acc 0.882 | lr 2.95e-04
  iter  1550/3125 | loss 1.6189 | acc 0.882 | lr 2.95e-04
  iter  1600/3125 | loss 1.4608 | acc 0.881 | lr 2.95e-04
  iter  1650/3125 | loss 1.4706 | acc 0.881 | lr 2.95e-04
  iter  1700/3125 | loss 1.3007 | acc 0.880 | lr 2.95e-04
  iter  1750/3125 | loss 1.4969 | acc 0.880 | lr 2.95e-04
  iter  1800/3125 | loss 1.2987 | acc 0.880 | lr 2.95e-04
  iter  1850/3125 | loss 1.2358 | acc 0.879 | lr 2.95e-04
  iter  1900/3125 | loss 1.3991 | acc 0.878 | lr 2.95e-04
  iter  1950/3125 | loss 1.4588 | acc 0.877 | lr 2.95e-04
  iter  2000/3125 | loss 1.5921 | acc 0.877 | lr 2.95e-04
  iter  2050/3125 | loss 1.2739 | acc 0.876 | lr 2.95e-04
  iter  2100/3125 | loss 1.5906 | acc 0.875 | lr 2.95e-04
  iter  2150/3125 | loss 1.4949 | acc 0.875 | lr 2.95e-04
  iter  2200/3125 | loss 1.6214 | acc 0.874 | lr 2.95e-04
  iter  2250/3125 | loss 1.4324 | acc 0.874 | lr 2.95e-04
  iter  2300/3125 | loss 1.6386 | acc 0.874 | lr 2.95e-04
  iter  2350/3125 | loss 1.5646 | acc 0.874 | lr 2.95e-04
  iter  2400/3125 | loss 1.4313 | acc 0.873 | lr 2.95e-04
  iter  2450/3125 | loss 1.5506 | acc 0.873 | lr 2.95e-04
  iter  2500/3125 | loss 1.5241 | acc 0.872 | lr 2.95e-04
  iter  2550/3125 | loss 1.3803 | acc 0.872 | lr 2.95e-04
  iter  2600/3125 | loss 1.2313 | acc 0.872 | lr 2.95e-04
  iter  2650/3125 | loss 1.1573 | acc 0.871 | lr 2.95e-04
  iter  2700/3125 | loss 1.4200 | acc 0.870 | lr 2.95e-04
  iter  2750/3125 | loss 1.6049 | acc 0.870 | lr 2.95e-04
  iter  2800/3125 | loss 1.6673 | acc 0.869 | lr 2.95e-04
  iter  2850/3125 | loss 1.6233 | acc 0.869 | lr 2.95e-04
  iter  2900/3125 | loss 1.3347 | acc 0.868 | lr 2.95e-04
  iter  2950/3125 | loss 1.6694 | acc 0.868 | lr 2.95e-04
  iter  3000/3125 | loss 1.2504 | acc 0.868 | lr 2.95e-04
  iter  3050/3125 | loss 1.6034 | acc 0.867 | lr 2.95e-04
  iter  3100/3125 | loss 1.3762 | acc 0.867 | lr 2.95e-04
[Epoch 029] Train loss=1.4235, acc=0.8669 | opt_steps=3125
[Epoch 029] Val   loss=2.3744, acc=0.4839, lr=2.95e-04
  🌟 New best saved @ lstm5_attn_dwt_best.pth (acc=0.4839)
  iter    50/3125 | loss 1.4810 | acc 0.904 | lr 2.95e-04
  iter   100/3125 | loss 1.1795 | acc 0.911 | lr 2.95e-04
  iter   150/3125 | loss 1.1475 | acc 0.912 | lr 2.95e-04
  iter   200/3125 | loss 1.2111 | acc 0.910 | lr 2.95e-04
  iter   250/3125 | loss 1.2028 | acc 0.909 | lr 2.95e-04
  iter   300/3125 | loss 1.6570 | acc 0.906 | lr 2.95e-04
  iter   350/3125 | loss 1.4842 | acc 0.907 | lr 2.95e-04
  iter   400/3125 | loss 1.6874 | acc 0.907 | lr 2.95e-04
  iter   450/3125 | loss 1.3287 | acc 0.905 | lr 2.95e-04
  iter   500/3125 | loss 1.2311 | acc 0.904 | lr 2.95e-04
  iter   550/3125 | loss 1.3457 | acc 0.903 | lr 2.95e-04
  iter   600/3125 | loss 1.2744 | acc 0.903 | lr 2.95e-04
  iter   650/3125 | loss 1.6546 | acc 0.902 | lr 2.95e-04
  iter   700/3125 | loss 1.4773 | acc 0.901 | lr 2.95e-04
  iter   750/3125 | loss 1.2865 | acc 0.900 | lr 2.95e-04
  iter   800/3125 | loss 1.4403 | acc 0.898 | lr 2.95e-04
  iter   850/3125 | loss 1.4322 | acc 0.898 | lr 2.95e-04
  iter   900/3125 | loss 1.5639 | acc 0.897 | lr 2.95e-04
  iter   950/3125 | loss 1.5113 | acc 0.897 | lr 2.95e-04
  iter  1000/3125 | loss 1.5128 | acc 0.897 | lr 2.95e-04
  iter  1050/3125 | loss 1.2091 | acc 0.896 | lr 2.95e-04
  iter  1100/3125 | loss 1.5813 | acc 0.894 | lr 2.95e-04
  iter  1150/3125 | loss 1.6714 | acc 0.894 | lr 2.95e-04
  iter  1200/3125 | loss 1.4640 | acc 0.894 | lr 2.95e-04
  iter  1250/3125 | loss 1.5309 | acc 0.893 | lr 2.95e-04
  iter  1300/3125 | loss 1.3490 | acc 0.892 | lr 2.95e-04
  iter  1350/3125 | loss 1.4367 | acc 0.892 | lr 2.94e-04
  iter  1400/3125 | loss 1.4336 | acc 0.892 | lr 2.94e-04
  iter  1450/3125 | loss 1.2605 | acc 0.891 | lr 2.94e-04
  iter  1500/3125 | loss 1.3765 | acc 0.891 | lr 2.94e-04
  iter  1550/3125 | loss 1.2121 | acc 0.891 | lr 2.94e-04
  iter  1600/3125 | loss 1.4400 | acc 0.890 | lr 2.94e-04
  iter  1650/3125 | loss 1.5240 | acc 0.889 | lr 2.94e-04
  iter  1700/3125 | loss 1.7168 | acc 0.889 | lr 2.94e-04
  iter  1750/3125 | loss 1.5175 | acc 0.888 | lr 2.94e-04
  iter  1800/3125 | loss 1.4169 | acc 0.888 | lr 2.94e-04
  iter  1850/3125 | loss 1.4125 | acc 0.887 | lr 2.94e-04
  iter  1900/3125 | loss 1.4031 | acc 0.887 | lr 2.94e-04
  iter  1950/3125 | loss 1.7127 | acc 0.886 | lr 2.94e-04
  iter  2000/3125 | loss 1.3765 | acc 0.886 | lr 2.94e-04
  iter  2050/3125 | loss 1.3898 | acc 0.885 | lr 2.94e-04
  iter  2100/3125 | loss 1.5252 | acc 0.885 | lr 2.94e-04
  iter  2150/3125 | loss 1.4660 | acc 0.885 | lr 2.94e-04
  iter  2200/3125 | loss 1.4989 | acc 0.884 | lr 2.94e-04
  iter  2250/3125 | loss 1.4548 | acc 0.884 | lr 2.94e-04
  iter  2300/3125 | loss 1.4005 | acc 0.883 | lr 2.94e-04
  iter  2350/3125 | loss 1.5379 | acc 0.883 | lr 2.94e-04
  iter  2400/3125 | loss 1.2627 | acc 0.883 | lr 2.94e-04
  iter  2450/3125 | loss 1.3294 | acc 0.882 | lr 2.94e-04
  iter  2500/3125 | loss 1.1976 | acc 0.882 | lr 2.94e-04
  iter  2550/3125 | loss 1.3777 | acc 0.881 | lr 2.94e-04
  iter  2600/3125 | loss 1.7368 | acc 0.881 | lr 2.94e-04
  iter  2650/3125 | loss 1.4333 | acc 0.880 | lr 2.94e-04
  iter  2700/3125 | loss 1.4503 | acc 0.880 | lr 2.94e-04
  iter  2750/3125 | loss 1.2910 | acc 0.879 | lr 2.94e-04
  iter  2800/3125 | loss 1.5594 | acc 0.878 | lr 2.94e-04
  iter  2850/3125 | loss 1.4592 | acc 0.878 | lr 2.94e-04
  iter  2900/3125 | loss 1.3716 | acc 0.878 | lr 2.94e-04
  iter  2950/3125 | loss 1.3477 | acc 0.877 | lr 2.94e-04
  iter  3000/3125 | loss 1.2661 | acc 0.877 | lr 2.94e-04
  iter  3050/3125 | loss 1.2791 | acc 0.876 | lr 2.94e-04
  iter  3100/3125 | loss 1.4866 | acc 0.876 | lr 2.94e-04
[Epoch 030] Train loss=1.4025, acc=0.8755 | opt_steps=3125
[Epoch 030] Val   loss=2.3858, acc=0.4815, lr=2.94e-04
  iter    50/3125 | loss 1.4006 | acc 0.899 | lr 2.94e-04
  iter   100/3125 | loss 1.1994 | acc 0.910 | lr 2.94e-04
  iter   150/3125 | loss 1.2171 | acc 0.912 | lr 2.94e-04
  iter   200/3125 | loss 1.4125 | acc 0.910 | lr 2.94e-04
  iter   250/3125 | loss 1.4015 | acc 0.911 | lr 2.94e-04
  iter   300/3125 | loss 1.4230 | acc 0.910 | lr 2.94e-04
  iter   350/3125 | loss 1.1263 | acc 0.910 | lr 2.94e-04
  iter   400/3125 | loss 1.2774 | acc 0.910 | lr 2.94e-04
  iter   450/3125 | loss 1.2710 | acc 0.908 | lr 2.94e-04
  iter   500/3125 | loss 1.3739 | acc 0.907 | lr 2.94e-04
  iter   550/3125 | loss 1.2959 | acc 0.906 | lr 2.94e-04
  iter   600/3125 | loss 1.3457 | acc 0.906 | lr 2.94e-04
  iter   650/3125 | loss 1.3094 | acc 0.905 | lr 2.94e-04
  iter   700/3125 | loss 1.4739 | acc 0.904 | lr 2.94e-04
  iter   750/3125 | loss 1.4221 | acc 0.904 | lr 2.94e-04
  iter   800/3125 | loss 1.3429 | acc 0.903 | lr 2.94e-04
  iter   850/3125 | loss 1.3281 | acc 0.903 | lr 2.94e-04
  iter   900/3125 | loss 1.3213 | acc 0.902 | lr 2.94e-04
  iter   950/3125 | loss 1.5283 | acc 0.901 | lr 2.94e-04
  iter  1000/3125 | loss 1.3200 | acc 0.901 | lr 2.94e-04
  iter  1050/3125 | loss 1.2888 | acc 0.900 | lr 2.94e-04
  iter  1100/3125 | loss 1.3473 | acc 0.899 | lr 2.94e-04
  iter  1150/3125 | loss 1.3386 | acc 0.899 | lr 2.94e-04
  iter  1200/3125 | loss 1.3531 | acc 0.898 | lr 2.94e-04
  iter  1250/3125 | loss 1.3450 | acc 0.897 | lr 2.94e-04
  iter  1300/3125 | loss 1.2820 | acc 0.897 | lr 2.94e-04
  iter  1350/3125 | loss 1.1532 | acc 0.896 | lr 2.94e-04
  iter  1400/3125 | loss 1.3719 | acc 0.896 | lr 2.94e-04
  iter  1450/3125 | loss 1.5037 | acc 0.896 | lr 2.94e-04
  iter  1500/3125 | loss 1.3005 | acc 0.896 | lr 2.94e-04
  iter  1550/3125 | loss 1.3412 | acc 0.895 | lr 2.94e-04
  iter  1600/3125 | loss 1.4432 | acc 0.894 | lr 2.94e-04
  iter  1650/3125 | loss 1.4031 | acc 0.894 | lr 2.94e-04
  iter  1700/3125 | loss 1.4207 | acc 0.894 | lr 2.94e-04
  iter  1750/3125 | loss 1.5198 | acc 0.893 | lr 2.94e-04
  iter  1800/3125 | loss 1.2552 | acc 0.893 | lr 2.94e-04
  iter  1850/3125 | loss 1.3179 | acc 0.892 | lr 2.94e-04
  iter  1900/3125 | loss 1.4458 | acc 0.892 | lr 2.94e-04
  iter  1950/3125 | loss 1.5307 | acc 0.891 | lr 2.94e-04
  iter  2000/3125 | loss 1.3278 | acc 0.890 | lr 2.94e-04
  iter  2050/3125 | loss 1.2026 | acc 0.890 | lr 2.94e-04
  iter  2100/3125 | loss 1.1766 | acc 0.890 | lr 2.94e-04
  iter  2150/3125 | loss 1.2853 | acc 0.889 | lr 2.94e-04
  iter  2200/3125 | loss 1.2950 | acc 0.889 | lr 2.94e-04
  iter  2250/3125 | loss 1.2511 | acc 0.889 | lr 2.94e-04
  iter  2300/3125 | loss 1.4569 | acc 0.888 | lr 2.94e-04
  iter  2350/3125 | loss 1.5961 | acc 0.888 | lr 2.94e-04
  iter  2400/3125 | loss 1.2718 | acc 0.888 | lr 2.94e-04
  iter  2450/3125 | loss 1.2355 | acc 0.887 | lr 2.94e-04
  iter  2500/3125 | loss 1.5549 | acc 0.887 | lr 2.94e-04
  iter  2550/3125 | loss 1.4192 | acc 0.886 | lr 2.94e-04
  iter  2600/3125 | loss 1.3462 | acc 0.886 | lr 2.94e-04
  iter  2650/3125 | loss 1.6076 | acc 0.886 | lr 2.94e-04
  iter  2700/3125 | loss 1.4025 | acc 0.885 | lr 2.93e-04
  iter  2750/3125 | loss 1.2593 | acc 0.885 | lr 2.93e-04
  iter  2800/3125 | loss 1.5528 | acc 0.884 | lr 2.93e-04
  iter  2850/3125 | loss 1.4959 | acc 0.884 | lr 2.93e-04
  iter  2900/3125 | loss 1.5006 | acc 0.883 | lr 2.93e-04
  iter  2950/3125 | loss 1.3720 | acc 0.883 | lr 2.93e-04
  iter  3000/3125 | loss 1.2572 | acc 0.882 | lr 2.93e-04
  iter  3050/3125 | loss 1.5658 | acc 0.882 | lr 2.93e-04
  iter  3100/3125 | loss 1.3915 | acc 0.881 | lr 2.93e-04
[Epoch 031] Train loss=1.3826, acc=0.8813 | opt_steps=3125
[Epoch 031] Val   loss=2.3941, acc=0.4837, lr=2.93e-04
  iter    50/3125 | loss 1.2740 | acc 0.910 | lr 2.93e-04
  iter   100/3125 | loss 1.2485 | acc 0.915 | lr 2.93e-04
  iter   150/3125 | loss 1.5087 | acc 0.914 | lr 2.93e-04
  iter   200/3125 | loss 1.1711 | acc 0.914 | lr 2.93e-04
  iter   250/3125 | loss 1.5362 | acc 0.913 | lr 2.93e-04
  iter   300/3125 | loss 1.3574 | acc 0.912 | lr 2.93e-04
  iter   350/3125 | loss 1.2891 | acc 0.911 | lr 2.93e-04
  iter   400/3125 | loss 1.5711 | acc 0.911 | lr 2.93e-04
  iter   450/3125 | loss 1.4082 | acc 0.910 | lr 2.93e-04
  iter   500/3125 | loss 1.5783 | acc 0.911 | lr 2.93e-04
  iter   550/3125 | loss 1.3383 | acc 0.910 | lr 2.93e-04
  iter   600/3125 | loss 1.3469 | acc 0.910 | lr 2.93e-04
  iter   650/3125 | loss 1.2082 | acc 0.909 | lr 2.93e-04
  iter   700/3125 | loss 1.3714 | acc 0.908 | lr 2.93e-04
  iter   750/3125 | loss 1.4262 | acc 0.907 | lr 2.93e-04
  iter   800/3125 | loss 1.2068 | acc 0.907 | lr 2.93e-04
  iter   850/3125 | loss 1.3717 | acc 0.906 | lr 2.93e-04
  iter   900/3125 | loss 1.3361 | acc 0.906 | lr 2.93e-04
  iter   950/3125 | loss 1.3322 | acc 0.906 | lr 2.93e-04
  iter  1000/3125 | loss 1.2616 | acc 0.906 | lr 2.93e-04
  iter  1050/3125 | loss 1.2635 | acc 0.905 | lr 2.93e-04
  iter  1100/3125 | loss 1.2413 | acc 0.904 | lr 2.93e-04
  iter  1150/3125 | loss 1.2248 | acc 0.904 | lr 2.93e-04
  iter  1200/3125 | loss 1.4125 | acc 0.903 | lr 2.93e-04
  iter  1250/3125 | loss 1.3061 | acc 0.902 | lr 2.93e-04
  iter  1300/3125 | loss 1.5055 | acc 0.901 | lr 2.93e-04
  iter  1350/3125 | loss 1.4195 | acc 0.901 | lr 2.93e-04
  iter  1400/3125 | loss 1.4279 | acc 0.901 | lr 2.93e-04
  iter  1450/3125 | loss 1.2790 | acc 0.901 | lr 2.93e-04
  iter  1500/3125 | loss 1.5435 | acc 0.900 | lr 2.93e-04
  iter  1550/3125 | loss 1.2566 | acc 0.899 | lr 2.93e-04
  iter  1600/3125 | loss 1.4194 | acc 0.898 | lr 2.93e-04
  iter  1650/3125 | loss 1.2506 | acc 0.897 | lr 2.93e-04
  iter  1700/3125 | loss 1.5548 | acc 0.896 | lr 2.93e-04
  iter  1750/3125 | loss 1.3260 | acc 0.896 | lr 2.93e-04
  iter  1800/3125 | loss 1.2991 | acc 0.896 | lr 2.93e-04
  iter  1850/3125 | loss 1.3129 | acc 0.896 | lr 2.93e-04
  iter  1900/3125 | loss 1.4028 | acc 0.895 | lr 2.93e-04
  iter  1950/3125 | loss 1.2512 | acc 0.894 | lr 2.93e-04
  iter  2000/3125 | loss 1.2345 | acc 0.894 | lr 2.93e-04
  iter  2050/3125 | loss 1.3475 | acc 0.894 | lr 2.93e-04
  iter  2100/3125 | loss 1.2203 | acc 0.893 | lr 2.93e-04
  iter  2150/3125 | loss 1.4380 | acc 0.893 | lr 2.93e-04
  iter  2200/3125 | loss 1.4285 | acc 0.892 | lr 2.93e-04
  iter  2250/3125 | loss 1.3836 | acc 0.891 | lr 2.93e-04
  iter  2300/3125 | loss 1.3405 | acc 0.891 | lr 2.93e-04
  iter  2350/3125 | loss 1.3187 | acc 0.891 | lr 2.93e-04
  iter  2400/3125 | loss 1.2977 | acc 0.890 | lr 2.93e-04
  iter  2450/3125 | loss 1.5336 | acc 0.890 | lr 2.93e-04
  iter  2500/3125 | loss 1.3079 | acc 0.890 | lr 2.93e-04
  iter  2550/3125 | loss 1.4081 | acc 0.890 | lr 2.93e-04
  iter  2600/3125 | loss 1.5675 | acc 0.889 | lr 2.93e-04
  iter  2650/3125 | loss 1.4948 | acc 0.889 | lr 2.93e-04
  iter  2700/3125 | loss 1.2880 | acc 0.888 | lr 2.93e-04
  iter  2750/3125 | loss 1.2988 | acc 0.888 | lr 2.93e-04
  iter  2800/3125 | loss 1.4745 | acc 0.888 | lr 2.93e-04
  iter  2850/3125 | loss 1.2972 | acc 0.887 | lr 2.93e-04
  iter  2900/3125 | loss 1.5654 | acc 0.887 | lr 2.93e-04
  iter  2950/3125 | loss 1.4703 | acc 0.887 | lr 2.93e-04
  iter  3000/3125 | loss 1.4316 | acc 0.886 | lr 2.93e-04
  iter  3050/3125 | loss 1.3455 | acc 0.886 | lr 2.93e-04
  iter  3100/3125 | loss 1.3111 | acc 0.885 | lr 2.93e-04
[Epoch 032] Train loss=1.3671, acc=0.8850 | opt_steps=3125
[Epoch 032] Val   loss=2.3961, acc=0.4855, lr=2.93e-04
  🌟 New best saved @ lstm5_attn_dwt_best.pth (acc=0.4855)
  iter    50/3125 | loss 1.3414 | acc 0.926 | lr 2.93e-04
  iter   100/3125 | loss 1.2214 | acc 0.925 | lr 2.93e-04
  iter   150/3125 | loss 1.3023 | acc 0.921 | lr 2.93e-04
  iter   200/3125 | loss 1.2479 | acc 0.921 | lr 2.93e-04
  iter   250/3125 | loss 1.3398 | acc 0.918 | lr 2.93e-04
  iter   300/3125 | loss 1.2851 | acc 0.918 | lr 2.93e-04
  iter   350/3125 | loss 1.3268 | acc 0.916 | lr 2.93e-04
  iter   400/3125 | loss 1.2582 | acc 0.916 | lr 2.93e-04
  iter   450/3125 | loss 1.6214 | acc 0.914 | lr 2.93e-04
  iter   500/3125 | loss 1.3663 | acc 0.912 | lr 2.93e-04
  iter   550/3125 | loss 1.2812 | acc 0.911 | lr 2.93e-04
  iter   600/3125 | loss 1.4206 | acc 0.911 | lr 2.93e-04
  iter   650/3125 | loss 1.3295 | acc 0.911 | lr 2.92e-04
  iter   700/3125 | loss 1.1725 | acc 0.911 | lr 2.92e-04
  iter   750/3125 | loss 1.3599 | acc 0.910 | lr 2.92e-04
  iter   800/3125 | loss 1.3014 | acc 0.910 | lr 2.92e-04
  iter   850/3125 | loss 1.3024 | acc 0.909 | lr 2.92e-04
  iter   900/3125 | loss 1.4573 | acc 0.908 | lr 2.92e-04
  iter   950/3125 | loss 1.2003 | acc 0.908 | lr 2.92e-04
  iter  1000/3125 | loss 1.4787 | acc 0.907 | lr 2.92e-04
  iter  1050/3125 | loss 1.4509 | acc 0.906 | lr 2.92e-04
  iter  1100/3125 | loss 1.4804 | acc 0.906 | lr 2.92e-04
  iter  1150/3125 | loss 1.4448 | acc 0.904 | lr 2.92e-04
  iter  1200/3125 | loss 1.1804 | acc 0.904 | lr 2.92e-04
  iter  1250/3125 | loss 1.4029 | acc 0.904 | lr 2.92e-04
  iter  1300/3125 | loss 1.3200 | acc 0.903 | lr 2.92e-04
  iter  1350/3125 | loss 1.0980 | acc 0.903 | lr 2.92e-04
  iter  1400/3125 | loss 1.3524 | acc 0.902 | lr 2.92e-04
  iter  1450/3125 | loss 1.6020 | acc 0.902 | lr 2.92e-04
  iter  1500/3125 | loss 1.1849 | acc 0.901 | lr 2.92e-04
  iter  1550/3125 | loss 1.5058 | acc 0.900 | lr 2.92e-04
  iter  1600/3125 | loss 1.5233 | acc 0.900 | lr 2.92e-04
  iter  1650/3125 | loss 1.2249 | acc 0.900 | lr 2.92e-04
  iter  1700/3125 | loss 1.2850 | acc 0.899 | lr 2.92e-04
  iter  1750/3125 | loss 1.3384 | acc 0.899 | lr 2.92e-04
  iter  1800/3125 | loss 1.4399 | acc 0.898 | lr 2.92e-04
  iter  1850/3125 | loss 1.3615 | acc 0.898 | lr 2.92e-04
  iter  1900/3125 | loss 1.4499 | acc 0.897 | lr 2.92e-04
  iter  1950/3125 | loss 1.4541 | acc 0.897 | lr 2.92e-04
  iter  2000/3125 | loss 1.3578 | acc 0.897 | lr 2.92e-04
  iter  2050/3125 | loss 1.3469 | acc 0.897 | lr 2.92e-04
  iter  2100/3125 | loss 1.3326 | acc 0.897 | lr 2.92e-04
  iter  2150/3125 | loss 1.6983 | acc 0.896 | lr 2.92e-04
  iter  2200/3125 | loss 1.3882 | acc 0.896 | lr 2.92e-04
  iter  2250/3125 | loss 1.3986 | acc 0.896 | lr 2.92e-04
  iter  2300/3125 | loss 1.2086 | acc 0.896 | lr 2.92e-04
  iter  2350/3125 | loss 1.5775 | acc 0.895 | lr 2.92e-04
  iter  2400/3125 | loss 1.3015 | acc 0.895 | lr 2.92e-04
  iter  2450/3125 | loss 1.4432 | acc 0.894 | lr 2.92e-04
  iter  2500/3125 | loss 1.5196 | acc 0.894 | lr 2.92e-04
  iter  2550/3125 | loss 1.3015 | acc 0.893 | lr 2.92e-04
  iter  2600/3125 | loss 1.4133 | acc 0.893 | lr 2.92e-04
  iter  2650/3125 | loss 1.3388 | acc 0.893 | lr 2.92e-04
  iter  2700/3125 | loss 1.5204 | acc 0.893 | lr 2.92e-04
  iter  2750/3125 | loss 1.3533 | acc 0.892 | lr 2.92e-04
  iter  2800/3125 | loss 1.3320 | acc 0.892 | lr 2.92e-04
  iter  2850/3125 | loss 1.2258 | acc 0.892 | lr 2.92e-04
  iter  2900/3125 | loss 1.2393 | acc 0.892 | lr 2.92e-04
  iter  2950/3125 | loss 1.6481 | acc 0.891 | lr 2.92e-04
  iter  3000/3125 | loss 1.3625 | acc 0.891 | lr 2.92e-04
  iter  3050/3125 | loss 1.3928 | acc 0.891 | lr 2.92e-04
  iter  3100/3125 | loss 1.2558 | acc 0.890 | lr 2.92e-04
[Epoch 033] Train loss=1.3535, acc=0.8901 | opt_steps=3125
[Epoch 033] Val   loss=2.3972, acc=0.4875, lr=2.92e-04
  🌟 New best saved @ lstm5_attn_dwt_best.pth (acc=0.4875)
  iter    50/3125 | loss 1.2779 | acc 0.931 | lr 2.92e-04
  iter   100/3125 | loss 1.2420 | acc 0.928 | lr 2.92e-04
  iter   150/3125 | loss 1.3184 | acc 0.925 | lr 2.92e-04
  iter   200/3125 | loss 1.1280 | acc 0.921 | lr 2.92e-04
  iter   250/3125 | loss 1.2092 | acc 0.919 | lr 2.92e-04
  iter   300/3125 | loss 1.1833 | acc 0.918 | lr 2.92e-04
  iter   350/3125 | loss 1.1567 | acc 0.917 | lr 2.92e-04
  iter   400/3125 | loss 1.3040 | acc 0.916 | lr 2.92e-04
  iter   450/3125 | loss 1.3092 | acc 0.916 | lr 2.92e-04
  iter   500/3125 | loss 1.4077 | acc 0.915 | lr 2.92e-04
  iter   550/3125 | loss 1.1010 | acc 0.915 | lr 2.92e-04
  iter   600/3125 | loss 1.4589 | acc 0.915 | lr 2.92e-04
  iter   650/3125 | loss 1.2293 | acc 0.914 | lr 2.92e-04
  iter   700/3125 | loss 1.2412 | acc 0.913 | lr 2.92e-04
  iter   750/3125 | loss 1.3897 | acc 0.912 | lr 2.92e-04
  iter   800/3125 | loss 1.2778 | acc 0.912 | lr 2.92e-04
  iter   850/3125 | loss 1.6886 | acc 0.911 | lr 2.92e-04
  iter   900/3125 | loss 1.3691 | acc 0.912 | lr 2.92e-04
  iter   950/3125 | loss 1.2293 | acc 0.911 | lr 2.92e-04
  iter  1000/3125 | loss 1.3187 | acc 0.911 | lr 2.92e-04
  iter  1050/3125 | loss 1.3201 | acc 0.911 | lr 2.92e-04
  iter  1100/3125 | loss 1.2511 | acc 0.910 | lr 2.92e-04
  iter  1150/3125 | loss 1.3859 | acc 0.910 | lr 2.92e-04
  iter  1200/3125 | loss 1.2966 | acc 0.910 | lr 2.92e-04
  iter  1250/3125 | loss 1.3662 | acc 0.909 | lr 2.92e-04
  iter  1300/3125 | loss 1.4885 | acc 0.909 | lr 2.92e-04
  iter  1350/3125 | loss 1.2565 | acc 0.908 | lr 2.92e-04
  iter  1400/3125 | loss 1.3620 | acc 0.908 | lr 2.91e-04
  iter  1450/3125 | loss 1.2252 | acc 0.907 | lr 2.91e-04
  iter  1500/3125 | loss 1.1847 | acc 0.906 | lr 2.91e-04
  iter  1550/3125 | loss 1.4235 | acc 0.906 | lr 2.91e-04
  iter  1600/3125 | loss 1.3305 | acc 0.906 | lr 2.91e-04
  iter  1650/3125 | loss 1.4803 | acc 0.906 | lr 2.91e-04
  iter  1700/3125 | loss 1.2877 | acc 0.905 | lr 2.91e-04
  iter  1750/3125 | loss 1.3495 | acc 0.905 | lr 2.91e-04
  iter  1800/3125 | loss 1.3565 | acc 0.905 | lr 2.91e-04
  iter  1850/3125 | loss 1.4553 | acc 0.904 | lr 2.91e-04
  iter  1900/3125 | loss 1.6055 | acc 0.904 | lr 2.91e-04
  iter  1950/3125 | loss 1.2992 | acc 0.903 | lr 2.91e-04
  iter  2000/3125 | loss 1.3218 | acc 0.903 | lr 2.91e-04
  iter  2050/3125 | loss 1.2943 | acc 0.903 | lr 2.91e-04
  iter  2100/3125 | loss 1.6568 | acc 0.902 | lr 2.91e-04
  iter  2150/3125 | loss 1.4618 | acc 0.902 | lr 2.91e-04
  iter  2200/3125 | loss 1.2892 | acc 0.902 | lr 2.91e-04
  iter  2250/3125 | loss 1.3847 | acc 0.901 | lr 2.91e-04
  iter  2300/3125 | loss 1.1965 | acc 0.901 | lr 2.91e-04
  iter  2350/3125 | loss 1.3778 | acc 0.901 | lr 2.91e-04
  iter  2400/3125 | loss 1.3017 | acc 0.900 | lr 2.91e-04
  iter  2450/3125 | loss 1.3494 | acc 0.900 | lr 2.91e-04
  iter  2500/3125 | loss 1.5085 | acc 0.899 | lr 2.91e-04
  iter  2550/3125 | loss 1.4003 | acc 0.899 | lr 2.91e-04
  iter  2600/3125 | loss 1.3875 | acc 0.898 | lr 2.91e-04
  iter  2650/3125 | loss 1.3407 | acc 0.898 | lr 2.91e-04
  iter  2700/3125 | loss 1.4806 | acc 0.897 | lr 2.91e-04
  iter  2750/3125 | loss 1.3404 | acc 0.897 | lr 2.91e-04
  iter  2800/3125 | loss 1.2114 | acc 0.897 | lr 2.91e-04
  iter  2850/3125 | loss 1.3514 | acc 0.897 | lr 2.91e-04
  iter  2900/3125 | loss 1.3944 | acc 0.896 | lr 2.91e-04
  iter  2950/3125 | loss 1.4864 | acc 0.896 | lr 2.91e-04
  iter  3000/3125 | loss 1.4121 | acc 0.896 | lr 2.91e-04
  iter  3050/3125 | loss 1.3964 | acc 0.895 | lr 2.91e-04
  iter  3100/3125 | loss 1.3735 | acc 0.895 | lr 2.91e-04
[Epoch 034] Train loss=1.3365, acc=0.8947 | opt_steps=3125
[Epoch 034] Val   loss=2.3997, acc=0.4895, lr=2.91e-04
  🌟 New best saved @ lstm5_attn_dwt_best.pth (acc=0.4895)
  iter    50/3125 | loss 1.1525 | acc 0.916 | lr 2.91e-04
  iter   100/3125 | loss 1.1296 | acc 0.920 | lr 2.91e-04
  iter   150/3125 | loss 1.2317 | acc 0.923 | lr 2.91e-04
  iter   200/3125 | loss 1.4041 | acc 0.920 | lr 2.91e-04
  iter   250/3125 | loss 1.3978 | acc 0.922 | lr 2.91e-04
  iter   300/3125 | loss 1.1606 | acc 0.923 | lr 2.91e-04
  iter   350/3125 | loss 1.3720 | acc 0.922 | lr 2.91e-04
  iter   400/3125 | loss 1.1297 | acc 0.920 | lr 2.91e-04
  iter   450/3125 | loss 1.3583 | acc 0.919 | lr 2.91e-04
  iter   500/3125 | loss 1.1995 | acc 0.919 | lr 2.91e-04
  iter   550/3125 | loss 1.3632 | acc 0.918 | lr 2.91e-04
  iter   600/3125 | loss 1.4187 | acc 0.919 | lr 2.91e-04
  iter   650/3125 | loss 1.2068 | acc 0.918 | lr 2.91e-04
  iter   700/3125 | loss 1.4204 | acc 0.918 | lr 2.91e-04
  iter   750/3125 | loss 1.3684 | acc 0.917 | lr 2.91e-04
  iter   800/3125 | loss 1.3369 | acc 0.917 | lr 2.91e-04
  iter   850/3125 | loss 1.3661 | acc 0.915 | lr 2.91e-04
  iter   900/3125 | loss 1.4387 | acc 0.915 | lr 2.91e-04
  iter   950/3125 | loss 1.2592 | acc 0.915 | lr 2.91e-04
  iter  1000/3125 | loss 1.2258 | acc 0.914 | lr 2.91e-04
  iter  1050/3125 | loss 1.2183 | acc 0.913 | lr 2.91e-04
  iter  1100/3125 | loss 1.3137 | acc 0.913 | lr 2.91e-04
  iter  1150/3125 | loss 1.3200 | acc 0.913 | lr 2.91e-04
  iter  1200/3125 | loss 1.4185 | acc 0.912 | lr 2.91e-04
  iter  1250/3125 | loss 1.2976 | acc 0.911 | lr 2.91e-04
  iter  1300/3125 | loss 1.3158 | acc 0.911 | lr 2.91e-04
  iter  1350/3125 | loss 1.2986 | acc 0.910 | lr 2.91e-04
  iter  1400/3125 | loss 1.5160 | acc 0.910 | lr 2.91e-04
  iter  1450/3125 | loss 1.2416 | acc 0.910 | lr 2.91e-04
  iter  1500/3125 | loss 1.3620 | acc 0.909 | lr 2.91e-04
  iter  1550/3125 | loss 1.2590 | acc 0.909 | lr 2.91e-04
  iter  1600/3125 | loss 1.4177 | acc 0.908 | lr 2.91e-04
  iter  1650/3125 | loss 1.3951 | acc 0.908 | lr 2.91e-04
  iter  1700/3125 | loss 1.5160 | acc 0.907 | lr 2.91e-04
  iter  1750/3125 | loss 1.4559 | acc 0.906 | lr 2.91e-04
  iter  1800/3125 | loss 1.2691 | acc 0.905 | lr 2.91e-04
  iter  1850/3125 | loss 1.3500 | acc 0.905 | lr 2.91e-04
  iter  1900/3125 | loss 1.4108 | acc 0.904 | lr 2.91e-04
  iter  1950/3125 | loss 1.2121 | acc 0.904 | lr 2.91e-04
  iter  2000/3125 | loss 1.2515 | acc 0.903 | lr 2.90e-04
  iter  2050/3125 | loss 1.3750 | acc 0.903 | lr 2.90e-04
  iter  2100/3125 | loss 1.4893 | acc 0.903 | lr 2.90e-04
  iter  2150/3125 | loss 1.1884 | acc 0.903 | lr 2.90e-04
  iter  2200/3125 | loss 1.4622 | acc 0.902 | lr 2.90e-04
  iter  2250/3125 | loss 1.2135 | acc 0.902 | lr 2.90e-04
  iter  2300/3125 | loss 1.1206 | acc 0.902 | lr 2.90e-04
  iter  2350/3125 | loss 1.5936 | acc 0.902 | lr 2.90e-04
  iter  2400/3125 | loss 1.3992 | acc 0.901 | lr 2.90e-04
  iter  2450/3125 | loss 1.2984 | acc 0.901 | lr 2.90e-04
  iter  2500/3125 | loss 1.5597 | acc 0.901 | lr 2.90e-04
  iter  2550/3125 | loss 1.4999 | acc 0.900 | lr 2.90e-04
  iter  2600/3125 | loss 1.4366 | acc 0.900 | lr 2.90e-04
  iter  2650/3125 | loss 1.2066 | acc 0.899 | lr 2.90e-04
  iter  2700/3125 | loss 1.4286 | acc 0.899 | lr 2.90e-04
  iter  2750/3125 | loss 1.4560 | acc 0.898 | lr 2.90e-04
  iter  2800/3125 | loss 1.6371 | acc 0.898 | lr 2.90e-04
  iter  2850/3125 | loss 1.3066 | acc 0.898 | lr 2.90e-04
  iter  2900/3125 | loss 1.2698 | acc 0.898 | lr 2.90e-04
  iter  2950/3125 | loss 1.5584 | acc 0.897 | lr 2.90e-04
  iter  3000/3125 | loss 1.5728 | acc 0.897 | lr 2.90e-04
  iter  3050/3125 | loss 1.3432 | acc 0.897 | lr 2.90e-04
  iter  3100/3125 | loss 1.4092 | acc 0.896 | lr 2.90e-04
[Epoch 035] Train loss=1.3286, acc=0.8963 | opt_steps=3125
[Epoch 035] Val   loss=2.4015, acc=0.4891, lr=2.90e-04
  iter    50/3125 | loss 1.2294 | acc 0.917 | lr 2.90e-04
  iter   100/3125 | loss 1.2751 | acc 0.927 | lr 2.90e-04
  iter   150/3125 | loss 1.5216 | acc 0.929 | lr 2.90e-04
  iter   200/3125 | loss 1.3806 | acc 0.924 | lr 2.90e-04
  iter   250/3125 | loss 1.2531 | acc 0.924 | lr 2.90e-04
  iter   300/3125 | loss 1.1377 | acc 0.924 | lr 2.90e-04
  iter   350/3125 | loss 1.3730 | acc 0.923 | lr 2.90e-04
  iter   400/3125 | loss 1.3431 | acc 0.922 | lr 2.90e-04
  iter   450/3125 | loss 1.2030 | acc 0.922 | lr 2.90e-04
  iter   500/3125 | loss 1.2353 | acc 0.921 | lr 2.90e-04
  iter   550/3125 | loss 1.3548 | acc 0.920 | lr 2.90e-04
  iter   600/3125 | loss 1.3858 | acc 0.920 | lr 2.90e-04
  iter   650/3125 | loss 1.1963 | acc 0.920 | lr 2.90e-04
  iter   700/3125 | loss 1.2109 | acc 0.919 | lr 2.90e-04
  iter   750/3125 | loss 1.1827 | acc 0.919 | lr 2.90e-04
  iter   800/3125 | loss 1.2550 | acc 0.918 | lr 2.90e-04
  iter   850/3125 | loss 1.2050 | acc 0.918 | lr 2.90e-04
  iter   900/3125 | loss 1.3008 | acc 0.917 | lr 2.90e-04
  iter   950/3125 | loss 1.1372 | acc 0.917 | lr 2.90e-04
  iter  1000/3125 | loss 1.2773 | acc 0.916 | lr 2.90e-04
  iter  1050/3125 | loss 1.1458 | acc 0.917 | lr 2.90e-04
  iter  1100/3125 | loss 1.2154 | acc 0.916 | lr 2.90e-04
  iter  1150/3125 | loss 1.3831 | acc 0.916 | lr 2.90e-04
  iter  1200/3125 | loss 1.2056 | acc 0.916 | lr 2.90e-04
  iter  1250/3125 | loss 1.4214 | acc 0.915 | lr 2.90e-04
  iter  1300/3125 | loss 1.3249 | acc 0.915 | lr 2.90e-04
  iter  1350/3125 | loss 1.1500 | acc 0.915 | lr 2.90e-04
  iter  1400/3125 | loss 1.1213 | acc 0.914 | lr 2.90e-04
  iter  1450/3125 | loss 1.2650 | acc 0.914 | lr 2.90e-04
  iter  1500/3125 | loss 1.6485 | acc 0.913 | lr 2.90e-04
  iter  1550/3125 | loss 1.4583 | acc 0.912 | lr 2.90e-04
  iter  1600/3125 | loss 1.2918 | acc 0.912 | lr 2.90e-04
  iter  1650/3125 | loss 1.2230 | acc 0.911 | lr 2.90e-04
  iter  1700/3125 | loss 1.1913 | acc 0.911 | lr 2.90e-04
  iter  1750/3125 | loss 1.2672 | acc 0.911 | lr 2.90e-04
  iter  1800/3125 | loss 1.1396 | acc 0.910 | lr 2.90e-04
  iter  1850/3125 | loss 1.3516 | acc 0.910 | lr 2.90e-04
  iter  1900/3125 | loss 1.4503 | acc 0.910 | lr 2.90e-04
  iter  1950/3125 | loss 1.1964 | acc 0.909 | lr 2.90e-04
  iter  2000/3125 | loss 1.2028 | acc 0.908 | lr 2.90e-04
  iter  2050/3125 | loss 1.2612 | acc 0.908 | lr 2.90e-04
  iter  2100/3125 | loss 1.3159 | acc 0.908 | lr 2.90e-04
  iter  2150/3125 | loss 1.2854 | acc 0.908 | lr 2.90e-04
  iter  2200/3125 | loss 1.1388 | acc 0.907 | lr 2.90e-04
  iter  2250/3125 | loss 1.0875 | acc 0.907 | lr 2.90e-04
  iter  2300/3125 | loss 1.2506 | acc 0.907 | lr 2.90e-04
  iter  2350/3125 | loss 1.3867 | acc 0.906 | lr 2.89e-04
  iter  2400/3125 | loss 1.1662 | acc 0.906 | lr 2.89e-04
  iter  2450/3125 | loss 1.6126 | acc 0.906 | lr 2.89e-04
  iter  2500/3125 | loss 1.5303 | acc 0.905 | lr 2.89e-04
  iter  2550/3125 | loss 1.1291 | acc 0.905 | lr 2.89e-04
  iter  2600/3125 | loss 1.5130 | acc 0.905 | lr 2.89e-04
  iter  2650/3125 | loss 1.5900 | acc 0.904 | lr 2.89e-04
  iter  2700/3125 | loss 1.3525 | acc 0.904 | lr 2.89e-04
  iter  2750/3125 | loss 1.3717 | acc 0.904 | lr 2.89e-04
  iter  2800/3125 | loss 1.5983 | acc 0.903 | lr 2.89e-04
  iter  2850/3125 | loss 1.1242 | acc 0.903 | lr 2.89e-04
  iter  2900/3125 | loss 1.7709 | acc 0.903 | lr 2.89e-04
  iter  2950/3125 | loss 1.2640 | acc 0.902 | lr 2.89e-04
  iter  3000/3125 | loss 1.2923 | acc 0.902 | lr 2.89e-04
  iter  3050/3125 | loss 1.2842 | acc 0.902 | lr 2.89e-04
  iter  3100/3125 | loss 1.2172 | acc 0.902 | lr 2.89e-04
[Epoch 036] Train loss=1.3122, acc=0.9014 | opt_steps=3125
[Epoch 036] Val   loss=2.4031, acc=0.4886, lr=2.89e-04
  iter    50/3125 | loss 1.1936 | acc 0.926 | lr 2.89e-04
  iter   100/3125 | loss 1.3053 | acc 0.926 | lr 2.89e-04
  iter   150/3125 | loss 1.1635 | acc 0.926 | lr 2.89e-04
  iter   200/3125 | loss 1.2226 | acc 0.928 | lr 2.89e-04
  iter   250/3125 | loss 1.3703 | acc 0.925 | lr 2.89e-04
  iter   300/3125 | loss 1.2123 | acc 0.924 | lr 2.89e-04
  iter   350/3125 | loss 1.3325 | acc 0.924 | lr 2.89e-04
  iter   400/3125 | loss 1.3139 | acc 0.922 | lr 2.89e-04
  iter   450/3125 | loss 1.2939 | acc 0.922 | lr 2.89e-04
  iter   500/3125 | loss 1.2920 | acc 0.921 | lr 2.89e-04
  iter   550/3125 | loss 1.2923 | acc 0.920 | lr 2.89e-04
  iter   600/3125 | loss 1.3713 | acc 0.920 | lr 2.89e-04
  iter   650/3125 | loss 1.5722 | acc 0.919 | lr 2.89e-04
  iter   700/3125 | loss 1.2311 | acc 0.918 | lr 2.89e-04
  iter   750/3125 | loss 1.3951 | acc 0.918 | lr 2.89e-04
  iter   800/3125 | loss 1.1690 | acc 0.918 | lr 2.89e-04
  iter   850/3125 | loss 1.3053 | acc 0.918 | lr 2.89e-04
  iter   900/3125 | loss 1.3647 | acc 0.917 | lr 2.89e-04
  iter   950/3125 | loss 1.2068 | acc 0.916 | lr 2.89e-04
  iter  1000/3125 | loss 1.1586 | acc 0.916 | lr 2.89e-04
  iter  1050/3125 | loss 1.1517 | acc 0.916 | lr 2.89e-04
  iter  1100/3125 | loss 1.1230 | acc 0.916 | lr 2.89e-04
  iter  1150/3125 | loss 1.2532 | acc 0.916 | lr 2.89e-04
  iter  1200/3125 | loss 1.2190 | acc 0.915 | lr 2.89e-04
  iter  1250/3125 | loss 1.1662 | acc 0.915 | lr 2.89e-04
  iter  1300/3125 | loss 1.0942 | acc 0.915 | lr 2.89e-04
  iter  1350/3125 | loss 1.5760 | acc 0.914 | lr 2.89e-04
  iter  1400/3125 | loss 1.1939 | acc 0.913 | lr 2.89e-04
  iter  1450/3125 | loss 1.1826 | acc 0.913 | lr 2.89e-04
  iter  1500/3125 | loss 1.3268 | acc 0.912 | lr 2.89e-04
  iter  1550/3125 | loss 1.2137 | acc 0.912 | lr 2.89e-04
  iter  1600/3125 | loss 1.2494 | acc 0.912 | lr 2.89e-04
  iter  1650/3125 | loss 1.3580 | acc 0.912 | lr 2.89e-04
  iter  1700/3125 | loss 1.2164 | acc 0.911 | lr 2.89e-04
  iter  1750/3125 | loss 1.4262 | acc 0.910 | lr 2.89e-04
  iter  1800/3125 | loss 1.2604 | acc 0.910 | lr 2.89e-04
  iter  1850/3125 | loss 1.2286 | acc 0.910 | lr 2.89e-04
  iter  1900/3125 | loss 1.3793 | acc 0.910 | lr 2.89e-04
  iter  1950/3125 | loss 1.3089 | acc 0.909 | lr 2.89e-04
  iter  2000/3125 | loss 1.2600 | acc 0.909 | lr 2.89e-04
  iter  2050/3125 | loss 1.2858 | acc 0.909 | lr 2.89e-04
  iter  2100/3125 | loss 1.2264 | acc 0.909 | lr 2.89e-04
  iter  2150/3125 | loss 1.3656 | acc 0.908 | lr 2.89e-04
  iter  2200/3125 | loss 1.3668 | acc 0.908 | lr 2.89e-04
  iter  2250/3125 | loss 1.3602 | acc 0.908 | lr 2.89e-04
  iter  2300/3125 | loss 1.3166 | acc 0.908 | lr 2.89e-04
  iter  2350/3125 | loss 1.0921 | acc 0.908 | lr 2.89e-04
  iter  2400/3125 | loss 1.2408 | acc 0.907 | lr 2.89e-04
  iter  2450/3125 | loss 1.4096 | acc 0.907 | lr 2.89e-04
  iter  2500/3125 | loss 1.2645 | acc 0.907 | lr 2.89e-04
  iter  2550/3125 | loss 1.2157 | acc 0.907 | lr 2.89e-04
  iter  2600/3125 | loss 1.3960 | acc 0.907 | lr 2.88e-04
  iter  2650/3125 | loss 1.3728 | acc 0.906 | lr 2.88e-04
  iter  2700/3125 | loss 1.2690 | acc 0.906 | lr 2.88e-04
  iter  2750/3125 | loss 1.5084 | acc 0.905 | lr 2.88e-04
  iter  2800/3125 | loss 1.4991 | acc 0.905 | lr 2.88e-04
  iter  2850/3125 | loss 1.6699 | acc 0.905 | lr 2.88e-04
  iter  2900/3125 | loss 1.3892 | acc 0.904 | lr 2.88e-04
  iter  2950/3125 | loss 1.2522 | acc 0.904 | lr 2.88e-04
  iter  3000/3125 | loss 1.1836 | acc 0.904 | lr 2.88e-04
  iter  3050/3125 | loss 1.3104 | acc 0.903 | lr 2.88e-04
  iter  3100/3125 | loss 1.3057 | acc 0.903 | lr 2.88e-04
[Epoch 037] Train loss=1.3055, acc=0.9026 | opt_steps=3125
[Epoch 037] Val   loss=2.4008, acc=0.4888, lr=2.88e-04
  iter    50/3125 | loss 1.1331 | acc 0.927 | lr 2.88e-04
  iter   100/3125 | loss 1.2622 | acc 0.931 | lr 2.88e-04
  iter   150/3125 | loss 1.2792 | acc 0.927 | lr 2.88e-04
  iter   200/3125 | loss 1.2480 | acc 0.927 | lr 2.88e-04
  iter   250/3125 | loss 1.3076 | acc 0.927 | lr 2.88e-04
  iter   300/3125 | loss 1.1894 | acc 0.927 | lr 2.88e-04
  iter   350/3125 | loss 1.2272 | acc 0.925 | lr 2.88e-04
  iter   400/3125 | loss 1.2138 | acc 0.924 | lr 2.88e-04
  iter   450/3125 | loss 1.2283 | acc 0.922 | lr 2.88e-04
  iter   500/3125 | loss 1.3190 | acc 0.922 | lr 2.88e-04
  iter   550/3125 | loss 1.1500 | acc 0.922 | lr 2.88e-04
  iter   600/3125 | loss 1.3975 | acc 0.922 | lr 2.88e-04
  iter   650/3125 | loss 1.5555 | acc 0.921 | lr 2.88e-04
  iter   700/3125 | loss 1.2234 | acc 0.921 | lr 2.88e-04
  iter   750/3125 | loss 1.2010 | acc 0.920 | lr 2.88e-04
  iter   800/3125 | loss 1.3349 | acc 0.920 | lr 2.88e-04
  iter   850/3125 | loss 1.2520 | acc 0.920 | lr 2.88e-04
  iter   900/3125 | loss 1.2942 | acc 0.919 | lr 2.88e-04
  iter   950/3125 | loss 1.3652 | acc 0.919 | lr 2.88e-04
  iter  1000/3125 | loss 1.0718 | acc 0.919 | lr 2.88e-04
  iter  1050/3125 | loss 1.3536 | acc 0.918 | lr 2.88e-04
  iter  1100/3125 | loss 1.4702 | acc 0.918 | lr 2.88e-04
  iter  1150/3125 | loss 1.2402 | acc 0.918 | lr 2.88e-04
  iter  1200/3125 | loss 1.3402 | acc 0.918 | lr 2.88e-04
  iter  1250/3125 | loss 1.3041 | acc 0.917 | lr 2.88e-04
  iter  1300/3125 | loss 1.1974 | acc 0.917 | lr 2.88e-04
  iter  1350/3125 | loss 1.3875 | acc 0.916 | lr 2.88e-04
  iter  1400/3125 | loss 1.3877 | acc 0.916 | lr 2.88e-04
  iter  1450/3125 | loss 1.3324 | acc 0.915 | lr 2.88e-04
  iter  1500/3125 | loss 1.4746 | acc 0.915 | lr 2.88e-04
  iter  1550/3125 | loss 1.2627 | acc 0.914 | lr 2.88e-04
  iter  1600/3125 | loss 1.3874 | acc 0.914 | lr 2.88e-04
  iter  1650/3125 | loss 1.2330 | acc 0.914 | lr 2.88e-04
  iter  1700/3125 | loss 1.1443 | acc 0.913 | lr 2.88e-04
  iter  1750/3125 | loss 1.2138 | acc 0.913 | lr 2.88e-04
  iter  1800/3125 | loss 1.1595 | acc 0.913 | lr 2.88e-04
  iter  1850/3125 | loss 1.2207 | acc 0.912 | lr 2.88e-04
  iter  1900/3125 | loss 1.2714 | acc 0.912 | lr 2.88e-04
  iter  1950/3125 | loss 1.2733 | acc 0.912 | lr 2.88e-04
  iter  2000/3125 | loss 1.4218 | acc 0.912 | lr 2.88e-04
  iter  2050/3125 | loss 1.5456 | acc 0.911 | lr 2.88e-04
  iter  2100/3125 | loss 1.3289 | acc 0.911 | lr 2.88e-04
  iter  2150/3125 | loss 1.5461 | acc 0.911 | lr 2.88e-04
  iter  2200/3125 | loss 1.4303 | acc 0.910 | lr 2.88e-04
  iter  2250/3125 | loss 1.2066 | acc 0.909 | lr 2.88e-04
  iter  2300/3125 | loss 1.3217 | acc 0.909 | lr 2.88e-04
  iter  2350/3125 | loss 1.5352 | acc 0.909 | lr 2.88e-04
  iter  2400/3125 | loss 1.3566 | acc 0.909 | lr 2.88e-04
  iter  2450/3125 | loss 1.3364 | acc 0.908 | lr 2.88e-04
  iter  2500/3125 | loss 1.2098 | acc 0.908 | lr 2.88e-04
  iter  2550/3125 | loss 1.2237 | acc 0.908 | lr 2.88e-04
  iter  2600/3125 | loss 1.3466 | acc 0.908 | lr 2.88e-04
  iter  2650/3125 | loss 1.1468 | acc 0.907 | lr 2.88e-04
  iter  2700/3125 | loss 1.0659 | acc 0.907 | lr 2.87e-04
  iter  2750/3125 | loss 1.4462 | acc 0.907 | lr 2.87e-04
  iter  2800/3125 | loss 1.2583 | acc 0.906 | lr 2.87e-04
  iter  2850/3125 | loss 1.2913 | acc 0.906 | lr 2.87e-04
  iter  2900/3125 | loss 1.5870 | acc 0.905 | lr 2.87e-04
  iter  2950/3125 | loss 1.3649 | acc 0.905 | lr 2.87e-04
  iter  3000/3125 | loss 1.3186 | acc 0.905 | lr 2.87e-04
  iter  3050/3125 | loss 1.3795 | acc 0.904 | lr 2.87e-04
  iter  3100/3125 | loss 1.3110 | acc 0.904 | lr 2.87e-04
[Epoch 038] Train loss=1.2968, acc=0.9042 | opt_steps=3125
[Epoch 038] Val   loss=2.3992, acc=0.4921, lr=2.87e-04
  🌟 New best saved @ lstm5_attn_dwt_best.pth (acc=0.4921)
  iter    50/3125 | loss 1.3244 | acc 0.935 | lr 2.87e-04
  iter   100/3125 | loss 1.2114 | acc 0.942 | lr 2.87e-04
  iter   150/3125 | loss 1.2592 | acc 0.938 | lr 2.87e-04
  iter   200/3125 | loss 1.1320 | acc 0.935 | lr 2.87e-04
  iter   250/3125 | loss 1.1070 | acc 0.935 | lr 2.87e-04
  iter   300/3125 | loss 1.5109 | acc 0.934 | lr 2.87e-04
  iter   350/3125 | loss 1.3241 | acc 0.932 | lr 2.87e-04
  iter   400/3125 | loss 1.2156 | acc 0.930 | lr 2.87e-04
  iter   450/3125 | loss 1.3557 | acc 0.929 | lr 2.87e-04
  iter   500/3125 | loss 1.1517 | acc 0.928 | lr 2.87e-04
  iter   550/3125 | loss 1.1716 | acc 0.927 | lr 2.87e-04
  iter   600/3125 | loss 1.2343 | acc 0.927 | lr 2.87e-04
  iter   650/3125 | loss 1.1407 | acc 0.927 | lr 2.87e-04
  iter   700/3125 | loss 1.1540 | acc 0.926 | lr 2.87e-04
  iter   750/3125 | loss 1.3219 | acc 0.927 | lr 2.87e-04
  iter   800/3125 | loss 1.2907 | acc 0.926 | lr 2.87e-04
  iter   850/3125 | loss 1.3270 | acc 0.926 | lr 2.87e-04
  iter   900/3125 | loss 1.2810 | acc 0.926 | lr 2.87e-04
  iter   950/3125 | loss 1.4326 | acc 0.925 | lr 2.87e-04
  iter  1000/3125 | loss 1.3990 | acc 0.925 | lr 2.87e-04
  iter  1050/3125 | loss 1.2974 | acc 0.923 | lr 2.87e-04
  iter  1100/3125 | loss 1.2786 | acc 0.923 | lr 2.87e-04
  iter  1150/3125 | loss 1.2624 | acc 0.922 | lr 2.87e-04
  iter  1200/3125 | loss 1.3477 | acc 0.922 | lr 2.87e-04
  iter  1250/3125 | loss 1.4295 | acc 0.921 | lr 2.87e-04
  iter  1300/3125 | loss 1.5108 | acc 0.921 | lr 2.87e-04
  iter  1350/3125 | loss 1.2872 | acc 0.921 | lr 2.87e-04
  iter  1400/3125 | loss 1.4837 | acc 0.920 | lr 2.87e-04
  iter  1450/3125 | loss 1.2444 | acc 0.920 | lr 2.87e-04
  iter  1500/3125 | loss 1.2502 | acc 0.919 | lr 2.87e-04
  iter  1550/3125 | loss 1.2187 | acc 0.919 | lr 2.87e-04
  iter  1600/3125 | loss 1.1721 | acc 0.918 | lr 2.87e-04
  iter  1650/3125 | loss 1.3298 | acc 0.918 | lr 2.87e-04
  iter  1700/3125 | loss 1.0794 | acc 0.917 | lr 2.87e-04
  iter  1750/3125 | loss 1.4022 | acc 0.917 | lr 2.87e-04
  iter  1800/3125 | loss 1.2033 | acc 0.916 | lr 2.87e-04
  iter  1850/3125 | loss 1.2876 | acc 0.916 | lr 2.87e-04
  iter  1900/3125 | loss 1.3764 | acc 0.915 | lr 2.87e-04
  iter  1950/3125 | loss 1.2179 | acc 0.915 | lr 2.87e-04
  iter  2000/3125 | loss 1.1904 | acc 0.914 | lr 2.87e-04
  iter  2050/3125 | loss 1.2255 | acc 0.914 | lr 2.87e-04
  iter  2100/3125 | loss 1.4753 | acc 0.914 | lr 2.87e-04
  iter  2150/3125 | loss 1.2515 | acc 0.914 | lr 2.87e-04
  iter  2200/3125 | loss 1.2989 | acc 0.913 | lr 2.87e-04
  iter  2250/3125 | loss 1.2743 | acc 0.913 | lr 2.87e-04
  iter  2300/3125 | loss 1.3320 | acc 0.913 | lr 2.87e-04
  iter  2350/3125 | loss 1.3281 | acc 0.912 | lr 2.87e-04
  iter  2400/3125 | loss 1.3380 | acc 0.912 | lr 2.87e-04
  iter  2450/3125 | loss 1.2560 | acc 0.912 | lr 2.87e-04
  iter  2500/3125 | loss 1.1996 | acc 0.912 | lr 2.87e-04
  iter  2550/3125 | loss 1.4811 | acc 0.911 | lr 2.87e-04
  iter  2600/3125 | loss 1.3235 | acc 0.911 | lr 2.87e-04
  iter  2650/3125 | loss 1.1732 | acc 0.911 | lr 2.86e-04
  iter  2700/3125 | loss 1.4674 | acc 0.910 | lr 2.86e-04
  iter  2750/3125 | loss 1.1965 | acc 0.910 | lr 2.86e-04
  iter  2800/3125 | loss 1.4407 | acc 0.910 | lr 2.86e-04
  iter  2850/3125 | loss 1.3530 | acc 0.909 | lr 2.86e-04
  iter  2900/3125 | loss 1.3796 | acc 0.909 | lr 2.86e-04
  iter  2950/3125 | loss 1.5313 | acc 0.909 | lr 2.86e-04
  iter  3000/3125 | loss 1.5278 | acc 0.908 | lr 2.86e-04
  iter  3050/3125 | loss 1.3130 | acc 0.908 | lr 2.86e-04
  iter  3100/3125 | loss 1.2092 | acc 0.908 | lr 2.86e-04
[Epoch 039] Train loss=1.2859, acc=0.9072 | opt_steps=3125
[Epoch 039] Val   loss=2.3980, acc=0.4933, lr=2.86e-04
  🌟 New best saved @ lstm5_attn_dwt_best.pth (acc=0.4933)
  iter    50/3125 | loss 1.1390 | acc 0.939 | lr 2.86e-04
  iter   100/3125 | loss 1.2055 | acc 0.941 | lr 2.86e-04
  iter   150/3125 | loss 1.0702 | acc 0.939 | lr 2.86e-04
  iter   200/3125 | loss 1.3207 | acc 0.937 | lr 2.86e-04
  iter   250/3125 | loss 1.1800 | acc 0.933 | lr 2.86e-04
  iter   300/3125 | loss 1.3318 | acc 0.930 | lr 2.86e-04
  iter   350/3125 | loss 1.2241 | acc 0.929 | lr 2.86e-04
  iter   400/3125 | loss 1.0323 | acc 0.929 | lr 2.86e-04
  iter   450/3125 | loss 1.2137 | acc 0.928 | lr 2.86e-04
  iter   500/3125 | loss 1.1988 | acc 0.928 | lr 2.86e-04
  iter   550/3125 | loss 1.2351 | acc 0.929 | lr 2.86e-04
  iter   600/3125 | loss 1.1815 | acc 0.928 | lr 2.86e-04
  iter   650/3125 | loss 1.1751 | acc 0.928 | lr 2.86e-04
  iter   700/3125 | loss 1.1785 | acc 0.926 | lr 2.86e-04
  iter   750/3125 | loss 1.2132 | acc 0.926 | lr 2.86e-04
  iter   800/3125 | loss 1.3241 | acc 0.926 | lr 2.86e-04
  iter   850/3125 | loss 1.3554 | acc 0.925 | lr 2.86e-04
  iter   900/3125 | loss 1.2549 | acc 0.925 | lr 2.86e-04
  iter   950/3125 | loss 1.2505 | acc 0.924 | lr 2.86e-04
  iter  1000/3125 | loss 1.2643 | acc 0.924 | lr 2.86e-04
  iter  1050/3125 | loss 1.1719 | acc 0.924 | lr 2.86e-04
  iter  1100/3125 | loss 1.2104 | acc 0.924 | lr 2.86e-04
  iter  1150/3125 | loss 1.3551 | acc 0.924 | lr 2.86e-04
  iter  1200/3125 | loss 1.1426 | acc 0.923 | lr 2.86e-04
  iter  1250/3125 | loss 1.1555 | acc 0.923 | lr 2.86e-04
  iter  1300/3125 | loss 1.2522 | acc 0.923 | lr 2.86e-04
  iter  1350/3125 | loss 1.1453 | acc 0.923 | lr 2.86e-04
  iter  1400/3125 | loss 1.1565 | acc 0.923 | lr 2.86e-04
  iter  1450/3125 | loss 1.2532 | acc 0.922 | lr 2.86e-04
  iter  1500/3125 | loss 1.2020 | acc 0.921 | lr 2.86e-04
  iter  1550/3125 | loss 1.1656 | acc 0.921 | lr 2.86e-04
  iter  1600/3125 | loss 1.1853 | acc 0.921 | lr 2.86e-04
  iter  1650/3125 | loss 1.3852 | acc 0.920 | lr 2.86e-04
  iter  1700/3125 | loss 1.4678 | acc 0.920 | lr 2.86e-04
  iter  1750/3125 | loss 1.2469 | acc 0.919 | lr 2.86e-04
  iter  1800/3125 | loss 1.2530 | acc 0.919 | lr 2.86e-04
  iter  1850/3125 | loss 1.2281 | acc 0.919 | lr 2.86e-04
  iter  1900/3125 | loss 1.3130 | acc 0.918 | lr 2.86e-04
  iter  1950/3125 | loss 1.1972 | acc 0.917 | lr 2.86e-04
  iter  2000/3125 | loss 1.2154 | acc 0.917 | lr 2.86e-04
  iter  2050/3125 | loss 1.2334 | acc 0.917 | lr 2.86e-04
  iter  2100/3125 | loss 1.1806 | acc 0.916 | lr 2.86e-04
  iter  2150/3125 | loss 1.2161 | acc 0.916 | lr 2.86e-04
  iter  2200/3125 | loss 1.2123 | acc 0.915 | lr 2.86e-04
  iter  2250/3125 | loss 1.1389 | acc 0.915 | lr 2.86e-04
  iter  2300/3125 | loss 1.2883 | acc 0.915 | lr 2.86e-04
  iter  2350/3125 | loss 1.3459 | acc 0.914 | lr 2.86e-04
  iter  2400/3125 | loss 1.1578 | acc 0.914 | lr 2.86e-04
  iter  2450/3125 | loss 1.3292 | acc 0.914 | lr 2.86e-04
  iter  2500/3125 | loss 1.2632 | acc 0.913 | lr 2.85e-04
  iter  2550/3125 | loss 1.2671 | acc 0.913 | lr 2.85e-04
  iter  2600/3125 | loss 1.2766 | acc 0.913 | lr 2.85e-04
  iter  2650/3125 | loss 1.3135 | acc 0.912 | lr 2.85e-04
  iter  2700/3125 | loss 1.3024 | acc 0.912 | lr 2.85e-04
  iter  2750/3125 | loss 1.5920 | acc 0.912 | lr 2.85e-04
  iter  2800/3125 | loss 1.4160 | acc 0.911 | lr 2.85e-04
  iter  2850/3125 | loss 1.2689 | acc 0.911 | lr 2.85e-04
  iter  2900/3125 | loss 1.3632 | acc 0.911 | lr 2.85e-04
  iter  2950/3125 | loss 1.1589 | acc 0.910 | lr 2.85e-04
  iter  3000/3125 | loss 1.2593 | acc 0.910 | lr 2.85e-04
  iter  3050/3125 | loss 1.2089 | acc 0.910 | lr 2.85e-04
  iter  3100/3125 | loss 1.2363 | acc 0.909 | lr 2.85e-04
[Epoch 040] Train loss=1.2765, acc=0.9092 | opt_steps=3125
[Epoch 040] Val   loss=2.3988, acc=0.4914, lr=2.85e-04
  iter    50/3125 | loss 1.0830 | acc 0.933 | lr 2.85e-04
  iter   100/3125 | loss 1.2397 | acc 0.935 | lr 2.85e-04
  iter   150/3125 | loss 1.2627 | acc 0.935 | lr 2.85e-04
  iter   200/3125 | loss 1.2190 | acc 0.935 | lr 2.85e-04
  iter   250/3125 | loss 1.1307 | acc 0.935 | lr 2.85e-04
  iter   300/3125 | loss 1.1204 | acc 0.934 | lr 2.85e-04
  iter   350/3125 | loss 1.2686 | acc 0.932 | lr 2.85e-04
  iter   400/3125 | loss 1.1677 | acc 0.932 | lr 2.85e-04
  iter   450/3125 | loss 1.2674 | acc 0.932 | lr 2.85e-04
  iter   500/3125 | loss 1.3411 | acc 0.931 | lr 2.85e-04
  iter   550/3125 | loss 1.0685 | acc 0.931 | lr 2.85e-04
  iter   600/3125 | loss 1.3211 | acc 0.930 | lr 2.85e-04
  iter   650/3125 | loss 1.2330 | acc 0.929 | lr 2.85e-04
  iter   700/3125 | loss 1.3745 | acc 0.928 | lr 2.85e-04
  iter   750/3125 | loss 1.3148 | acc 0.928 | lr 2.85e-04
  iter   800/3125 | loss 1.1850 | acc 0.927 | lr 2.85e-04
  iter   850/3125 | loss 1.3394 | acc 0.927 | lr 2.85e-04
  iter   900/3125 | loss 1.1914 | acc 0.927 | lr 2.85e-04
  iter   950/3125 | loss 1.3405 | acc 0.926 | lr 2.85e-04
  iter  1000/3125 | loss 1.3236 | acc 0.926 | lr 2.85e-04
  iter  1050/3125 | loss 1.6402 | acc 0.925 | lr 2.85e-04
  iter  1100/3125 | loss 1.1829 | acc 0.925 | lr 2.85e-04
  iter  1150/3125 | loss 1.2833 | acc 0.925 | lr 2.85e-04
  iter  1200/3125 | loss 1.2662 | acc 0.925 | lr 2.85e-04
  iter  1250/3125 | loss 1.4819 | acc 0.924 | lr 2.85e-04
  iter  1300/3125 | loss 1.1745 | acc 0.924 | lr 2.85e-04
  iter  1350/3125 | loss 1.3598 | acc 0.923 | lr 2.85e-04
  iter  1400/3125 | loss 1.1651 | acc 0.923 | lr 2.85e-04
  iter  1450/3125 | loss 1.1459 | acc 0.922 | lr 2.85e-04
  iter  1500/3125 | loss 1.3123 | acc 0.922 | lr 2.85e-04
  iter  1550/3125 | loss 1.1370 | acc 0.921 | lr 2.85e-04
  iter  1600/3125 | loss 1.1773 | acc 0.921 | lr 2.85e-04
  iter  1650/3125 | loss 1.3215 | acc 0.921 | lr 2.85e-04
  iter  1700/3125 | loss 1.4172 | acc 0.921 | lr 2.85e-04
  iter  1750/3125 | loss 1.2520 | acc 0.921 | lr 2.85e-04
  iter  1800/3125 | loss 1.2083 | acc 0.920 | lr 2.85e-04
  iter  1850/3125 | loss 1.4868 | acc 0.920 | lr 2.85e-04
  iter  1900/3125 | loss 1.3901 | acc 0.920 | lr 2.85e-04
  iter  1950/3125 | loss 1.4085 | acc 0.920 | lr 2.85e-04
  iter  2000/3125 | loss 1.2827 | acc 0.920 | lr 2.85e-04
  iter  2050/3125 | loss 1.2654 | acc 0.919 | lr 2.85e-04
  iter  2100/3125 | loss 1.4604 | acc 0.919 | lr 2.85e-04
  iter  2150/3125 | loss 1.2659 | acc 0.919 | lr 2.85e-04
  iter  2200/3125 | loss 1.1661 | acc 0.918 | lr 2.85e-04
  iter  2250/3125 | loss 1.2173 | acc 0.918 | lr 2.85e-04
  iter  2300/3125 | loss 1.5372 | acc 0.918 | lr 2.84e-04
  iter  2350/3125 | loss 1.1486 | acc 0.917 | lr 2.84e-04
  iter  2400/3125 | loss 1.4610 | acc 0.917 | lr 2.84e-04
  iter  2450/3125 | loss 1.1845 | acc 0.917 | lr 2.84e-04
  iter  2500/3125 | loss 1.3960 | acc 0.916 | lr 2.84e-04
  iter  2550/3125 | loss 1.3390 | acc 0.916 | lr 2.84e-04
  iter  2600/3125 | loss 1.4807 | acc 0.916 | lr 2.84e-04
  iter  2650/3125 | loss 1.3888 | acc 0.916 | lr 2.84e-04
  iter  2700/3125 | loss 1.3717 | acc 0.915 | lr 2.84e-04
  iter  2750/3125 | loss 1.3647 | acc 0.915 | lr 2.84e-04
  iter  2800/3125 | loss 1.1998 | acc 0.914 | lr 2.84e-04
  iter  2850/3125 | loss 1.1881 | acc 0.914 | lr 2.84e-04
  iter  2900/3125 | loss 1.5641 | acc 0.914 | lr 2.84e-04
  iter  2950/3125 | loss 1.2769 | acc 0.913 | lr 2.84e-04
  iter  3000/3125 | loss 1.1749 | acc 0.913 | lr 2.84e-04
  iter  3050/3125 | loss 1.3419 | acc 0.913 | lr 2.84e-04
  iter  3100/3125 | loss 1.5247 | acc 0.912 | lr 2.84e-04
[Epoch 041] Train loss=1.2678, acc=0.9121 | opt_steps=3125
[Epoch 041] Val   loss=2.3998, acc=0.4915, lr=2.84e-04
  iter    50/3125 | loss 1.2753 | acc 0.923 | lr 2.84e-04
  iter   100/3125 | loss 1.1728 | acc 0.929 | lr 2.84e-04
  iter   150/3125 | loss 1.3281 | acc 0.928 | lr 2.84e-04
  iter   200/3125 | loss 1.2660 | acc 0.925 | lr 2.84e-04
  iter   250/3125 | loss 1.2248 | acc 0.925 | lr 2.84e-04
  iter   300/3125 | loss 1.0573 | acc 0.927 | lr 2.84e-04
  iter   350/3125 | loss 1.2273 | acc 0.928 | lr 2.84e-04
  iter   400/3125 | loss 1.1358 | acc 0.929 | lr 2.84e-04
  iter   450/3125 | loss 1.2647 | acc 0.928 | lr 2.84e-04
  iter   500/3125 | loss 1.2357 | acc 0.928 | lr 2.84e-04
  iter   550/3125 | loss 1.3173 | acc 0.928 | lr 2.84e-04
  iter   600/3125 | loss 1.1322 | acc 0.928 | lr 2.84e-04
  iter   650/3125 | loss 1.2652 | acc 0.928 | lr 2.84e-04
  iter   700/3125 | loss 1.1733 | acc 0.927 | lr 2.84e-04
  iter   750/3125 | loss 1.2822 | acc 0.927 | lr 2.84e-04
  iter   800/3125 | loss 1.2344 | acc 0.926 | lr 2.84e-04
  iter   850/3125 | loss 1.2972 | acc 0.926 | lr 2.84e-04
  iter   900/3125 | loss 1.1085 | acc 0.926 | lr 2.84e-04
  iter   950/3125 | loss 1.2406 | acc 0.925 | lr 2.84e-04
  iter  1000/3125 | loss 1.2642 | acc 0.925 | lr 2.84e-04
  iter  1050/3125 | loss 1.1928 | acc 0.924 | lr 2.84e-04
  iter  1100/3125 | loss 1.1843 | acc 0.925 | lr 2.84e-04
  iter  1150/3125 | loss 1.1581 | acc 0.924 | lr 2.84e-04
  iter  1200/3125 | loss 1.1552 | acc 0.923 | lr 2.84e-04
  iter  1250/3125 | loss 1.2343 | acc 0.923 | lr 2.84e-04
  iter  1300/3125 | loss 1.1806 | acc 0.923 | lr 2.84e-04
  iter  1350/3125 | loss 1.2176 | acc 0.922 | lr 2.84e-04
  iter  1400/3125 | loss 1.2657 | acc 0.922 | lr 2.84e-04
  iter  1450/3125 | loss 1.2766 | acc 0.922 | lr 2.84e-04
  iter  1500/3125 | loss 1.2532 | acc 0.921 | lr 2.84e-04
  iter  1550/3125 | loss 1.4339 | acc 0.921 | lr 2.84e-04
  iter  1600/3125 | loss 1.4171 | acc 0.921 | lr 2.84e-04
  iter  1650/3125 | loss 1.3073 | acc 0.921 | lr 2.84e-04
  iter  1700/3125 | loss 1.2079 | acc 0.920 | lr 2.84e-04
  iter  1750/3125 | loss 1.3682 | acc 0.920 | lr 2.84e-04
  iter  1800/3125 | loss 1.1699 | acc 0.919 | lr 2.84e-04
  iter  1850/3125 | loss 1.5205 | acc 0.919 | lr 2.84e-04
  iter  1900/3125 | loss 1.3459 | acc 0.919 | lr 2.84e-04
  iter  1950/3125 | loss 1.1089 | acc 0.919 | lr 2.83e-04
  iter  2000/3125 | loss 1.3430 | acc 0.919 | lr 2.83e-04
  iter  2050/3125 | loss 1.0828 | acc 0.919 | lr 2.83e-04
  iter  2100/3125 | loss 1.1965 | acc 0.918 | lr 2.83e-04
  iter  2150/3125 | loss 1.4426 | acc 0.918 | lr 2.83e-04
  iter  2200/3125 | loss 1.3630 | acc 0.918 | lr 2.83e-04
  iter  2250/3125 | loss 1.5294 | acc 0.917 | lr 2.83e-04
  iter  2300/3125 | loss 1.2273 | acc 0.917 | lr 2.83e-04
  iter  2350/3125 | loss 1.1191 | acc 0.917 | lr 2.83e-04
  iter  2400/3125 | loss 1.1729 | acc 0.917 | lr 2.83e-04
  iter  2450/3125 | loss 1.0840 | acc 0.916 | lr 2.83e-04
  iter  2500/3125 | loss 1.1810 | acc 0.916 | lr 2.83e-04
  iter  2550/3125 | loss 1.3332 | acc 0.915 | lr 2.83e-04
  iter  2600/3125 | loss 1.1556 | acc 0.915 | lr 2.83e-04
  iter  2650/3125 | loss 1.2166 | acc 0.915 | lr 2.83e-04
  iter  2700/3125 | loss 1.2650 | acc 0.915 | lr 2.83e-04
  iter  2750/3125 | loss 1.4253 | acc 0.915 | lr 2.83e-04
  iter  2800/3125 | loss 1.2744 | acc 0.915 | lr 2.83e-04
  iter  2850/3125 | loss 1.5379 | acc 0.914 | lr 2.83e-04
  iter  2900/3125 | loss 1.2001 | acc 0.914 | lr 2.83e-04
  iter  2950/3125 | loss 1.1243 | acc 0.914 | lr 2.83e-04
  iter  3000/3125 | loss 1.2072 | acc 0.913 | lr 2.83e-04
  iter  3050/3125 | loss 1.2698 | acc 0.913 | lr 2.83e-04
  iter  3100/3125 | loss 1.1626 | acc 0.913 | lr 2.83e-04
[Epoch 042] Train loss=1.2623, acc=0.9127 | opt_steps=3125
[Epoch 042] Val   loss=2.4021, acc=0.4929, lr=2.83e-04
  iter    50/3125 | loss 1.0391 | acc 0.937 | lr 2.83e-04
  iter   100/3125 | loss 1.1617 | acc 0.932 | lr 2.83e-04
  iter   150/3125 | loss 1.2653 | acc 0.934 | lr 2.83e-04
  iter   200/3125 | loss 1.2824 | acc 0.933 | lr 2.83e-04
  iter   250/3125 | loss 1.1475 | acc 0.936 | lr 2.83e-04
  iter   300/3125 | loss 1.1168 | acc 0.933 | lr 2.83e-04
  iter   350/3125 | loss 1.0477 | acc 0.932 | lr 2.83e-04
  iter   400/3125 | loss 1.2351 | acc 0.931 | lr 2.83e-04
  iter   450/3125 | loss 1.4212 | acc 0.930 | lr 2.83e-04
  iter   500/3125 | loss 1.2912 | acc 0.930 | lr 2.83e-04
  iter   550/3125 | loss 1.4556 | acc 0.929 | lr 2.83e-04
  iter   600/3125 | loss 1.4531 | acc 0.928 | lr 2.83e-04
  iter   650/3125 | loss 1.1148 | acc 0.928 | lr 2.83e-04
  iter   700/3125 | loss 1.3044 | acc 0.928 | lr 2.83e-04
  iter   750/3125 | loss 1.3242 | acc 0.928 | lr 2.83e-04
  iter   800/3125 | loss 1.2216 | acc 0.927 | lr 2.83e-04
  iter   850/3125 | loss 1.1951 | acc 0.927 | lr 2.83e-04
  iter   900/3125 | loss 1.2628 | acc 0.927 | lr 2.83e-04
  iter   950/3125 | loss 1.1257 | acc 0.926 | lr 2.83e-04
  iter  1000/3125 | loss 1.4191 | acc 0.927 | lr 2.83e-04
  iter  1050/3125 | loss 1.1657 | acc 0.927 | lr 2.83e-04
  iter  1100/3125 | loss 1.2066 | acc 0.926 | lr 2.83e-04
  iter  1150/3125 | loss 1.2081 | acc 0.925 | lr 2.83e-04
  iter  1200/3125 | loss 1.0932 | acc 0.925 | lr 2.83e-04
  iter  1250/3125 | loss 1.1388 | acc 0.925 | lr 2.83e-04
  iter  1300/3125 | loss 1.1898 | acc 0.925 | lr 2.83e-04
  iter  1350/3125 | loss 1.1637 | acc 0.925 | lr 2.83e-04
  iter  1400/3125 | loss 1.1771 | acc 0.924 | lr 2.83e-04
  iter  1450/3125 | loss 1.1118 | acc 0.924 | lr 2.83e-04
  iter  1500/3125 | loss 1.3321 | acc 0.924 | lr 2.83e-04
  iter  1550/3125 | loss 1.3970 | acc 0.924 | lr 2.82e-04
  iter  1600/3125 | loss 1.1253 | acc 0.924 | lr 2.82e-04
  iter  1650/3125 | loss 1.0580 | acc 0.924 | lr 2.82e-04
  iter  1700/3125 | loss 1.2240 | acc 0.923 | lr 2.82e-04
  iter  1750/3125 | loss 1.4391 | acc 0.923 | lr 2.82e-04
  iter  1800/3125 | loss 1.2323 | acc 0.923 | lr 2.82e-04
  iter  1850/3125 | loss 1.2846 | acc 0.922 | lr 2.82e-04
  iter  1900/3125 | loss 1.2155 | acc 0.922 | lr 2.82e-04
  iter  1950/3125 | loss 1.1457 | acc 0.922 | lr 2.82e-04
  iter  2000/3125 | loss 1.3597 | acc 0.921 | lr 2.82e-04
  iter  2050/3125 | loss 1.1266 | acc 0.921 | lr 2.82e-04
  iter  2100/3125 | loss 1.3849 | acc 0.920 | lr 2.82e-04
  iter  2150/3125 | loss 1.3425 | acc 0.920 | lr 2.82e-04
  iter  2200/3125 | loss 1.2849 | acc 0.920 | lr 2.82e-04
  iter  2250/3125 | loss 1.2833 | acc 0.919 | lr 2.82e-04
  iter  2300/3125 | loss 1.3749 | acc 0.919 | lr 2.82e-04
  iter  2350/3125 | loss 1.2060 | acc 0.919 | lr 2.82e-04
  iter  2400/3125 | loss 1.4912 | acc 0.918 | lr 2.82e-04
  iter  2450/3125 | loss 1.2986 | acc 0.918 | lr 2.82e-04
  iter  2500/3125 | loss 1.3148 | acc 0.918 | lr 2.82e-04
  iter  2550/3125 | loss 1.1439 | acc 0.917 | lr 2.82e-04
  iter  2600/3125 | loss 1.2360 | acc 0.917 | lr 2.82e-04
  iter  2650/3125 | loss 1.2715 | acc 0.917 | lr 2.82e-04
  iter  2700/3125 | loss 1.2677 | acc 0.917 | lr 2.82e-04
  iter  2750/3125 | loss 1.3265 | acc 0.916 | lr 2.82e-04
  iter  2800/3125 | loss 1.2049 | acc 0.916 | lr 2.82e-04
  iter  2850/3125 | loss 1.1624 | acc 0.916 | lr 2.82e-04
  iter  2900/3125 | loss 1.3843 | acc 0.916 | lr 2.82e-04
  iter  2950/3125 | loss 1.4116 | acc 0.915 | lr 2.82e-04
  iter  3000/3125 | loss 1.3058 | acc 0.915 | lr 2.82e-04
  iter  3050/3125 | loss 1.3869 | acc 0.915 | lr 2.82e-04
  iter  3100/3125 | loss 1.1124 | acc 0.914 | lr 2.82e-04
[Epoch 043] Train loss=1.2542, acc=0.9143 | opt_steps=3125
[Epoch 043] Val   loss=2.4028, acc=0.4925, lr=2.82e-04
  iter    50/3125 | loss 1.0239 | acc 0.941 | lr 2.82e-04
  iter   100/3125 | loss 1.3024 | acc 0.937 | lr 2.82e-04
  iter   150/3125 | loss 1.2673 | acc 0.937 | lr 2.82e-04
  iter   200/3125 | loss 1.2740 | acc 0.939 | lr 2.82e-04
  iter   250/3125 | loss 1.3561 | acc 0.939 | lr 2.82e-04
  iter   300/3125 | loss 1.2605 | acc 0.937 | lr 2.82e-04
  iter   350/3125 | loss 1.1538 | acc 0.935 | lr 2.82e-04
  iter   400/3125 | loss 1.1762 | acc 0.935 | lr 2.82e-04
  iter   450/3125 | loss 1.2424 | acc 0.934 | lr 2.82e-04
  iter   500/3125 | loss 1.2537 | acc 0.933 | lr 2.82e-04
  iter   550/3125 | loss 1.1759 | acc 0.933 | lr 2.82e-04
  iter   600/3125 | loss 1.1679 | acc 0.933 | lr 2.82e-04
  iter   650/3125 | loss 1.3347 | acc 0.932 | lr 2.82e-04
  iter   700/3125 | loss 1.3518 | acc 0.931 | lr 2.82e-04
  iter   750/3125 | loss 1.0796 | acc 0.932 | lr 2.82e-04
  iter   800/3125 | loss 1.1149 | acc 0.931 | lr 2.82e-04
  iter   850/3125 | loss 1.2384 | acc 0.930 | lr 2.82e-04
  iter   900/3125 | loss 1.2064 | acc 0.930 | lr 2.82e-04
  iter   950/3125 | loss 1.1030 | acc 0.930 | lr 2.82e-04
  iter  1000/3125 | loss 1.1184 | acc 0.930 | lr 2.82e-04
  iter  1050/3125 | loss 1.2615 | acc 0.929 | lr 2.82e-04
  iter  1100/3125 | loss 1.1656 | acc 0.929 | lr 2.81e-04
  iter  1150/3125 | loss 1.1844 | acc 0.928 | lr 2.81e-04
  iter  1200/3125 | loss 1.3518 | acc 0.928 | lr 2.81e-04
  iter  1250/3125 | loss 1.2209 | acc 0.928 | lr 2.81e-04
  iter  1300/3125 | loss 1.1471 | acc 0.927 | lr 2.81e-04
  iter  1350/3125 | loss 1.2106 | acc 0.927 | lr 2.81e-04
  iter  1400/3125 | loss 1.1749 | acc 0.927 | lr 2.81e-04
  iter  1450/3125 | loss 1.2565 | acc 0.926 | lr 2.81e-04
  iter  1500/3125 | loss 1.5381 | acc 0.926 | lr 2.81e-04
  iter  1550/3125 | loss 1.2114 | acc 0.925 | lr 2.81e-04
  iter  1600/3125 | loss 1.3323 | acc 0.925 | lr 2.81e-04
  iter  1650/3125 | loss 1.1346 | acc 0.925 | lr 2.81e-04
  iter  1700/3125 | loss 1.3120 | acc 0.924 | lr 2.81e-04
  iter  1750/3125 | loss 1.4825 | acc 0.924 | lr 2.81e-04
  iter  1800/3125 | loss 1.2421 | acc 0.924 | lr 2.81e-04
  iter  1850/3125 | loss 1.1816 | acc 0.924 | lr 2.81e-04
  iter  1900/3125 | loss 1.4765 | acc 0.924 | lr 2.81e-04
  iter  1950/3125 | loss 1.1287 | acc 0.924 | lr 2.81e-04
  iter  2000/3125 | loss 1.2434 | acc 0.923 | lr 2.81e-04
  iter  2050/3125 | loss 1.2331 | acc 0.923 | lr 2.81e-04
  iter  2100/3125 | loss 1.2786 | acc 0.923 | lr 2.81e-04
  iter  2150/3125 | loss 1.3930 | acc 0.922 | lr 2.81e-04
  iter  2200/3125 | loss 1.4050 | acc 0.922 | lr 2.81e-04
  iter  2250/3125 | loss 1.1982 | acc 0.922 | lr 2.81e-04
  iter  2300/3125 | loss 1.4075 | acc 0.922 | lr 2.81e-04
  iter  2350/3125 | loss 1.3645 | acc 0.921 | lr 2.81e-04
  iter  2400/3125 | loss 1.2352 | acc 0.921 | lr 2.81e-04
  iter  2450/3125 | loss 1.2143 | acc 0.920 | lr 2.81e-04
  iter  2500/3125 | loss 1.0927 | acc 0.920 | lr 2.81e-04
  iter  2550/3125 | loss 1.1305 | acc 0.920 | lr 2.81e-04
  iter  2600/3125 | loss 1.7211 | acc 0.919 | lr 2.81e-04
  iter  2650/3125 | loss 1.2763 | acc 0.919 | lr 2.81e-04
  iter  2700/3125 | loss 1.4007 | acc 0.919 | lr 2.81e-04
  iter  2750/3125 | loss 1.1864 | acc 0.918 | lr 2.81e-04
  iter  2800/3125 | loss 1.2869 | acc 0.918 | lr 2.81e-04
  iter  2850/3125 | loss 1.2624 | acc 0.918 | lr 2.81e-04
  iter  2900/3125 | loss 1.4476 | acc 0.918 | lr 2.81e-04
  iter  2950/3125 | loss 1.3802 | acc 0.917 | lr 2.81e-04
  iter  3000/3125 | loss 1.2053 | acc 0.917 | lr 2.81e-04
  iter  3050/3125 | loss 1.5186 | acc 0.917 | lr 2.81e-04
  iter  3100/3125 | loss 1.1940 | acc 0.916 | lr 2.81e-04
[Epoch 044] Train loss=1.2449, acc=0.9164 | opt_steps=3125
[Epoch 044] Val   loss=2.4067, acc=0.4929, lr=2.81e-04
  iter    50/3125 | loss 1.1004 | acc 0.944 | lr 2.81e-04
  iter   100/3125 | loss 1.1372 | acc 0.946 | lr 2.81e-04
  iter   150/3125 | loss 1.1960 | acc 0.942 | lr 2.81e-04
  iter   200/3125 | loss 1.1723 | acc 0.940 | lr 2.81e-04
  iter   250/3125 | loss 1.1163 | acc 0.941 | lr 2.81e-04
  iter   300/3125 | loss 1.2030 | acc 0.938 | lr 2.81e-04
  iter   350/3125 | loss 1.0841 | acc 0.937 | lr 2.81e-04
  iter   400/3125 | loss 1.1064 | acc 0.937 | lr 2.81e-04
  iter   450/3125 | loss 1.1158 | acc 0.936 | lr 2.81e-04
  iter   500/3125 | loss 1.1624 | acc 0.936 | lr 2.81e-04
  iter   550/3125 | loss 1.2247 | acc 0.935 | lr 2.80e-04
  iter   600/3125 | loss 1.3574 | acc 0.934 | lr 2.80e-04
  iter   650/3125 | loss 1.0015 | acc 0.934 | lr 2.80e-04
  iter   700/3125 | loss 1.2931 | acc 0.933 | lr 2.80e-04
  iter   750/3125 | loss 1.4138 | acc 0.933 | lr 2.80e-04
  iter   800/3125 | loss 1.2216 | acc 0.933 | lr 2.80e-04
  iter   850/3125 | loss 1.0980 | acc 0.933 | lr 2.80e-04
  iter   900/3125 | loss 1.1993 | acc 0.932 | lr 2.80e-04
  iter   950/3125 | loss 1.3972 | acc 0.932 | lr 2.80e-04
  iter  1000/3125 | loss 1.4002 | acc 0.931 | lr 2.80e-04
  iter  1050/3125 | loss 1.6144 | acc 0.930 | lr 2.80e-04
  iter  1100/3125 | loss 1.0678 | acc 0.930 | lr 2.80e-04
  iter  1150/3125 | loss 1.1687 | acc 0.930 | lr 2.80e-04
  iter  1200/3125 | loss 1.1088 | acc 0.929 | lr 2.80e-04
  iter  1250/3125 | loss 1.2693 | acc 0.929 | lr 2.80e-04
  iter  1300/3125 | loss 1.2119 | acc 0.929 | lr 2.80e-04
  iter  1350/3125 | loss 1.0927 | acc 0.928 | lr 2.80e-04
  iter  1400/3125 | loss 1.2926 | acc 0.928 | lr 2.80e-04
  iter  1450/3125 | loss 1.2416 | acc 0.928 | lr 2.80e-04
  iter  1500/3125 | loss 1.1056 | acc 0.927 | lr 2.80e-04
  iter  1550/3125 | loss 1.2013 | acc 0.927 | lr 2.80e-04
  iter  1600/3125 | loss 1.0927 | acc 0.926 | lr 2.80e-04
  iter  1650/3125 | loss 1.2344 | acc 0.926 | lr 2.80e-04
  iter  1700/3125 | loss 1.2722 | acc 0.926 | lr 2.80e-04
  iter  1750/3125 | loss 1.2527 | acc 0.925 | lr 2.80e-04
  iter  1800/3125 | loss 1.1752 | acc 0.925 | lr 2.80e-04
  iter  1850/3125 | loss 1.1928 | acc 0.925 | lr 2.80e-04
  iter  1900/3125 | loss 1.5132 | acc 0.924 | lr 2.80e-04
  iter  1950/3125 | loss 1.4441 | acc 0.924 | lr 2.80e-04
  iter  2000/3125 | loss 1.1951 | acc 0.924 | lr 2.80e-04
  iter  2050/3125 | loss 1.2825 | acc 0.923 | lr 2.80e-04
  iter  2100/3125 | loss 1.3670 | acc 0.923 | lr 2.80e-04
  iter  2150/3125 | loss 1.1749 | acc 0.923 | lr 2.80e-04
  iter  2200/3125 | loss 1.4368 | acc 0.922 | lr 2.80e-04
  iter  2250/3125 | loss 1.1735 | acc 0.922 | lr 2.80e-04
  iter  2300/3125 | loss 1.2299 | acc 0.922 | lr 2.80e-04
  iter  2350/3125 | loss 1.0463 | acc 0.921 | lr 2.80e-04
  iter  2400/3125 | loss 1.3265 | acc 0.921 | lr 2.80e-04
  iter  2450/3125 | loss 1.2755 | acc 0.920 | lr 2.80e-04
  iter  2500/3125 | loss 1.2009 | acc 0.920 | lr 2.80e-04
  iter  2550/3125 | loss 1.2496 | acc 0.920 | lr 2.80e-04
  iter  2600/3125 | loss 1.2747 | acc 0.920 | lr 2.80e-04
  iter  2650/3125 | loss 1.2500 | acc 0.919 | lr 2.80e-04
  iter  2700/3125 | loss 1.2049 | acc 0.919 | lr 2.80e-04
  iter  2750/3125 | loss 1.2922 | acc 0.919 | lr 2.80e-04
  iter  2800/3125 | loss 1.1786 | acc 0.918 | lr 2.80e-04
  iter  2850/3125 | loss 1.4108 | acc 0.918 | lr 2.80e-04
  iter  2900/3125 | loss 1.2252 | acc 0.918 | lr 2.80e-04
  iter  2950/3125 | loss 1.3558 | acc 0.918 | lr 2.80e-04
  iter  3000/3125 | loss 1.2389 | acc 0.917 | lr 2.80e-04
  iter  3050/3125 | loss 1.2879 | acc 0.917 | lr 2.80e-04
  iter  3100/3125 | loss 1.2749 | acc 0.917 | lr 2.79e-04
[Epoch 045] Train loss=1.2404, acc=0.9167 | opt_steps=3125
[Epoch 045] Val   loss=2.4101, acc=0.4935, lr=2.79e-04
  🌟 New best saved @ lstm5_attn_dwt_best.pth (acc=0.4935)
  iter    50/3125 | loss 1.1264 | acc 0.936 | lr 2.79e-04
  iter   100/3125 | loss 1.2648 | acc 0.938 | lr 2.79e-04
  iter   150/3125 | loss 1.0869 | acc 0.936 | lr 2.79e-04
  iter   200/3125 | loss 1.0800 | acc 0.935 | lr 2.79e-04
  iter   250/3125 | loss 1.1495 | acc 0.935 | lr 2.79e-04
  iter   300/3125 | loss 1.1101 | acc 0.934 | lr 2.79e-04
  iter   350/3125 | loss 1.1140 | acc 0.935 | lr 2.79e-04
  iter   400/3125 | loss 1.2512 | acc 0.935 | lr 2.79e-04
  iter   450/3125 | loss 1.2425 | acc 0.935 | lr 2.79e-04
  iter   500/3125 | loss 1.2286 | acc 0.934 | lr 2.79e-04
  iter   550/3125 | loss 1.4012 | acc 0.934 | lr 2.79e-04
  iter   600/3125 | loss 1.2011 | acc 0.932 | lr 2.79e-04
  iter   650/3125 | loss 1.1616 | acc 0.932 | lr 2.79e-04
  iter   700/3125 | loss 1.1273 | acc 0.932 | lr 2.79e-04
  iter   750/3125 | loss 1.0661 | acc 0.932 | lr 2.79e-04
  iter   800/3125 | loss 1.1102 | acc 0.932 | lr 2.79e-04
  iter   850/3125 | loss 1.1976 | acc 0.932 | lr 2.79e-04
  iter   900/3125 | loss 1.2945 | acc 0.932 | lr 2.79e-04
  iter   950/3125 | loss 1.1017 | acc 0.932 | lr 2.79e-04
  iter  1000/3125 | loss 1.1318 | acc 0.932 | lr 2.79e-04
  iter  1050/3125 | loss 1.1060 | acc 0.932 | lr 2.79e-04
  iter  1100/3125 | loss 1.2477 | acc 0.931 | lr 2.79e-04
  iter  1150/3125 | loss 1.2069 | acc 0.931 | lr 2.79e-04
  iter  1200/3125 | loss 1.1661 | acc 0.931 | lr 2.79e-04
  iter  1250/3125 | loss 1.1771 | acc 0.931 | lr 2.79e-04
  iter  1300/3125 | loss 1.1980 | acc 0.930 | lr 2.79e-04
  iter  1350/3125 | loss 1.4147 | acc 0.930 | lr 2.79e-04
  iter  1400/3125 | loss 1.2773 | acc 0.930 | lr 2.79e-04
  iter  1450/3125 | loss 1.4952 | acc 0.929 | lr 2.79e-04
  iter  1500/3125 | loss 1.3235 | acc 0.929 | lr 2.79e-04
  iter  1550/3125 | loss 1.0905 | acc 0.929 | lr 2.79e-04
  iter  1600/3125 | loss 1.2425 | acc 0.928 | lr 2.79e-04
  iter  1650/3125 | loss 1.0811 | acc 0.928 | lr 2.79e-04
  iter  1700/3125 | loss 1.2681 | acc 0.927 | lr 2.79e-04
  iter  1750/3125 | loss 1.2017 | acc 0.927 | lr 2.79e-04
  iter  1800/3125 | loss 1.3878 | acc 0.926 | lr 2.79e-04
  iter  1850/3125 | loss 1.0881 | acc 0.926 | lr 2.79e-04
  iter  1900/3125 | loss 1.1411 | acc 0.926 | lr 2.79e-04
  iter  1950/3125 | loss 1.4550 | acc 0.926 | lr 2.79e-04
  iter  2000/3125 | loss 1.3939 | acc 0.926 | lr 2.79e-04
  iter  2050/3125 | loss 1.2794 | acc 0.925 | lr 2.79e-04
  iter  2100/3125 | loss 1.2791 | acc 0.925 | lr 2.79e-04
  iter  2150/3125 | loss 1.3151 | acc 0.925 | lr 2.79e-04
  iter  2200/3125 | loss 1.1194 | acc 0.924 | lr 2.79e-04
  iter  2250/3125 | loss 1.3519 | acc 0.924 | lr 2.79e-04
  iter  2300/3125 | loss 1.2456 | acc 0.923 | lr 2.79e-04
  iter  2350/3125 | loss 1.3156 | acc 0.923 | lr 2.79e-04
  iter  2400/3125 | loss 1.2930 | acc 0.923 | lr 2.79e-04
  iter  2450/3125 | loss 1.2382 | acc 0.922 | lr 2.78e-04
  iter  2500/3125 | loss 1.3788 | acc 0.922 | lr 2.78e-04
  iter  2550/3125 | loss 1.1912 | acc 0.922 | lr 2.78e-04
  iter  2600/3125 | loss 1.4338 | acc 0.922 | lr 2.78e-04
  iter  2650/3125 | loss 1.1944 | acc 0.921 | lr 2.78e-04
  iter  2700/3125 | loss 1.0787 | acc 0.921 | lr 2.78e-04
  iter  2750/3125 | loss 1.1060 | acc 0.921 | lr 2.78e-04
  iter  2800/3125 | loss 1.2544 | acc 0.921 | lr 2.78e-04
  iter  2850/3125 | loss 1.2356 | acc 0.920 | lr 2.78e-04
  iter  2900/3125 | loss 1.4385 | acc 0.920 | lr 2.78e-04
  iter  2950/3125 | loss 1.2277 | acc 0.920 | lr 2.78e-04
  iter  3000/3125 | loss 1.2370 | acc 0.919 | lr 2.78e-04
  iter  3050/3125 | loss 1.3340 | acc 0.919 | lr 2.78e-04
  iter  3100/3125 | loss 1.0756 | acc 0.919 | lr 2.78e-04
[Epoch 046] Train loss=1.2304, acc=0.9186 | opt_steps=3125
[Epoch 046] Val   loss=2.4117, acc=0.4943, lr=2.78e-04
  🌟 New best saved @ lstm5_attn_dwt_best.pth (acc=0.4943)
  iter    50/3125 | loss 1.1312 | acc 0.949 | lr 2.78e-04
  iter   100/3125 | loss 1.1639 | acc 0.944 | lr 2.78e-04
  iter   150/3125 | loss 1.2024 | acc 0.945 | lr 2.78e-04
  iter   200/3125 | loss 1.1173 | acc 0.942 | lr 2.78e-04
  iter   250/3125 | loss 1.3200 | acc 0.941 | lr 2.78e-04
  iter   300/3125 | loss 1.2314 | acc 0.941 | lr 2.78e-04
  iter   350/3125 | loss 1.2719 | acc 0.939 | lr 2.78e-04
  iter   400/3125 | loss 1.1316 | acc 0.938 | lr 2.78e-04
  iter   450/3125 | loss 1.0950 | acc 0.938 | lr 2.78e-04
  iter   500/3125 | loss 1.0898 | acc 0.937 | lr 2.78e-04
  iter   550/3125 | loss 1.1620 | acc 0.936 | lr 2.78e-04
  iter   600/3125 | loss 1.2405 | acc 0.937 | lr 2.78e-04
  iter   650/3125 | loss 1.1773 | acc 0.935 | lr 2.78e-04
  iter   700/3125 | loss 1.4374 | acc 0.935 | lr 2.78e-04
  iter   750/3125 | loss 1.0659 | acc 0.934 | lr 2.78e-04
  iter   800/3125 | loss 1.4059 | acc 0.934 | lr 2.78e-04
  iter   850/3125 | loss 1.4599 | acc 0.934 | lr 2.78e-04
  iter   900/3125 | loss 1.1866 | acc 0.934 | lr 2.78e-04
  iter   950/3125 | loss 1.2223 | acc 0.932 | lr 2.78e-04
  iter  1000/3125 | loss 1.1247 | acc 0.932 | lr 2.78e-04
  iter  1050/3125 | loss 1.1113 | acc 0.932 | lr 2.78e-04
  iter  1100/3125 | loss 1.3477 | acc 0.931 | lr 2.78e-04
  iter  1150/3125 | loss 1.2053 | acc 0.931 | lr 2.78e-04
  iter  1200/3125 | loss 1.2238 | acc 0.930 | lr 2.78e-04
  iter  1250/3125 | loss 1.2197 | acc 0.930 | lr 2.78e-04
  iter  1300/3125 | loss 1.3718 | acc 0.929 | lr 2.78e-04
  iter  1350/3125 | loss 1.2590 | acc 0.929 | lr 2.78e-04
  iter  1400/3125 | loss 1.1519 | acc 0.928 | lr 2.78e-04
  iter  1450/3125 | loss 1.1469 | acc 0.928 | lr 2.78e-04
  iter  1500/3125 | loss 1.3744 | acc 0.928 | lr 2.78e-04
  iter  1550/3125 | loss 1.0781 | acc 0.928 | lr 2.78e-04
  iter  1600/3125 | loss 1.2248 | acc 0.928 | lr 2.78e-04
  iter  1650/3125 | loss 1.5421 | acc 0.927 | lr 2.78e-04
  iter  1700/3125 | loss 1.4685 | acc 0.927 | lr 2.78e-04
  iter  1750/3125 | loss 1.3031 | acc 0.926 | lr 2.77e-04
  iter  1800/3125 | loss 1.2911 | acc 0.926 | lr 2.77e-04
  iter  1850/3125 | loss 1.1538 | acc 0.926 | lr 2.77e-04
  iter  1900/3125 | loss 1.2931 | acc 0.926 | lr 2.77e-04
  iter  1950/3125 | loss 1.1059 | acc 0.925 | lr 2.77e-04
  iter  2000/3125 | loss 1.4616 | acc 0.925 | lr 2.77e-04
  iter  2050/3125 | loss 1.3540 | acc 0.925 | lr 2.77e-04
  iter  2100/3125 | loss 1.1515 | acc 0.924 | lr 2.77e-04
  iter  2150/3125 | loss 1.1936 | acc 0.924 | lr 2.77e-04
  iter  2200/3125 | loss 1.3215 | acc 0.924 | lr 2.77e-04
  iter  2250/3125 | loss 1.1040 | acc 0.924 | lr 2.77e-04
  iter  2300/3125 | loss 1.3560 | acc 0.923 | lr 2.77e-04
  iter  2350/3125 | loss 1.2404 | acc 0.923 | lr 2.77e-04
  iter  2400/3125 | loss 1.3407 | acc 0.922 | lr 2.77e-04
  iter  2450/3125 | loss 1.2117 | acc 0.922 | lr 2.77e-04
  iter  2500/3125 | loss 1.3302 | acc 0.922 | lr 2.77e-04
  iter  2550/3125 | loss 1.1289 | acc 0.922 | lr 2.77e-04
  iter  2600/3125 | loss 1.1103 | acc 0.922 | lr 2.77e-04
  iter  2650/3125 | loss 1.1744 | acc 0.921 | lr 2.77e-04
  iter  2700/3125 | loss 1.4353 | acc 0.921 | lr 2.77e-04
  iter  2750/3125 | loss 1.0987 | acc 0.920 | lr 2.77e-04
  iter  2800/3125 | loss 1.1834 | acc 0.920 | lr 2.77e-04
  iter  2850/3125 | loss 1.1540 | acc 0.920 | lr 2.77e-04
  iter  2900/3125 | loss 1.3256 | acc 0.920 | lr 2.77e-04
  iter  2950/3125 | loss 1.0906 | acc 0.919 | lr 2.77e-04
  iter  3000/3125 | loss 1.3930 | acc 0.919 | lr 2.77e-04
  iter  3050/3125 | loss 1.1143 | acc 0.919 | lr 2.77e-04
  iter  3100/3125 | loss 1.3804 | acc 0.918 | lr 2.77e-04
[Epoch 047] Train loss=1.2266, acc=0.9182 | opt_steps=3125
[Epoch 047] Val   loss=2.4160, acc=0.4963, lr=2.77e-04
  🌟 New best saved @ lstm5_attn_dwt_best.pth (acc=0.4963)
  iter    50/3125 | loss 1.3275 | acc 0.920 | lr 2.77e-04
  iter   100/3125 | loss 1.2290 | acc 0.928 | lr 2.77e-04
  iter   150/3125 | loss 1.1838 | acc 0.929 | lr 2.77e-04
  iter   200/3125 | loss 1.1753 | acc 0.932 | lr 2.77e-04
  iter   250/3125 | loss 1.0621 | acc 0.935 | lr 2.77e-04
  iter   300/3125 | loss 1.2024 | acc 0.935 | lr 2.77e-04
  iter   350/3125 | loss 1.1606 | acc 0.933 | lr 2.77e-04
  iter   400/3125 | loss 1.1795 | acc 0.934 | lr 2.77e-04
  iter   450/3125 | loss 1.0839 | acc 0.934 | lr 2.77e-04
  iter   500/3125 | loss 1.1817 | acc 0.932 | lr 2.77e-04
  iter   550/3125 | loss 1.1807 | acc 0.932 | lr 2.77e-04
  iter   600/3125 | loss 1.0473 | acc 0.932 | lr 2.77e-04
  iter   650/3125 | loss 1.2314 | acc 0.932 | lr 2.77e-04
  iter   700/3125 | loss 1.2148 | acc 0.932 | lr 2.77e-04
  iter   750/3125 | loss 1.1965 | acc 0.930 | lr 2.77e-04
  iter   800/3125 | loss 1.1698 | acc 0.931 | lr 2.77e-04
  iter   850/3125 | loss 1.2568 | acc 0.931 | lr 2.77e-04
  iter   900/3125 | loss 1.2792 | acc 0.931 | lr 2.77e-04
  iter   950/3125 | loss 1.0846 | acc 0.931 | lr 2.76e-04
  iter  1000/3125 | loss 1.1797 | acc 0.931 | lr 2.76e-04
  iter  1050/3125 | loss 1.2802 | acc 0.930 | lr 2.76e-04
  iter  1100/3125 | loss 1.1396 | acc 0.930 | lr 2.76e-04
  iter  1150/3125 | loss 1.1741 | acc 0.930 | lr 2.76e-04
  iter  1200/3125 | loss 1.1624 | acc 0.930 | lr 2.76e-04
  iter  1250/3125 | loss 1.1195 | acc 0.929 | lr 2.76e-04
  iter  1300/3125 | loss 1.3477 | acc 0.929 | lr 2.76e-04
  iter  1350/3125 | loss 1.1640 | acc 0.928 | lr 2.76e-04
  iter  1400/3125 | loss 1.1811 | acc 0.928 | lr 2.76e-04
  iter  1450/3125 | loss 1.0278 | acc 0.928 | lr 2.76e-04
  iter  1500/3125 | loss 1.1442 | acc 0.927 | lr 2.76e-04
  iter  1550/3125 | loss 1.3490 | acc 0.927 | lr 2.76e-04
  iter  1600/3125 | loss 1.3500 | acc 0.927 | lr 2.76e-04
  iter  1650/3125 | loss 1.2027 | acc 0.926 | lr 2.76e-04
  iter  1700/3125 | loss 1.1342 | acc 0.926 | lr 2.76e-04
  iter  1750/3125 | loss 1.1053 | acc 0.926 | lr 2.76e-04
  iter  1800/3125 | loss 1.1976 | acc 0.926 | lr 2.76e-04
  iter  1850/3125 | loss 1.3053 | acc 0.926 | lr 2.76e-04
  iter  1900/3125 | loss 1.1507 | acc 0.926 | lr 2.76e-04
  iter  1950/3125 | loss 1.3132 | acc 0.925 | lr 2.76e-04
  iter  2000/3125 | loss 1.1764 | acc 0.925 | lr 2.76e-04
  iter  2050/3125 | loss 1.2378 | acc 0.924 | lr 2.76e-04
  iter  2100/3125 | loss 1.1992 | acc 0.924 | lr 2.76e-04
  iter  2150/3125 | loss 1.2461 | acc 0.924 | lr 2.76e-04
  iter  2200/3125 | loss 1.1937 | acc 0.924 | lr 2.76e-04
  iter  2250/3125 | loss 1.0921 | acc 0.923 | lr 2.76e-04
  iter  2300/3125 | loss 1.1252 | acc 0.923 | lr 2.76e-04
  iter  2350/3125 | loss 1.2130 | acc 0.923 | lr 2.76e-04
  iter  2400/3125 | loss 1.1368 | acc 0.923 | lr 2.76e-04
  iter  2450/3125 | loss 1.2534 | acc 0.922 | lr 2.76e-04
  iter  2500/3125 | loss 1.1629 | acc 0.922 | lr 2.76e-04
  iter  2550/3125 | loss 1.6691 | acc 0.922 | lr 2.76e-04
  iter  2600/3125 | loss 1.4891 | acc 0.922 | lr 2.76e-04
  iter  2650/3125 | loss 1.2711 | acc 0.922 | lr 2.76e-04
  iter  2700/3125 | loss 1.6442 | acc 0.921 | lr 2.76e-04
  iter  2750/3125 | loss 1.1626 | acc 0.921 | lr 2.76e-04
  iter  2800/3125 | loss 1.0575 | acc 0.921 | lr 2.76e-04
  iter  2850/3125 | loss 1.1144 | acc 0.921 | lr 2.76e-04
  iter  2900/3125 | loss 1.1891 | acc 0.921 | lr 2.76e-04
  iter  2950/3125 | loss 1.2053 | acc 0.920 | lr 2.76e-04
  iter  3000/3125 | loss 1.3730 | acc 0.920 | lr 2.76e-04
  iter  3050/3125 | loss 1.3275 | acc 0.920 | lr 2.76e-04
  iter  3100/3125 | loss 1.3248 | acc 0.920 | lr 2.76e-04
[Epoch 048] Train loss=1.2203, acc=0.9195 | opt_steps=3125
[Epoch 048] Val   loss=2.4188, acc=0.4951, lr=2.76e-04
  iter    50/3125 | loss 1.2257 | acc 0.953 | lr 2.76e-04
  iter   100/3125 | loss 1.2725 | acc 0.944 | lr 2.76e-04
  iter   150/3125 | loss 1.0389 | acc 0.946 | lr 2.75e-04
  iter   200/3125 | loss 1.1861 | acc 0.945 | lr 2.75e-04
  iter   250/3125 | loss 1.2162 | acc 0.941 | lr 2.75e-04
  iter   300/3125 | loss 1.2229 | acc 0.939 | lr 2.75e-04
  iter   350/3125 | loss 1.1208 | acc 0.939 | lr 2.75e-04
  iter   400/3125 | loss 1.1030 | acc 0.939 | lr 2.75e-04
  iter   450/3125 | loss 1.1107 | acc 0.939 | lr 2.75e-04
  iter   500/3125 | loss 1.0711 | acc 0.938 | lr 2.75e-04
  iter   550/3125 | loss 1.1082 | acc 0.937 | lr 2.75e-04
  iter   600/3125 | loss 1.1651 | acc 0.936 | lr 2.75e-04
  iter   650/3125 | loss 1.3542 | acc 0.935 | lr 2.75e-04
  iter   700/3125 | loss 1.1234 | acc 0.936 | lr 2.75e-04
  iter   750/3125 | loss 1.2210 | acc 0.935 | lr 2.75e-04
  iter   800/3125 | loss 1.0798 | acc 0.935 | lr 2.75e-04
  iter   850/3125 | loss 1.1049 | acc 0.936 | lr 2.75e-04
  iter   900/3125 | loss 1.1502 | acc 0.936 | lr 2.75e-04
  iter   950/3125 | loss 1.0847 | acc 0.935 | lr 2.75e-04
  iter  1000/3125 | loss 1.2267 | acc 0.935 | lr 2.75e-04
  iter  1050/3125 | loss 1.2867 | acc 0.934 | lr 2.75e-04
  iter  1100/3125 | loss 1.2886 | acc 0.934 | lr 2.75e-04
  iter  1150/3125 | loss 1.3412 | acc 0.933 | lr 2.75e-04
  iter  1200/3125 | loss 1.1286 | acc 0.933 | lr 2.75e-04
  iter  1250/3125 | loss 1.1008 | acc 0.933 | lr 2.75e-04
  iter  1300/3125 | loss 1.1535 | acc 0.932 | lr 2.75e-04
  iter  1350/3125 | loss 1.1656 | acc 0.931 | lr 2.75e-04
  iter  1400/3125 | loss 1.1860 | acc 0.931 | lr 2.75e-04
  iter  1450/3125 | loss 1.3026 | acc 0.931 | lr 2.75e-04
  iter  1500/3125 | loss 1.1883 | acc 0.930 | lr 2.75e-04
  iter  1550/3125 | loss 1.1423 | acc 0.930 | lr 2.75e-04
  iter  1600/3125 | loss 1.1609 | acc 0.930 | lr 2.75e-04
  iter  1650/3125 | loss 1.2937 | acc 0.929 | lr 2.75e-04
  iter  1700/3125 | loss 1.3709 | acc 0.929 | lr 2.75e-04
  iter  1750/3125 | loss 1.2289 | acc 0.928 | lr 2.75e-04
  iter  1800/3125 | loss 1.1718 | acc 0.928 | lr 2.75e-04
  iter  1850/3125 | loss 1.0943 | acc 0.928 | lr 2.75e-04
  iter  1900/3125 | loss 1.1292 | acc 0.928 | lr 2.75e-04
  iter  1950/3125 | loss 1.1456 | acc 0.927 | lr 2.75e-04
  iter  2000/3125 | loss 1.2832 | acc 0.927 | lr 2.75e-04
  iter  2050/3125 | loss 1.1543 | acc 0.926 | lr 2.75e-04
  iter  2100/3125 | loss 1.2131 | acc 0.926 | lr 2.75e-04
  iter  2150/3125 | loss 1.5121 | acc 0.926 | lr 2.75e-04
  iter  2200/3125 | loss 1.1784 | acc 0.926 | lr 2.75e-04
  iter  2250/3125 | loss 1.1279 | acc 0.925 | lr 2.75e-04
  iter  2300/3125 | loss 1.2880 | acc 0.925 | lr 2.75e-04
  iter  2350/3125 | loss 1.1150 | acc 0.925 | lr 2.75e-04
  iter  2400/3125 | loss 1.3078 | acc 0.925 | lr 2.75e-04
  iter  2450/3125 | loss 1.2038 | acc 0.924 | lr 2.74e-04
  iter  2500/3125 | loss 1.1446 | acc 0.924 | lr 2.74e-04
  iter  2550/3125 | loss 1.0515 | acc 0.924 | lr 2.74e-04
  iter  2600/3125 | loss 1.2123 | acc 0.924 | lr 2.74e-04
  iter  2650/3125 | loss 1.2147 | acc 0.923 | lr 2.74e-04
  iter  2700/3125 | loss 1.2669 | acc 0.923 | lr 2.74e-04
  iter  2750/3125 | loss 1.4149 | acc 0.923 | lr 2.74e-04
  iter  2800/3125 | loss 1.3158 | acc 0.923 | lr 2.74e-04
  iter  2850/3125 | loss 1.1705 | acc 0.922 | lr 2.74e-04
  iter  2900/3125 | loss 1.1306 | acc 0.922 | lr 2.74e-04
  iter  2950/3125 | loss 1.1271 | acc 0.922 | lr 2.74e-04
  iter  3000/3125 | loss 1.2110 | acc 0.921 | lr 2.74e-04
  iter  3050/3125 | loss 1.4005 | acc 0.921 | lr 2.74e-04
  iter  3100/3125 | loss 1.2372 | acc 0.921 | lr 2.74e-04
[Epoch 049] Train loss=1.2137, acc=0.9204 | opt_steps=3125
[Epoch 049] Val   loss=2.4221, acc=0.4982, lr=2.74e-04
  🌟 New best saved @ lstm5_attn_dwt_best.pth (acc=0.4982)
  iter    50/3125 | loss 1.0951 | acc 0.947 | lr 2.74e-04
  iter   100/3125 | loss 1.3129 | acc 0.941 | lr 2.74e-04
  iter   150/3125 | loss 1.0766 | acc 0.942 | lr 2.74e-04
  iter   200/3125 | loss 1.4102 | acc 0.943 | lr 2.74e-04
  iter   250/3125 | loss 1.1702 | acc 0.943 | lr 2.74e-04
  iter   300/3125 | loss 1.1497 | acc 0.944 | lr 2.74e-04
  iter   350/3125 | loss 1.0073 | acc 0.944 | lr 2.74e-04
  iter   400/3125 | loss 1.2776 | acc 0.943 | lr 2.74e-04
  iter   450/3125 | loss 1.0143 | acc 0.942 | lr 2.74e-04
  iter   500/3125 | loss 1.2864 | acc 0.941 | lr 2.74e-04
  iter   550/3125 | loss 1.0120 | acc 0.939 | lr 2.74e-04
  iter   600/3125 | loss 1.1867 | acc 0.938 | lr 2.74e-04
  iter   650/3125 | loss 1.0549 | acc 0.937 | lr 2.74e-04
  iter   700/3125 | loss 1.2381 | acc 0.936 | lr 2.74e-04
  iter   750/3125 | loss 1.0727 | acc 0.935 | lr 2.74e-04
  iter   800/3125 | loss 1.3084 | acc 0.935 | lr 2.74e-04
  iter   850/3125 | loss 1.1456 | acc 0.935 | lr 2.74e-04
  iter   900/3125 | loss 1.2284 | acc 0.935 | lr 2.74e-04
  iter   950/3125 | loss 1.1651 | acc 0.934 | lr 2.74e-04
  iter  1000/3125 | loss 1.3802 | acc 0.934 | lr 2.74e-04
  iter  1050/3125 | loss 1.4671 | acc 0.934 | lr 2.74e-04
  iter  1100/3125 | loss 1.2203 | acc 0.933 | lr 2.74e-04
  iter  1150/3125 | loss 1.2168 | acc 0.933 | lr 2.74e-04
  iter  1200/3125 | loss 1.2300 | acc 0.932 | lr 2.74e-04
  iter  1250/3125 | loss 1.2175 | acc 0.932 | lr 2.74e-04
  iter  1300/3125 | loss 1.1560 | acc 0.932 | lr 2.74e-04
  iter  1350/3125 | loss 1.0904 | acc 0.932 | lr 2.74e-04
  iter  1400/3125 | loss 1.1631 | acc 0.932 | lr 2.74e-04
  iter  1450/3125 | loss 1.0693 | acc 0.931 | lr 2.74e-04
  iter  1500/3125 | loss 1.0866 | acc 0.931 | lr 2.74e-04
  iter  1550/3125 | loss 1.2829 | acc 0.931 | lr 2.73e-04
  iter  1600/3125 | loss 1.1446 | acc 0.931 | lr 2.73e-04
  iter  1650/3125 | loss 1.1091 | acc 0.930 | lr 2.73e-04
  iter  1700/3125 | loss 1.3893 | acc 0.930 | lr 2.73e-04
  iter  1750/3125 | loss 1.1431 | acc 0.930 | lr 2.73e-04
  iter  1800/3125 | loss 1.1582 | acc 0.929 | lr 2.73e-04
  iter  1850/3125 | loss 1.1444 | acc 0.930 | lr 2.73e-04
  iter  1900/3125 | loss 1.1224 | acc 0.930 | lr 2.73e-04
  iter  1950/3125 | loss 1.1800 | acc 0.929 | lr 2.73e-04
  iter  2000/3125 | loss 1.0958 | acc 0.929 | lr 2.73e-04
  iter  2050/3125 | loss 1.0698 | acc 0.928 | lr 2.73e-04
  iter  2100/3125 | loss 1.1560 | acc 0.928 | lr 2.73e-04
  iter  2150/3125 | loss 1.2056 | acc 0.928 | lr 2.73e-04
  iter  2200/3125 | loss 1.0656 | acc 0.928 | lr 2.73e-04
  iter  2250/3125 | loss 1.2827 | acc 0.927 | lr 2.73e-04
  iter  2300/3125 | loss 1.1745 | acc 0.927 | lr 2.73e-04
  iter  2350/3125 | loss 1.1354 | acc 0.927 | lr 2.73e-04
  iter  2400/3125 | loss 1.2670 | acc 0.926 | lr 2.73e-04
  iter  2450/3125 | loss 1.2505 | acc 0.926 | lr 2.73e-04
  iter  2500/3125 | loss 1.2800 | acc 0.925 | lr 2.73e-04
  iter  2550/3125 | loss 1.1615 | acc 0.925 | lr 2.73e-04
  iter  2600/3125 | loss 1.3051 | acc 0.925 | lr 2.73e-04
  iter  2650/3125 | loss 1.2334 | acc 0.925 | lr 2.73e-04
  iter  2700/3125 | loss 1.1980 | acc 0.924 | lr 2.73e-04
  iter  2750/3125 | loss 1.2318 | acc 0.924 | lr 2.73e-04
  iter  2800/3125 | loss 1.2402 | acc 0.924 | lr 2.73e-04
  iter  2850/3125 | loss 1.6893 | acc 0.923 | lr 2.73e-04
  iter  2900/3125 | loss 1.3594 | acc 0.923 | lr 2.73e-04
  iter  2950/3125 | loss 1.1924 | acc 0.922 | lr 2.73e-04
  iter  3000/3125 | loss 1.5344 | acc 0.922 | lr 2.73e-04
  iter  3050/3125 | loss 1.1924 | acc 0.922 | lr 2.73e-04
  iter  3100/3125 | loss 1.3894 | acc 0.922 | lr 2.73e-04
[Epoch 050] Train loss=1.2048, acc=0.9215 | opt_steps=3125
[Epoch 050] Val   loss=2.4267, acc=0.4974, lr=2.73e-04
  iter    50/3125 | loss 1.0636 | acc 0.938 | lr 2.73e-04
  iter   100/3125 | loss 1.2070 | acc 0.944 | lr 2.73e-04
  iter   150/3125 | loss 1.1001 | acc 0.943 | lr 2.73e-04
  iter   200/3125 | loss 1.0804 | acc 0.936 | lr 2.73e-04
  iter   250/3125 | loss 1.0664 | acc 0.938 | lr 2.73e-04
  iter   300/3125 | loss 1.0555 | acc 0.937 | lr 2.73e-04
  iter   350/3125 | loss 1.2068 | acc 0.936 | lr 2.73e-04
  iter   400/3125 | loss 1.2924 | acc 0.937 | lr 2.73e-04
  iter   450/3125 | loss 1.3288 | acc 0.936 | lr 2.73e-04
  iter   500/3125 | loss 1.1294 | acc 0.935 | lr 2.73e-04
  iter   550/3125 | loss 1.1750 | acc 0.935 | lr 2.73e-04
  iter   600/3125 | loss 1.0817 | acc 0.934 | lr 2.73e-04
  iter   650/3125 | loss 1.1961 | acc 0.934 | lr 2.72e-04
  iter   700/3125 | loss 1.2245 | acc 0.933 | lr 2.72e-04
  iter   750/3125 | loss 1.1441 | acc 0.932 | lr 2.72e-04
  iter   800/3125 | loss 1.0794 | acc 0.932 | lr 2.72e-04
  iter   850/3125 | loss 1.0515 | acc 0.932 | lr 2.72e-04
  iter   900/3125 | loss 1.2806 | acc 0.932 | lr 2.72e-04
  iter   950/3125 | loss 1.2742 | acc 0.932 | lr 2.72e-04
  iter  1000/3125 | loss 1.4000 | acc 0.931 | lr 2.72e-04
  iter  1050/3125 | loss 1.0769 | acc 0.931 | lr 2.72e-04
  iter  1100/3125 | loss 1.2166 | acc 0.931 | lr 2.72e-04
  iter  1150/3125 | loss 1.2766 | acc 0.931 | lr 2.72e-04
  iter  1200/3125 | loss 1.0003 | acc 0.931 | lr 2.72e-04
  iter  1250/3125 | loss 1.1994 | acc 0.931 | lr 2.72e-04
  iter  1300/3125 | loss 1.2844 | acc 0.931 | lr 2.72e-04
  iter  1350/3125 | loss 1.2725 | acc 0.930 | lr 2.72e-04
  iter  1400/3125 | loss 1.0050 | acc 0.930 | lr 2.72e-04
  iter  1450/3125 | loss 1.0646 | acc 0.930 | lr 2.72e-04
  iter  1500/3125 | loss 1.5142 | acc 0.930 | lr 2.72e-04
  iter  1550/3125 | loss 1.1664 | acc 0.929 | lr 2.72e-04
  iter  1600/3125 | loss 1.5178 | acc 0.929 | lr 2.72e-04
  iter  1650/3125 | loss 1.3052 | acc 0.928 | lr 2.72e-04
  iter  1700/3125 | loss 1.2280 | acc 0.928 | lr 2.72e-04
  iter  1750/3125 | loss 1.0258 | acc 0.928 | lr 2.72e-04
  iter  1800/3125 | loss 1.1662 | acc 0.928 | lr 2.72e-04
  iter  1850/3125 | loss 1.2931 | acc 0.928 | lr 2.72e-04
  iter  1900/3125 | loss 1.2733 | acc 0.927 | lr 2.72e-04
  iter  1950/3125 | loss 1.0609 | acc 0.927 | lr 2.72e-04
  iter  2000/3125 | loss 1.2046 | acc 0.927 | lr 2.72e-04
  iter  2050/3125 | loss 1.1105 | acc 0.927 | lr 2.72e-04
  iter  2100/3125 | loss 1.2329 | acc 0.927 | lr 2.72e-04
  iter  2150/3125 | loss 1.4831 | acc 0.926 | lr 2.72e-04
  iter  2200/3125 | loss 1.0590 | acc 0.926 | lr 2.72e-04
  iter  2250/3125 | loss 1.0462 | acc 0.926 | lr 2.72e-04
  iter  2300/3125 | loss 1.4241 | acc 0.925 | lr 2.72e-04
  iter  2350/3125 | loss 1.2433 | acc 0.925 | lr 2.72e-04
  iter  2400/3125 | loss 1.1886 | acc 0.925 | lr 2.72e-04
  iter  2450/3125 | loss 1.1808 | acc 0.925 | lr 2.72e-04
  iter  2500/3125 | loss 1.2219 | acc 0.924 | lr 2.72e-04
  iter  2550/3125 | loss 1.1052 | acc 0.924 | lr 2.72e-04
  iter  2600/3125 | loss 1.2451 | acc 0.924 | lr 2.72e-04
  iter  2650/3125 | loss 1.2147 | acc 0.924 | lr 2.72e-04
  iter  2700/3125 | loss 1.3337 | acc 0.923 | lr 2.72e-04
  iter  2750/3125 | loss 1.0706 | acc 0.923 | lr 2.72e-04
  iter  2800/3125 | loss 1.1887 | acc 0.922 | lr 2.71e-04
  iter  2850/3125 | loss 1.1724 | acc 0.922 | lr 2.71e-04
  iter  2900/3125 | loss 1.1269 | acc 0.922 | lr 2.71e-04
  iter  2950/3125 | loss 1.2299 | acc 0.921 | lr 2.71e-04
  iter  3000/3125 | loss 1.0350 | acc 0.921 | lr 2.71e-04
  iter  3050/3125 | loss 1.3907 | acc 0.921 | lr 2.71e-04
  iter  3100/3125 | loss 1.1494 | acc 0.920 | lr 2.71e-04
[Epoch 051] Train loss=1.2023, acc=0.9204 | opt_steps=3125
[Epoch 051] Val   loss=2.4269, acc=0.5013, lr=2.71e-04
  🌟 New best saved @ lstm5_attn_dwt_best.pth (acc=0.5013)
  iter    50/3125 | loss 1.1301 | acc 0.934 | lr 2.71e-04
  iter   100/3125 | loss 1.1787 | acc 0.943 | lr 2.71e-04
  iter   150/3125 | loss 1.0990 | acc 0.944 | lr 2.71e-04
  iter   200/3125 | loss 1.1127 | acc 0.942 | lr 2.71e-04
  iter   250/3125 | loss 1.1109 | acc 0.941 | lr 2.71e-04
  iter   300/3125 | loss 1.0540 | acc 0.940 | lr 2.71e-04
  iter   350/3125 | loss 1.2058 | acc 0.939 | lr 2.71e-04
  iter   400/3125 | loss 1.1062 | acc 0.939 | lr 2.71e-04
  iter   450/3125 | loss 1.1316 | acc 0.938 | lr 2.71e-04
  iter   500/3125 | loss 1.3404 | acc 0.938 | lr 2.71e-04
  iter   550/3125 | loss 1.1362 | acc 0.937 | lr 2.71e-04
  iter   600/3125 | loss 1.1577 | acc 0.936 | lr 2.71e-04
  iter   650/3125 | loss 1.1143 | acc 0.937 | lr 2.71e-04
  iter   700/3125 | loss 1.3198 | acc 0.936 | lr 2.71e-04
  iter   750/3125 | loss 1.0858 | acc 0.935 | lr 2.71e-04
  iter   800/3125 | loss 1.1061 | acc 0.935 | lr 2.71e-04
  iter   850/3125 | loss 1.1250 | acc 0.935 | lr 2.71e-04
  iter   900/3125 | loss 1.2019 | acc 0.934 | lr 2.71e-04
  iter   950/3125 | loss 1.0932 | acc 0.934 | lr 2.71e-04
  iter  1000/3125 | loss 1.1413 | acc 0.933 | lr 2.71e-04
  iter  1050/3125 | loss 1.6307 | acc 0.933 | lr 2.71e-04
  iter  1100/3125 | loss 1.2346 | acc 0.932 | lr 2.71e-04
  iter  1150/3125 | loss 1.1288 | acc 0.931 | lr 2.71e-04
  iter  1200/3125 | loss 1.1336 | acc 0.930 | lr 2.71e-04
  iter  1250/3125 | loss 1.0907 | acc 0.930 | lr 2.71e-04
  iter  1300/3125 | loss 1.3204 | acc 0.929 | lr 2.71e-04
  iter  1350/3125 | loss 1.1716 | acc 0.929 | lr 2.71e-04
  iter  1400/3125 | loss 1.3104 | acc 0.928 | lr 2.71e-04
  iter  1450/3125 | loss 1.3222 | acc 0.928 | lr 2.71e-04
  iter  1500/3125 | loss 1.1016 | acc 0.928 | lr 2.71e-04
  iter  1550/3125 | loss 1.0522 | acc 0.927 | lr 2.71e-04
  iter  1600/3125 | loss 1.1772 | acc 0.927 | lr 2.71e-04
  iter  1650/3125 | loss 1.2110 | acc 0.927 | lr 2.71e-04
  iter  1700/3125 | loss 1.2703 | acc 0.927 | lr 2.71e-04
  iter  1750/3125 | loss 1.1667 | acc 0.927 | lr 2.71e-04
  iter  1800/3125 | loss 1.2476 | acc 0.926 | lr 2.70e-04
  iter  1850/3125 | loss 1.2805 | acc 0.926 | lr 2.70e-04
  iter  1900/3125 | loss 1.0870 | acc 0.926 | lr 2.70e-04
  iter  1950/3125 | loss 1.0765 | acc 0.925 | lr 2.70e-04
  iter  2000/3125 | loss 1.4014 | acc 0.925 | lr 2.70e-04
  iter  2050/3125 | loss 1.1069 | acc 0.924 | lr 2.70e-04
  iter  2100/3125 | loss 1.3061 | acc 0.924 | lr 2.70e-04
  iter  2150/3125 | loss 1.3007 | acc 0.924 | lr 2.70e-04
  iter  2200/3125 | loss 1.1043 | acc 0.924 | lr 2.70e-04
  iter  2250/3125 | loss 1.2833 | acc 0.923 | lr 2.70e-04
  iter  2300/3125 | loss 1.1318 | acc 0.923 | lr 2.70e-04
  iter  2350/3125 | loss 1.1957 | acc 0.923 | lr 2.70e-04
  iter  2400/3125 | loss 1.1598 | acc 0.923 | lr 2.70e-04
  iter  2450/3125 | loss 1.1219 | acc 0.923 | lr 2.70e-04
  iter  2500/3125 | loss 1.1237 | acc 0.923 | lr 2.70e-04
  iter  2550/3125 | loss 1.3926 | acc 0.922 | lr 2.70e-04
  iter  2600/3125 | loss 1.2650 | acc 0.922 | lr 2.70e-04
  iter  2650/3125 | loss 1.2287 | acc 0.922 | lr 2.70e-04
  iter  2700/3125 | loss 1.3233 | acc 0.922 | lr 2.70e-04
  iter  2750/3125 | loss 1.2557 | acc 0.921 | lr 2.70e-04
  iter  2800/3125 | loss 1.0031 | acc 0.921 | lr 2.70e-04
  iter  2850/3125 | loss 1.1234 | acc 0.921 | lr 2.70e-04
  iter  2900/3125 | loss 1.3359 | acc 0.921 | lr 2.70e-04
  iter  2950/3125 | loss 1.3679 | acc 0.921 | lr 2.70e-04
  iter  3000/3125 | loss 1.2732 | acc 0.920 | lr 2.70e-04
  iter  3050/3125 | loss 1.2024 | acc 0.920 | lr 2.70e-04
  iter  3100/3125 | loss 1.2701 | acc 0.920 | lr 2.70e-04
[Epoch 052] Train loss=1.2002, acc=0.9195 | opt_steps=3125
[Epoch 052] Val   loss=2.4286, acc=0.5025, lr=2.70e-04
  🌟 New best saved @ lstm5_attn_dwt_best.pth (acc=0.5025)
  iter    50/3125 | loss 1.0332 | acc 0.953 | lr 2.70e-04
  iter   100/3125 | loss 1.3920 | acc 0.944 | lr 2.70e-04
  iter   150/3125 | loss 1.0367 | acc 0.942 | lr 2.70e-04
  iter   200/3125 | loss 1.1621 | acc 0.939 | lr 2.70e-04
  iter   250/3125 | loss 1.2810 | acc 0.938 | lr 2.70e-04
  iter   300/3125 | loss 1.3675 | acc 0.936 | lr 2.70e-04
  iter   350/3125 | loss 1.4842 | acc 0.936 | lr 2.70e-04
  iter   400/3125 | loss 1.0986 | acc 0.937 | lr 2.70e-04
  iter   450/3125 | loss 1.1668 | acc 0.936 | lr 2.70e-04
  iter   500/3125 | loss 1.1622 | acc 0.936 | lr 2.70e-04
  iter   550/3125 | loss 1.2261 | acc 0.935 | lr 2.70e-04
  iter   600/3125 | loss 1.1739 | acc 0.936 | lr 2.70e-04
  iter   650/3125 | loss 1.1733 | acc 0.936 | lr 2.70e-04
  iter   700/3125 | loss 1.2209 | acc 0.935 | lr 2.70e-04
  iter   750/3125 | loss 1.0693 | acc 0.935 | lr 2.70e-04
  iter   800/3125 | loss 1.1099 | acc 0.935 | lr 2.69e-04
  iter   850/3125 | loss 1.1807 | acc 0.934 | lr 2.69e-04
  iter   900/3125 | loss 1.1897 | acc 0.934 | lr 2.69e-04
  iter   950/3125 | loss 1.1572 | acc 0.934 | lr 2.69e-04
  iter  1000/3125 | loss 1.0195 | acc 0.933 | lr 2.69e-04
  iter  1050/3125 | loss 1.2195 | acc 0.933 | lr 2.69e-04
  iter  1100/3125 | loss 1.1475 | acc 0.932 | lr 2.69e-04
  iter  1150/3125 | loss 1.1364 | acc 0.932 | lr 2.69e-04
  iter  1200/3125 | loss 1.2797 | acc 0.932 | lr 2.69e-04
  iter  1250/3125 | loss 1.2192 | acc 0.931 | lr 2.69e-04
  iter  1300/3125 | loss 1.1879 | acc 0.931 | lr 2.69e-04
  iter  1350/3125 | loss 1.1350 | acc 0.931 | lr 2.69e-04
  iter  1400/3125 | loss 1.2122 | acc 0.930 | lr 2.69e-04
  iter  1450/3125 | loss 1.2349 | acc 0.930 | lr 2.69e-04
  iter  1500/3125 | loss 1.1913 | acc 0.930 | lr 2.69e-04
  iter  1550/3125 | loss 1.1766 | acc 0.929 | lr 2.69e-04
  iter  1600/3125 | loss 1.0927 | acc 0.929 | lr 2.69e-04
  iter  1650/3125 | loss 1.0713 | acc 0.928 | lr 2.69e-04
  iter  1700/3125 | loss 1.2021 | acc 0.928 | lr 2.69e-04
  iter  1750/3125 | loss 1.0467 | acc 0.927 | lr 2.69e-04
  iter  1800/3125 | loss 1.2081 | acc 0.927 | lr 2.69e-04
  iter  1850/3125 | loss 1.2057 | acc 0.927 | lr 2.69e-04
  iter  1900/3125 | loss 1.2389 | acc 0.926 | lr 2.69e-04
  iter  1950/3125 | loss 1.2244 | acc 0.926 | lr 2.69e-04
  iter  2000/3125 | loss 1.3088 | acc 0.926 | lr 2.69e-04
  iter  2050/3125 | loss 1.2028 | acc 0.925 | lr 2.69e-04
  iter  2100/3125 | loss 1.2682 | acc 0.925 | lr 2.69e-04
  iter  2150/3125 | loss 1.2891 | acc 0.925 | lr 2.69e-04
  iter  2200/3125 | loss 1.2353 | acc 0.925 | lr 2.69e-04
  iter  2250/3125 | loss 1.0856 | acc 0.924 | lr 2.69e-04
  iter  2300/3125 | loss 1.3099 | acc 0.924 | lr 2.69e-04
  iter  2350/3125 | loss 1.1504 | acc 0.924 | lr 2.69e-04
  iter  2400/3125 | loss 1.2082 | acc 0.924 | lr 2.69e-04
  iter  2450/3125 | loss 1.0999 | acc 0.923 | lr 2.69e-04
  iter  2500/3125 | loss 1.0043 | acc 0.923 | lr 2.69e-04
  iter  2550/3125 | loss 1.1974 | acc 0.923 | lr 2.69e-04
  iter  2600/3125 | loss 1.1668 | acc 0.923 | lr 2.69e-04
  iter  2650/3125 | loss 1.2702 | acc 0.923 | lr 2.69e-04
  iter  2700/3125 | loss 1.3509 | acc 0.923 | lr 2.69e-04
  iter  2750/3125 | loss 1.4629 | acc 0.922 | lr 2.69e-04
  iter  2800/3125 | loss 1.1709 | acc 0.922 | lr 2.69e-04
  iter  2850/3125 | loss 1.1308 | acc 0.922 | lr 2.68e-04
  iter  2900/3125 | loss 1.4868 | acc 0.921 | lr 2.68e-04
  iter  2950/3125 | loss 1.0921 | acc 0.921 | lr 2.68e-04
  iter  3000/3125 | loss 1.1594 | acc 0.921 | lr 2.68e-04
  iter  3050/3125 | loss 1.1466 | acc 0.921 | lr 2.68e-04
  iter  3100/3125 | loss 1.1281 | acc 0.921 | lr 2.68e-04
[Epoch 053] Train loss=1.1938, acc=0.9206 | opt_steps=3125
[Epoch 053] Val   loss=2.4317, acc=0.5011, lr=2.68e-04
  iter    50/3125 | loss 1.3143 | acc 0.947 | lr 2.68e-04
  iter   100/3125 | loss 1.0306 | acc 0.942 | lr 2.68e-04
  iter   150/3125 | loss 1.0577 | acc 0.943 | lr 2.68e-04
  iter   200/3125 | loss 1.1442 | acc 0.944 | lr 2.68e-04
  iter   250/3125 | loss 1.2623 | acc 0.942 | lr 2.68e-04
  iter   300/3125 | loss 1.1777 | acc 0.943 | lr 2.68e-04
  iter   350/3125 | loss 1.0610 | acc 0.944 | lr 2.68e-04
  iter   400/3125 | loss 1.1312 | acc 0.942 | lr 2.68e-04
  iter   450/3125 | loss 1.1597 | acc 0.941 | lr 2.68e-04
  iter   500/3125 | loss 1.1668 | acc 0.939 | lr 2.68e-04
  iter   550/3125 | loss 1.3394 | acc 0.938 | lr 2.68e-04
  iter   600/3125 | loss 1.2091 | acc 0.937 | lr 2.68e-04
  iter   650/3125 | loss 1.1083 | acc 0.937 | lr 2.68e-04
  iter   700/3125 | loss 1.1821 | acc 0.937 | lr 2.68e-04
  iter   750/3125 | loss 1.1507 | acc 0.937 | lr 2.68e-04
  iter   800/3125 | loss 1.0535 | acc 0.937 | lr 2.68e-04
  iter   850/3125 | loss 1.2300 | acc 0.936 | lr 2.68e-04
  iter   900/3125 | loss 1.0340 | acc 0.935 | lr 2.68e-04
  iter   950/3125 | loss 1.2910 | acc 0.935 | lr 2.68e-04
  iter  1000/3125 | loss 1.1469 | acc 0.934 | lr 2.68e-04
  iter  1050/3125 | loss 1.1009 | acc 0.934 | lr 2.68e-04
  iter  1100/3125 | loss 1.2352 | acc 0.933 | lr 2.68e-04
  iter  1150/3125 | loss 1.1133 | acc 0.933 | lr 2.68e-04
  iter  1200/3125 | loss 1.4838 | acc 0.933 | lr 2.68e-04
  iter  1250/3125 | loss 1.1061 | acc 0.933 | lr 2.68e-04
  iter  1300/3125 | loss 1.3097 | acc 0.932 | lr 2.68e-04
  iter  1350/3125 | loss 1.1411 | acc 0.931 | lr 2.68e-04
  iter  1400/3125 | loss 1.3893 | acc 0.931 | lr 2.68e-04
  iter  1450/3125 | loss 1.2806 | acc 0.930 | lr 2.68e-04
  iter  1500/3125 | loss 1.1807 | acc 0.930 | lr 2.68e-04
  iter  1550/3125 | loss 1.1254 | acc 0.930 | lr 2.68e-04
  iter  1600/3125 | loss 1.0334 | acc 0.929 | lr 2.68e-04
  iter  1650/3125 | loss 1.2399 | acc 0.929 | lr 2.68e-04
  iter  1700/3125 | loss 1.2759 | acc 0.928 | lr 2.68e-04
  iter  1750/3125 | loss 1.0992 | acc 0.928 | lr 2.68e-04
  iter  1800/3125 | loss 1.3687 | acc 0.927 | lr 2.67e-04
  iter  1850/3125 | loss 1.1090 | acc 0.927 | lr 2.67e-04
  iter  1900/3125 | loss 1.2386 | acc 0.927 | lr 2.67e-04
  iter  1950/3125 | loss 1.1545 | acc 0.927 | lr 2.67e-04
  iter  2000/3125 | loss 1.2017 | acc 0.927 | lr 2.67e-04
  iter  2050/3125 | loss 1.0959 | acc 0.926 | lr 2.67e-04
  iter  2100/3125 | loss 1.1780 | acc 0.926 | lr 2.67e-04
  iter  2150/3125 | loss 1.1327 | acc 0.926 | lr 2.67e-04
  iter  2200/3125 | loss 1.1668 | acc 0.925 | lr 2.67e-04
  iter  2250/3125 | loss 1.2108 | acc 0.925 | lr 2.67e-04
  iter  2300/3125 | loss 1.1453 | acc 0.925 | lr 2.67e-04
  iter  2350/3125 | loss 1.2471 | acc 0.924 | lr 2.67e-04
  iter  2400/3125 | loss 1.3438 | acc 0.924 | lr 2.67e-04
  iter  2450/3125 | loss 1.0564 | acc 0.924 | lr 2.67e-04
  iter  2500/3125 | loss 1.1876 | acc 0.924 | lr 2.67e-04
  iter  2550/3125 | loss 1.1698 | acc 0.923 | lr 2.67e-04
  iter  2600/3125 | loss 1.3513 | acc 0.923 | lr 2.67e-04
  iter  2650/3125 | loss 1.2961 | acc 0.923 | lr 2.67e-04
  iter  2700/3125 | loss 1.3342 | acc 0.923 | lr 2.67e-04
  iter  2750/3125 | loss 1.1014 | acc 0.922 | lr 2.67e-04
  iter  2800/3125 | loss 1.1817 | acc 0.922 | lr 2.67e-04
  iter  2850/3125 | loss 1.2990 | acc 0.922 | lr 2.67e-04
  iter  2900/3125 | loss 1.1823 | acc 0.921 | lr 2.67e-04
  iter  2950/3125 | loss 1.1795 | acc 0.921 | lr 2.67e-04
  iter  3000/3125 | loss 1.2390 | acc 0.921 | lr 2.67e-04
  iter  3050/3125 | loss 1.1029 | acc 0.921 | lr 2.67e-04
  iter  3100/3125 | loss 1.1431 | acc 0.920 | lr 2.67e-04
[Epoch 054] Train loss=1.1894, acc=0.9202 | opt_steps=3125
[Epoch 054] Val   loss=2.4355, acc=0.5003, lr=2.67e-04
  iter    50/3125 | loss 1.2166 | acc 0.935 | lr 2.67e-04
  iter   100/3125 | loss 1.0258 | acc 0.932 | lr 2.67e-04
  iter   150/3125 | loss 1.1297 | acc 0.935 | lr 2.67e-04
  iter   200/3125 | loss 1.0887 | acc 0.937 | lr 2.67e-04
  iter   250/3125 | loss 1.0896 | acc 0.939 | lr 2.67e-04
  iter   300/3125 | loss 1.1157 | acc 0.939 | lr 2.67e-04
  iter   350/3125 | loss 1.1372 | acc 0.938 | lr 2.67e-04
  iter   400/3125 | loss 1.2366 | acc 0.939 | lr 2.67e-04
  iter   450/3125 | loss 1.2778 | acc 0.938 | lr 2.67e-04
  iter   500/3125 | loss 1.1380 | acc 0.937 | lr 2.67e-04
  iter   550/3125 | loss 1.0583 | acc 0.936 | lr 2.67e-04
  iter   600/3125 | loss 1.2133 | acc 0.937 | lr 2.67e-04
  iter   650/3125 | loss 1.0210 | acc 0.937 | lr 2.67e-04
  iter   700/3125 | loss 1.1127 | acc 0.936 | lr 2.66e-04
  iter   750/3125 | loss 1.0899 | acc 0.936 | lr 2.66e-04
  iter   800/3125 | loss 1.1888 | acc 0.936 | lr 2.66e-04
  iter   850/3125 | loss 1.1896 | acc 0.935 | lr 2.66e-04
  iter   900/3125 | loss 1.0851 | acc 0.935 | lr 2.66e-04
  iter   950/3125 | loss 1.1009 | acc 0.935 | lr 2.66e-04
  iter  1000/3125 | loss 1.3518 | acc 0.934 | lr 2.66e-04
  iter  1050/3125 | loss 1.1482 | acc 0.934 | lr 2.66e-04
  iter  1100/3125 | loss 1.0749 | acc 0.934 | lr 2.66e-04
  iter  1150/3125 | loss 1.3426 | acc 0.934 | lr 2.66e-04
  iter  1200/3125 | loss 1.0473 | acc 0.934 | lr 2.66e-04
  iter  1250/3125 | loss 1.2800 | acc 0.932 | lr 2.66e-04
  iter  1300/3125 | loss 1.2007 | acc 0.932 | lr 2.66e-04
  iter  1350/3125 | loss 1.1592 | acc 0.932 | lr 2.66e-04
  iter  1400/3125 | loss 1.4252 | acc 0.931 | lr 2.66e-04
  iter  1450/3125 | loss 1.0705 | acc 0.931 | lr 2.66e-04
  iter  1500/3125 | loss 1.0192 | acc 0.931 | lr 2.66e-04
  iter  1550/3125 | loss 1.2275 | acc 0.930 | lr 2.66e-04
  iter  1600/3125 | loss 1.2732 | acc 0.930 | lr 2.66e-04
  iter  1650/3125 | loss 1.1454 | acc 0.929 | lr 2.66e-04
  iter  1700/3125 | loss 1.5088 | acc 0.929 | lr 2.66e-04
  iter  1750/3125 | loss 1.5003 | acc 0.929 | lr 2.66e-04
  iter  1800/3125 | loss 0.9663 | acc 0.928 | lr 2.66e-04
  iter  1850/3125 | loss 1.0126 | acc 0.928 | lr 2.66e-04
  iter  1900/3125 | loss 1.2976 | acc 0.928 | lr 2.66e-04
  iter  1950/3125 | loss 1.0657 | acc 0.928 | lr 2.66e-04
  iter  2000/3125 | loss 1.1389 | acc 0.928 | lr 2.66e-04
  iter  2050/3125 | loss 1.1382 | acc 0.927 | lr 2.66e-04
  iter  2100/3125 | loss 1.5039 | acc 0.927 | lr 2.66e-04
  iter  2150/3125 | loss 1.1310 | acc 0.926 | lr 2.66e-04
  iter  2200/3125 | loss 1.1113 | acc 0.926 | lr 2.66e-04
  iter  2250/3125 | loss 1.2406 | acc 0.926 | lr 2.66e-04
  iter  2300/3125 | loss 1.2979 | acc 0.926 | lr 2.66e-04
  iter  2350/3125 | loss 1.2323 | acc 0.925 | lr 2.66e-04
  iter  2400/3125 | loss 1.1538 | acc 0.925 | lr 2.66e-04
  iter  2450/3125 | loss 1.2561 | acc 0.925 | lr 2.66e-04
  iter  2500/3125 | loss 1.2715 | acc 0.924 | lr 2.66e-04
  iter  2550/3125 | loss 1.1034 | acc 0.924 | lr 2.66e-04
  iter  2600/3125 | loss 1.1774 | acc 0.924 | lr 2.66e-04
  iter  2650/3125 | loss 1.0054 | acc 0.923 | lr 2.65e-04
  iter  2700/3125 | loss 1.2472 | acc 0.923 | lr 2.65e-04
  iter  2750/3125 | loss 1.2195 | acc 0.923 | lr 2.65e-04
  iter  2800/3125 | loss 1.1925 | acc 0.923 | lr 2.65e-04
  iter  2850/3125 | loss 1.2729 | acc 0.923 | lr 2.65e-04
  iter  2900/3125 | loss 1.1334 | acc 0.923 | lr 2.65e-04
  iter  2950/3125 | loss 1.2773 | acc 0.922 | lr 2.65e-04
  iter  3000/3125 | loss 1.3869 | acc 0.922 | lr 2.65e-04
  iter  3050/3125 | loss 0.9949 | acc 0.922 | lr 2.65e-04
  iter  3100/3125 | loss 1.0593 | acc 0.922 | lr 2.65e-04
[Epoch 055] Train loss=1.1821, acc=0.9216 | opt_steps=3125
[Epoch 055] Val   loss=2.4429, acc=0.4991, lr=2.65e-04
  iter    50/3125 | loss 1.1321 | acc 0.958 | lr 2.65e-04
  iter   100/3125 | loss 0.9991 | acc 0.947 | lr 2.65e-04
  iter   150/3125 | loss 1.2302 | acc 0.941 | lr 2.65e-04
  iter   200/3125 | loss 1.0693 | acc 0.941 | lr 2.65e-04
  iter   250/3125 | loss 0.9797 | acc 0.941 | lr 2.65e-04
  iter   300/3125 | loss 1.2416 | acc 0.940 | lr 2.65e-04
  iter   350/3125 | loss 1.3813 | acc 0.938 | lr 2.65e-04
  iter   400/3125 | loss 1.3284 | acc 0.937 | lr 2.65e-04
  iter   450/3125 | loss 1.2105 | acc 0.937 | lr 2.65e-04
  iter   500/3125 | loss 1.0973 | acc 0.936 | lr 2.65e-04
  iter   550/3125 | loss 1.2509 | acc 0.935 | lr 2.65e-04
  iter   600/3125 | loss 1.1259 | acc 0.934 | lr 2.65e-04
  iter   650/3125 | loss 1.0567 | acc 0.933 | lr 2.65e-04
  iter   700/3125 | loss 1.0650 | acc 0.933 | lr 2.65e-04
  iter   750/3125 | loss 1.2736 | acc 0.933 | lr 2.65e-04
  iter   800/3125 | loss 1.0102 | acc 0.932 | lr 2.65e-04
  iter   850/3125 | loss 1.2851 | acc 0.931 | lr 2.65e-04
  iter   900/3125 | loss 1.2952 | acc 0.931 | lr 2.65e-04
  iter   950/3125 | loss 1.0513 | acc 0.931 | lr 2.65e-04
  iter  1000/3125 | loss 1.0450 | acc 0.931 | lr 2.65e-04
  iter  1050/3125 | loss 1.2306 | acc 0.931 | lr 2.65e-04
  iter  1100/3125 | loss 1.1038 | acc 0.930 | lr 2.65e-04
  iter  1150/3125 | loss 1.1246 | acc 0.930 | lr 2.65e-04
  iter  1200/3125 | loss 1.2559 | acc 0.930 | lr 2.65e-04
  iter  1250/3125 | loss 1.1024 | acc 0.930 | lr 2.65e-04
  iter  1300/3125 | loss 1.4051 | acc 0.930 | lr 2.65e-04
  iter  1350/3125 | loss 1.1559 | acc 0.929 | lr 2.65e-04
  iter  1400/3125 | loss 1.1373 | acc 0.929 | lr 2.65e-04
  iter  1450/3125 | loss 1.1513 | acc 0.929 | lr 2.65e-04
  iter  1500/3125 | loss 1.0767 | acc 0.929 | lr 2.64e-04
  iter  1550/3125 | loss 1.0951 | acc 0.928 | lr 2.64e-04
  iter  1600/3125 | loss 1.2018 | acc 0.928 | lr 2.64e-04
  iter  1650/3125 | loss 1.0964 | acc 0.928 | lr 2.64e-04
  iter  1700/3125 | loss 1.3550 | acc 0.928 | lr 2.64e-04
  iter  1750/3125 | loss 1.0879 | acc 0.928 | lr 2.64e-04
  iter  1800/3125 | loss 1.2121 | acc 0.927 | lr 2.64e-04
  iter  1850/3125 | loss 1.0432 | acc 0.927 | lr 2.64e-04
  iter  1900/3125 | loss 1.1616 | acc 0.927 | lr 2.64e-04
  iter  1950/3125 | loss 1.3742 | acc 0.927 | lr 2.64e-04
  iter  2000/3125 | loss 1.4013 | acc 0.926 | lr 2.64e-04
  iter  2050/3125 | loss 1.1091 | acc 0.926 | lr 2.64e-04
  iter  2100/3125 | loss 1.0055 | acc 0.926 | lr 2.64e-04
  iter  2150/3125 | loss 1.2583 | acc 0.926 | lr 2.64e-04
  iter  2200/3125 | loss 1.4971 | acc 0.925 | lr 2.64e-04
  iter  2250/3125 | loss 1.1363 | acc 0.925 | lr 2.64e-04
  iter  2300/3125 | loss 1.0500 | acc 0.924 | lr 2.64e-04
  iter  2350/3125 | loss 1.1287 | acc 0.924 | lr 2.64e-04
  iter  2400/3125 | loss 1.1897 | acc 0.924 | lr 2.64e-04
  iter  2450/3125 | loss 0.9844 | acc 0.923 | lr 2.64e-04
  iter  2500/3125 | loss 1.2545 | acc 0.923 | lr 2.64e-04
  iter  2550/3125 | loss 1.0714 | acc 0.923 | lr 2.64e-04
  iter  2600/3125 | loss 1.1255 | acc 0.923 | lr 2.64e-04
  iter  2650/3125 | loss 1.1855 | acc 0.923 | lr 2.64e-04
  iter  2700/3125 | loss 1.1306 | acc 0.922 | lr 2.64e-04
  iter  2750/3125 | loss 1.4363 | acc 0.922 | lr 2.64e-04
  iter  2800/3125 | loss 1.1289 | acc 0.922 | lr 2.64e-04
  iter  2850/3125 | loss 1.3241 | acc 0.922 | lr 2.64e-04
  iter  2900/3125 | loss 1.1725 | acc 0.922 | lr 2.64e-04
  iter  2950/3125 | loss 1.4165 | acc 0.921 | lr 2.64e-04
  iter  3000/3125 | loss 1.2240 | acc 0.921 | lr 2.64e-04
  iter  3050/3125 | loss 1.1742 | acc 0.921 | lr 2.64e-04
  iter  3100/3125 | loss 1.3946 | acc 0.921 | lr 2.64e-04
[Epoch 056] Train loss=1.1792, acc=0.9204 | opt_steps=3125
[Epoch 056] Val   loss=2.4510, acc=0.4976, lr=2.64e-04
  iter    50/3125 | loss 1.0583 | acc 0.943 | lr 2.64e-04
  iter   100/3125 | loss 1.0895 | acc 0.939 | lr 2.64e-04
  iter   150/3125 | loss 1.0302 | acc 0.937 | lr 2.64e-04
  iter   200/3125 | loss 1.0062 | acc 0.939 | lr 2.64e-04
  iter   250/3125 | loss 1.0996 | acc 0.940 | lr 2.64e-04
  iter   300/3125 | loss 1.1267 | acc 0.938 | lr 2.64e-04
  iter   350/3125 | loss 1.0882 | acc 0.937 | lr 2.63e-04
  iter   400/3125 | loss 1.3086 | acc 0.937 | lr 2.63e-04
  iter   450/3125 | loss 1.1215 | acc 0.937 | lr 2.63e-04
  iter   500/3125 | loss 1.1302 | acc 0.936 | lr 2.63e-04
  iter   550/3125 | loss 1.2115 | acc 0.935 | lr 2.63e-04
  iter   600/3125 | loss 1.3121 | acc 0.935 | lr 2.63e-04
  iter   650/3125 | loss 1.0960 | acc 0.935 | lr 2.63e-04
  iter   700/3125 | loss 1.2375 | acc 0.934 | lr 2.63e-04
  iter   750/3125 | loss 1.1248 | acc 0.935 | lr 2.63e-04
  iter   800/3125 | loss 1.1357 | acc 0.934 | lr 2.63e-04
  iter   850/3125 | loss 1.2011 | acc 0.934 | lr 2.63e-04
  iter   900/3125 | loss 1.1337 | acc 0.933 | lr 2.63e-04
  iter   950/3125 | loss 1.0499 | acc 0.933 | lr 2.63e-04
  iter  1000/3125 | loss 1.2304 | acc 0.932 | lr 2.63e-04
  iter  1050/3125 | loss 1.1000 | acc 0.932 | lr 2.63e-04
  iter  1100/3125 | loss 1.2668 | acc 0.931 | lr 2.63e-04
  iter  1150/3125 | loss 1.0785 | acc 0.931 | lr 2.63e-04
  iter  1200/3125 | loss 1.1737 | acc 0.931 | lr 2.63e-04
  iter  1250/3125 | loss 1.2844 | acc 0.930 | lr 2.63e-04
  iter  1300/3125 | loss 1.2126 | acc 0.930 | lr 2.63e-04
  iter  1350/3125 | loss 1.0046 | acc 0.930 | lr 2.63e-04
  iter  1400/3125 | loss 1.0736 | acc 0.929 | lr 2.63e-04
  iter  1450/3125 | loss 1.1010 | acc 0.929 | lr 2.63e-04
  iter  1500/3125 | loss 1.2150 | acc 0.929 | lr 2.63e-04
  iter  1550/3125 | loss 1.1735 | acc 0.929 | lr 2.63e-04
  iter  1600/3125 | loss 1.1192 | acc 0.928 | lr 2.63e-04
  iter  1650/3125 | loss 1.1727 | acc 0.928 | lr 2.63e-04
  iter  1700/3125 | loss 1.1864 | acc 0.927 | lr 2.63e-04
  iter  1750/3125 | loss 1.1356 | acc 0.927 | lr 2.63e-04
  iter  1800/3125 | loss 1.1334 | acc 0.927 | lr 2.63e-04
  iter  1850/3125 | loss 1.2200 | acc 0.927 | lr 2.63e-04
  iter  1900/3125 | loss 1.4781 | acc 0.927 | lr 2.63e-04
  iter  1950/3125 | loss 1.2197 | acc 0.927 | lr 2.63e-04
  iter  2000/3125 | loss 1.1158 | acc 0.927 | lr 2.63e-04
  iter  2050/3125 | loss 1.3800 | acc 0.927 | lr 2.63e-04
  iter  2100/3125 | loss 1.5172 | acc 0.927 | lr 2.63e-04
  iter  2150/3125 | loss 1.1073 | acc 0.926 | lr 2.63e-04
  iter  2200/3125 | loss 1.3957 | acc 0.926 | lr 2.63e-04
  iter  2250/3125 | loss 1.2837 | acc 0.925 | lr 2.62e-04
  iter  2300/3125 | loss 1.2526 | acc 0.925 | lr 2.62e-04
  iter  2350/3125 | loss 1.4718 | acc 0.925 | lr 2.62e-04
  iter  2400/3125 | loss 1.1574 | acc 0.925 | lr 2.62e-04
  iter  2450/3125 | loss 1.0751 | acc 0.925 | lr 2.62e-04
  iter  2500/3125 | loss 1.1662 | acc 0.924 | lr 2.62e-04
  iter  2550/3125 | loss 1.2168 | acc 0.924 | lr 2.62e-04
  iter  2600/3125 | loss 1.1133 | acc 0.924 | lr 2.62e-04
  iter  2650/3125 | loss 1.2099 | acc 0.924 | lr 2.62e-04
  iter  2700/3125 | loss 1.1520 | acc 0.923 | lr 2.62e-04
  iter  2750/3125 | loss 1.2122 | acc 0.923 | lr 2.62e-04
  iter  2800/3125 | loss 1.1054 | acc 0.923 | lr 2.62e-04
  iter  2850/3125 | loss 1.3756 | acc 0.923 | lr 2.62e-04
  iter  2900/3125 | loss 1.4360 | acc 0.923 | lr 2.62e-04
  iter  2950/3125 | loss 1.1968 | acc 0.923 | lr 2.62e-04
  iter  3000/3125 | loss 1.1904 | acc 0.922 | lr 2.62e-04
  iter  3050/3125 | loss 1.1595 | acc 0.922 | lr 2.62e-04
  iter  3100/3125 | loss 1.0803 | acc 0.922 | lr 2.62e-04
[Epoch 057] Train loss=1.1715, acc=0.9217 | opt_steps=3125
[Epoch 057] Val   loss=2.4546, acc=0.4992, lr=2.62e-04
  iter    50/3125 | loss 1.1273 | acc 0.940 | lr 2.62e-04
  iter   100/3125 | loss 1.0529 | acc 0.933 | lr 2.62e-04
  iter   150/3125 | loss 0.9796 | acc 0.936 | lr 2.62e-04
  iter   200/3125 | loss 1.0790 | acc 0.942 | lr 2.62e-04
  iter   250/3125 | loss 1.2522 | acc 0.942 | lr 2.62e-04
  iter   300/3125 | loss 1.0493 | acc 0.942 | lr 2.62e-04
  iter   350/3125 | loss 1.0948 | acc 0.943 | lr 2.62e-04
  iter   400/3125 | loss 0.9943 | acc 0.943 | lr 2.62e-04
  iter   450/3125 | loss 1.2750 | acc 0.941 | lr 2.62e-04
  iter   500/3125 | loss 1.2068 | acc 0.940 | lr 2.62e-04
  iter   550/3125 | loss 1.0623 | acc 0.938 | lr 2.62e-04
  iter   600/3125 | loss 1.3031 | acc 0.938 | lr 2.62e-04
  iter   650/3125 | loss 0.9902 | acc 0.937 | lr 2.62e-04
  iter   700/3125 | loss 1.2105 | acc 0.937 | lr 2.62e-04
  iter   750/3125 | loss 1.0960 | acc 0.937 | lr 2.62e-04
  iter   800/3125 | loss 1.2309 | acc 0.936 | lr 2.62e-04
  iter   850/3125 | loss 1.0248 | acc 0.935 | lr 2.62e-04
  iter   900/3125 | loss 1.0423 | acc 0.935 | lr 2.62e-04
  iter   950/3125 | loss 1.2395 | acc 0.934 | lr 2.62e-04
  iter  1000/3125 | loss 1.0651 | acc 0.934 | lr 2.61e-04
  iter  1050/3125 | loss 1.0955 | acc 0.933 | lr 2.61e-04
  iter  1100/3125 | loss 1.0960 | acc 0.933 | lr 2.61e-04
  iter  1150/3125 | loss 1.1649 | acc 0.933 | lr 2.61e-04
  iter  1200/3125 | loss 1.2683 | acc 0.933 | lr 2.61e-04
  iter  1250/3125 | loss 1.0645 | acc 0.933 | lr 2.61e-04
  iter  1300/3125 | loss 1.1020 | acc 0.933 | lr 2.61e-04
  iter  1350/3125 | loss 1.0852 | acc 0.932 | lr 2.61e-04
  iter  1400/3125 | loss 1.0228 | acc 0.932 | lr 2.61e-04
  iter  1450/3125 | loss 1.1377 | acc 0.931 | lr 2.61e-04
  iter  1500/3125 | loss 1.0680 | acc 0.931 | lr 2.61e-04
  iter  1550/3125 | loss 1.1634 | acc 0.930 | lr 2.61e-04
  iter  1600/3125 | loss 1.3180 | acc 0.930 | lr 2.61e-04
  iter  1650/3125 | loss 1.3442 | acc 0.930 | lr 2.61e-04
  iter  1700/3125 | loss 1.1099 | acc 0.930 | lr 2.61e-04
  iter  1750/3125 | loss 1.3098 | acc 0.930 | lr 2.61e-04
  iter  1800/3125 | loss 1.1848 | acc 0.929 | lr 2.61e-04
  iter  1850/3125 | loss 1.1198 | acc 0.929 | lr 2.61e-04
  iter  1900/3125 | loss 1.0139 | acc 0.928 | lr 2.61e-04
  iter  1950/3125 | loss 1.4843 | acc 0.928 | lr 2.61e-04
  iter  2000/3125 | loss 1.1063 | acc 0.928 | lr 2.61e-04
  iter  2050/3125 | loss 1.1761 | acc 0.927 | lr 2.61e-04
  iter  2100/3125 | loss 1.1063 | acc 0.927 | lr 2.61e-04
  iter  2150/3125 | loss 1.3200 | acc 0.926 | lr 2.61e-04
  iter  2200/3125 | loss 1.3087 | acc 0.926 | lr 2.61e-04
  iter  2250/3125 | loss 1.3647 | acc 0.926 | lr 2.61e-04
  iter  2300/3125 | loss 1.1025 | acc 0.926 | lr 2.61e-04
  iter  2350/3125 | loss 1.2102 | acc 0.925 | lr 2.61e-04
  iter  2400/3125 | loss 1.1493 | acc 0.925 | lr 2.61e-04
  iter  2450/3125 | loss 1.0834 | acc 0.925 | lr 2.61e-04
  iter  2500/3125 | loss 1.2243 | acc 0.924 | lr 2.61e-04
  iter  2550/3125 | loss 1.2069 | acc 0.924 | lr 2.61e-04
  iter  2600/3125 | loss 1.1136 | acc 0.924 | lr 2.61e-04
  iter  2650/3125 | loss 1.2899 | acc 0.924 | lr 2.61e-04
  iter  2700/3125 | loss 1.1849 | acc 0.924 | lr 2.61e-04
  iter  2750/3125 | loss 1.3501 | acc 0.924 | lr 2.61e-04
  iter  2800/3125 | loss 1.1103 | acc 0.923 | lr 2.61e-04
  iter  2850/3125 | loss 1.0890 | acc 0.923 | lr 2.61e-04
  iter  2900/3125 | loss 1.2219 | acc 0.923 | lr 2.60e-04
  iter  2950/3125 | loss 1.4167 | acc 0.923 | lr 2.60e-04
  iter  3000/3125 | loss 1.0944 | acc 0.922 | lr 2.60e-04
  iter  3050/3125 | loss 1.2403 | acc 0.922 | lr 2.60e-04
  iter  3100/3125 | loss 1.2168 | acc 0.922 | lr 2.60e-04
[Epoch 058] Train loss=1.1676, acc=0.9217 | opt_steps=3125
[Epoch 058] Val   loss=2.4643, acc=0.4970, lr=2.60e-04
  iter    50/3125 | loss 1.1645 | acc 0.946 | lr 2.60e-04
  iter   100/3125 | loss 1.0573 | acc 0.939 | lr 2.60e-04
  iter   150/3125 | loss 0.9849 | acc 0.937 | lr 2.60e-04
  iter   200/3125 | loss 0.9892 | acc 0.936 | lr 2.60e-04
  iter   250/3125 | loss 0.9991 | acc 0.933 | lr 2.60e-04
  iter   300/3125 | loss 1.2073 | acc 0.932 | lr 2.60e-04
  iter   350/3125 | loss 0.9752 | acc 0.933 | lr 2.60e-04
  iter   400/3125 | loss 1.0896 | acc 0.932 | lr 2.60e-04
  iter   450/3125 | loss 1.1237 | acc 0.932 | lr 2.60e-04
  iter   500/3125 | loss 1.3046 | acc 0.932 | lr 2.60e-04
  iter   550/3125 | loss 1.2496 | acc 0.933 | lr 2.60e-04
  iter   600/3125 | loss 1.0554 | acc 0.933 | lr 2.60e-04
  iter   650/3125 | loss 1.1299 | acc 0.932 | lr 2.60e-04
  iter   700/3125 | loss 1.1082 | acc 0.933 | lr 2.60e-04
  iter   750/3125 | loss 1.0670 | acc 0.933 | lr 2.60e-04
  iter   800/3125 | loss 1.1228 | acc 0.932 | lr 2.60e-04
  iter   850/3125 | loss 1.0209 | acc 0.932 | lr 2.60e-04
  iter   900/3125 | loss 1.2432 | acc 0.932 | lr 2.60e-04
  iter   950/3125 | loss 1.1938 | acc 0.932 | lr 2.60e-04
  iter  1000/3125 | loss 1.2289 | acc 0.932 | lr 2.60e-04
  iter  1050/3125 | loss 1.3621 | acc 0.931 | lr 2.60e-04
  iter  1100/3125 | loss 1.2144 | acc 0.932 | lr 2.60e-04
  iter  1150/3125 | loss 1.2179 | acc 0.932 | lr 2.60e-04
  iter  1200/3125 | loss 1.2295 | acc 0.931 | lr 2.60e-04
  iter  1250/3125 | loss 1.0829 | acc 0.931 | lr 2.60e-04
  iter  1300/3125 | loss 1.1563 | acc 0.931 | lr 2.60e-04
  iter  1350/3125 | loss 1.0572 | acc 0.931 | lr 2.60e-04
  iter  1400/3125 | loss 1.2556 | acc 0.931 | lr 2.60e-04
  iter  1450/3125 | loss 1.2954 | acc 0.930 | lr 2.60e-04
  iter  1500/3125 | loss 1.1850 | acc 0.929 | lr 2.60e-04
  iter  1550/3125 | loss 1.0645 | acc 0.929 | lr 2.60e-04
  iter  1600/3125 | loss 1.1718 | acc 0.929 | lr 2.60e-04
  iter  1650/3125 | loss 1.0785 | acc 0.928 | lr 2.59e-04
  iter  1700/3125 | loss 1.1826 | acc 0.928 | lr 2.59e-04
  iter  1750/3125 | loss 1.4030 | acc 0.928 | lr 2.59e-04
  iter  1800/3125 | loss 1.0358 | acc 0.928 | lr 2.59e-04
  iter  1850/3125 | loss 1.1954 | acc 0.927 | lr 2.59e-04
  iter  1900/3125 | loss 1.2943 | acc 0.927 | lr 2.59e-04
  iter  1950/3125 | loss 1.0320 | acc 0.927 | lr 2.59e-04
  iter  2000/3125 | loss 1.0823 | acc 0.927 | lr 2.59e-04
  iter  2050/3125 | loss 1.1585 | acc 0.926 | lr 2.59e-04
  iter  2100/3125 | loss 1.1868 | acc 0.926 | lr 2.59e-04
  iter  2150/3125 | loss 1.3343 | acc 0.926 | lr 2.59e-04
  iter  2200/3125 | loss 1.2129 | acc 0.925 | lr 2.59e-04
  iter  2250/3125 | loss 1.2892 | acc 0.925 | lr 2.59e-04
  iter  2300/3125 | loss 1.4296 | acc 0.925 | lr 2.59e-04
  iter  2350/3125 | loss 1.1044 | acc 0.925 | lr 2.59e-04
  iter  2400/3125 | loss 1.0551 | acc 0.925 | lr 2.59e-04
  iter  2450/3125 | loss 1.1972 | acc 0.925 | lr 2.59e-04
  iter  2500/3125 | loss 1.1431 | acc 0.924 | lr 2.59e-04
  iter  2550/3125 | loss 1.2219 | acc 0.924 | lr 2.59e-04
  iter  2600/3125 | loss 1.0342 | acc 0.924 | lr 2.59e-04
  iter  2650/3125 | loss 1.3110 | acc 0.924 | lr 2.59e-04
  iter  2700/3125 | loss 1.0711 | acc 0.924 | lr 2.59e-04
  iter  2750/3125 | loss 1.1518 | acc 0.924 | lr 2.59e-04
  iter  2800/3125 | loss 1.1567 | acc 0.924 | lr 2.59e-04
  iter  2850/3125 | loss 1.2693 | acc 0.923 | lr 2.59e-04
  iter  2900/3125 | loss 1.2745 | acc 0.923 | lr 2.59e-04
  iter  2950/3125 | loss 1.1968 | acc 0.923 | lr 2.59e-04
  iter  3000/3125 | loss 1.2590 | acc 0.923 | lr 2.59e-04
  iter  3050/3125 | loss 1.3085 | acc 0.922 | lr 2.59e-04
  iter  3100/3125 | loss 1.2209 | acc 0.922 | lr 2.59e-04
[Epoch 059] Train loss=1.1637, acc=0.9219 | opt_steps=3125
[Epoch 059] Val   loss=2.4745, acc=0.4987, lr=2.59e-04
  iter    50/3125 | loss 1.0129 | acc 0.943 | lr 2.59e-04
  iter   100/3125 | loss 0.9509 | acc 0.944 | lr 2.59e-04
  iter   150/3125 | loss 0.9292 | acc 0.945 | lr 2.59e-04
  iter   200/3125 | loss 1.2963 | acc 0.943 | lr 2.59e-04
  iter   250/3125 | loss 1.1868 | acc 0.943 | lr 2.59e-04
  iter   300/3125 | loss 1.0692 | acc 0.941 | lr 2.59e-04
  iter   350/3125 | loss 1.0446 | acc 0.941 | lr 2.58e-04
  iter   400/3125 | loss 1.2227 | acc 0.939 | lr 2.58e-04
  iter   450/3125 | loss 1.1705 | acc 0.938 | lr 2.58e-04
  iter   500/3125 | loss 0.9625 | acc 0.937 | lr 2.58e-04
  iter   550/3125 | loss 1.0492 | acc 0.935 | lr 2.58e-04
  iter   600/3125 | loss 1.1657 | acc 0.935 | lr 2.58e-04
  iter   650/3125 | loss 1.1685 | acc 0.934 | lr 2.58e-04
  iter   700/3125 | loss 1.2233 | acc 0.934 | lr 2.58e-04
  iter   750/3125 | loss 1.2305 | acc 0.933 | lr 2.58e-04
  iter   800/3125 | loss 1.1655 | acc 0.933 | lr 2.58e-04
  iter   850/3125 | loss 1.0447 | acc 0.933 | lr 2.58e-04
  iter   900/3125 | loss 1.0685 | acc 0.933 | lr 2.58e-04
  iter   950/3125 | loss 1.1364 | acc 0.934 | lr 2.58e-04
  iter  1000/3125 | loss 1.2315 | acc 0.933 | lr 2.58e-04
  iter  1050/3125 | loss 1.1302 | acc 0.933 | lr 2.58e-04
  iter  1100/3125 | loss 1.3855 | acc 0.933 | lr 2.58e-04
  iter  1150/3125 | loss 1.0992 | acc 0.933 | lr 2.58e-04
  iter  1200/3125 | loss 1.1170 | acc 0.932 | lr 2.58e-04
  iter  1250/3125 | loss 1.1926 | acc 0.932 | lr 2.58e-04
  iter  1300/3125 | loss 1.0600 | acc 0.932 | lr 2.58e-04
  iter  1350/3125 | loss 1.1775 | acc 0.932 | lr 2.58e-04
  iter  1400/3125 | loss 1.1293 | acc 0.931 | lr 2.58e-04
  iter  1450/3125 | loss 1.1511 | acc 0.931 | lr 2.58e-04
  iter  1500/3125 | loss 1.1438 | acc 0.931 | lr 2.58e-04
  iter  1550/3125 | loss 1.1564 | acc 0.930 | lr 2.58e-04
  iter  1600/3125 | loss 1.0509 | acc 0.930 | lr 2.58e-04
  iter  1650/3125 | loss 1.1452 | acc 0.930 | lr 2.58e-04
  iter  1700/3125 | loss 1.2049 | acc 0.929 | lr 2.58e-04
  iter  1750/3125 | loss 1.2846 | acc 0.930 | lr 2.58e-04
  iter  1800/3125 | loss 1.2024 | acc 0.929 | lr 2.58e-04
  iter  1850/3125 | loss 1.0301 | acc 0.929 | lr 2.58e-04
  iter  1900/3125 | loss 1.1474 | acc 0.929 | lr 2.58e-04
  iter  1950/3125 | loss 1.0428 | acc 0.928 | lr 2.58e-04
  iter  2000/3125 | loss 1.3072 | acc 0.928 | lr 2.58e-04
  iter  2050/3125 | loss 1.0407 | acc 0.928 | lr 2.58e-04
  iter  2100/3125 | loss 1.3021 | acc 0.928 | lr 2.58e-04
  iter  2150/3125 | loss 1.3824 | acc 0.927 | lr 2.57e-04
  iter  2200/3125 | loss 1.2808 | acc 0.927 | lr 2.57e-04
  iter  2250/3125 | loss 1.1047 | acc 0.927 | lr 2.57e-04
  iter  2300/3125 | loss 1.3183 | acc 0.926 | lr 2.57e-04
  iter  2350/3125 | loss 1.3033 | acc 0.926 | lr 2.57e-04
  iter  2400/3125 | loss 1.1481 | acc 0.926 | lr 2.57e-04
  iter  2450/3125 | loss 1.0532 | acc 0.926 | lr 2.57e-04
  iter  2500/3125 | loss 1.1789 | acc 0.926 | lr 2.57e-04
  iter  2550/3125 | loss 1.3374 | acc 0.926 | lr 2.57e-04
  iter  2600/3125 | loss 1.2047 | acc 0.925 | lr 2.57e-04
  iter  2650/3125 | loss 1.3818 | acc 0.925 | lr 2.57e-04
  iter  2700/3125 | loss 1.2772 | acc 0.925 | lr 2.57e-04
  iter  2750/3125 | loss 1.1077 | acc 0.925 | lr 2.57e-04
  iter  2800/3125 | loss 1.2554 | acc 0.924 | lr 2.57e-04
  iter  2850/3125 | loss 1.4397 | acc 0.924 | lr 2.57e-04
  iter  2900/3125 | loss 1.0891 | acc 0.924 | lr 2.57e-04
  iter  2950/3125 | loss 1.1548 | acc 0.924 | lr 2.57e-04
  iter  3000/3125 | loss 1.0642 | acc 0.924 | lr 2.57e-04
  iter  3050/3125 | loss 1.4670 | acc 0.923 | lr 2.57e-04
  iter  3100/3125 | loss 1.1522 | acc 0.923 | lr 2.57e-04
[Epoch 060] Train loss=1.1574, acc=0.9227 | opt_steps=3125
[Epoch 060] Val   loss=2.4846, acc=0.4993, lr=2.57e-04
  iter    50/3125 | loss 1.1296 | acc 0.945 | lr 2.57e-04
  iter   100/3125 | loss 1.0800 | acc 0.946 | lr 2.57e-04
  iter   150/3125 | loss 1.0898 | acc 0.942 | lr 2.57e-04
  iter   200/3125 | loss 1.0860 | acc 0.940 | lr 2.57e-04
  iter   250/3125 | loss 1.0706 | acc 0.940 | lr 2.57e-04
  iter   300/3125 | loss 1.0903 | acc 0.939 | lr 2.57e-04
  iter   350/3125 | loss 1.2446 | acc 0.937 | lr 2.57e-04
  iter   400/3125 | loss 1.0901 | acc 0.936 | lr 2.57e-04
  iter   450/3125 | loss 1.4138 | acc 0.936 | lr 2.57e-04
  iter   500/3125 | loss 1.0667 | acc 0.936 | lr 2.57e-04
  iter   550/3125 | loss 1.1413 | acc 0.935 | lr 2.57e-04
  iter   600/3125 | loss 0.9870 | acc 0.934 | lr 2.57e-04
  iter   650/3125 | loss 1.1261 | acc 0.932 | lr 2.57e-04
  iter   700/3125 | loss 0.9973 | acc 0.933 | lr 2.57e-04
  iter   750/3125 | loss 1.2055 | acc 0.932 | lr 2.57e-04
  iter   800/3125 | loss 1.2841 | acc 0.932 | lr 2.57e-04
  iter   850/3125 | loss 1.0844 | acc 0.932 | lr 2.56e-04
  iter   900/3125 | loss 1.0886 | acc 0.932 | lr 2.56e-04
  iter   950/3125 | loss 1.2398 | acc 0.932 | lr 2.56e-04
  iter  1000/3125 | loss 1.1685 | acc 0.932 | lr 2.56e-04
  iter  1050/3125 | loss 1.0204 | acc 0.933 | lr 2.56e-04
  iter  1100/3125 | loss 1.0659 | acc 0.932 | lr 2.56e-04
  iter  1150/3125 | loss 1.1823 | acc 0.932 | lr 2.56e-04
  iter  1200/3125 | loss 1.0206 | acc 0.931 | lr 2.56e-04
  iter  1250/3125 | loss 1.1499 | acc 0.931 | lr 2.56e-04
  iter  1300/3125 | loss 1.1351 | acc 0.931 | lr 2.56e-04
  iter  1350/3125 | loss 1.0646 | acc 0.930 | lr 2.56e-04
  iter  1400/3125 | loss 0.9951 | acc 0.930 | lr 2.56e-04
  iter  1450/3125 | loss 1.0696 | acc 0.930 | lr 2.56e-04
  iter  1500/3125 | loss 1.0459 | acc 0.929 | lr 2.56e-04
  iter  1550/3125 | loss 1.0870 | acc 0.929 | lr 2.56e-04
  iter  1600/3125 | loss 1.1050 | acc 0.929 | lr 2.56e-04
  iter  1650/3125 | loss 1.0791 | acc 0.929 | lr 2.56e-04
  iter  1700/3125 | loss 1.2582 | acc 0.929 | lr 2.56e-04
  iter  1750/3125 | loss 1.0100 | acc 0.929 | lr 2.56e-04
  iter  1800/3125 | loss 0.9758 | acc 0.929 | lr 2.56e-04
  iter  1850/3125 | loss 1.2136 | acc 0.928 | lr 2.56e-04
  iter  1900/3125 | loss 1.1584 | acc 0.928 | lr 2.56e-04
  iter  1950/3125 | loss 1.0915 | acc 0.927 | lr 2.56e-04
  iter  2000/3125 | loss 1.3531 | acc 0.927 | lr 2.56e-04
  iter  2050/3125 | loss 1.2880 | acc 0.927 | lr 2.56e-04
  iter  2100/3125 | loss 1.4255 | acc 0.927 | lr 2.56e-04
  iter  2150/3125 | loss 1.1498 | acc 0.926 | lr 2.56e-04
  iter  2200/3125 | loss 1.2077 | acc 0.926 | lr 2.56e-04
  iter  2250/3125 | loss 1.1435 | acc 0.926 | lr 2.56e-04
  iter  2300/3125 | loss 1.0130 | acc 0.926 | lr 2.56e-04
  iter  2350/3125 | loss 1.1348 | acc 0.925 | lr 2.56e-04
  iter  2400/3125 | loss 1.1672 | acc 0.925 | lr 2.56e-04
  iter  2450/3125 | loss 1.1774 | acc 0.925 | lr 2.56e-04
  iter  2500/3125 | loss 1.1751 | acc 0.925 | lr 2.56e-04
  iter  2550/3125 | loss 1.2317 | acc 0.924 | lr 2.56e-04
  iter  2600/3125 | loss 1.3011 | acc 0.924 | lr 2.55e-04
  iter  2650/3125 | loss 1.3756 | acc 0.924 | lr 2.55e-04
  iter  2700/3125 | loss 1.3203 | acc 0.924 | lr 2.55e-04
  iter  2750/3125 | loss 1.3627 | acc 0.923 | lr 2.55e-04
  iter  2800/3125 | loss 1.0649 | acc 0.923 | lr 2.55e-04
  iter  2850/3125 | loss 1.2376 | acc 0.923 | lr 2.55e-04
  iter  2900/3125 | loss 1.0899 | acc 0.923 | lr 2.55e-04
  iter  2950/3125 | loss 1.3093 | acc 0.922 | lr 2.55e-04
  iter  3000/3125 | loss 1.0244 | acc 0.922 | lr 2.55e-04
  iter  3050/3125 | loss 1.0190 | acc 0.922 | lr 2.55e-04
  iter  3100/3125 | loss 1.1184 | acc 0.922 | lr 2.55e-04
[Epoch 061] Train loss=1.1563, acc=0.9216 | opt_steps=3125
[Epoch 061] Val   loss=2.4913, acc=0.4961, lr=2.55e-04
  iter    50/3125 | loss 1.2210 | acc 0.943 | lr 2.55e-04
  iter   100/3125 | loss 1.0523 | acc 0.943 | lr 2.55e-04
  iter   150/3125 | loss 1.0079 | acc 0.944 | lr 2.55e-04
  iter   200/3125 | loss 1.0317 | acc 0.941 | lr 2.55e-04
  iter   250/3125 | loss 0.9689 | acc 0.940 | lr 2.55e-04
  iter   300/3125 | loss 0.9850 | acc 0.940 | lr 2.55e-04
  iter   350/3125 | loss 1.0376 | acc 0.940 | lr 2.55e-04
  iter   400/3125 | loss 1.0441 | acc 0.938 | lr 2.55e-04
  iter   450/3125 | loss 0.9777 | acc 0.935 | lr 2.55e-04
  iter   500/3125 | loss 1.2998 | acc 0.936 | lr 2.55e-04
  iter   550/3125 | loss 1.0497 | acc 0.936 | lr 2.55e-04
  iter   600/3125 | loss 0.9828 | acc 0.936 | lr 2.55e-04
  iter   650/3125 | loss 1.0471 | acc 0.935 | lr 2.55e-04
  iter   700/3125 | loss 1.1262 | acc 0.934 | lr 2.55e-04
  iter   750/3125 | loss 1.0521 | acc 0.935 | lr 2.55e-04
  iter   800/3125 | loss 1.1439 | acc 0.935 | lr 2.55e-04
  iter   850/3125 | loss 1.1701 | acc 0.935 | lr 2.55e-04
  iter   900/3125 | loss 1.0865 | acc 0.935 | lr 2.55e-04
  iter   950/3125 | loss 1.1152 | acc 0.935 | lr 2.55e-04
  iter  1000/3125 | loss 1.0169 | acc 0.934 | lr 2.55e-04
  iter  1050/3125 | loss 1.1172 | acc 0.934 | lr 2.55e-04
  iter  1100/3125 | loss 1.2578 | acc 0.934 | lr 2.55e-04
  iter  1150/3125 | loss 1.2622 | acc 0.933 | lr 2.55e-04
  iter  1200/3125 | loss 1.0258 | acc 0.933 | lr 2.55e-04
  iter  1250/3125 | loss 1.0618 | acc 0.933 | lr 2.54e-04
  iter  1300/3125 | loss 1.0311 | acc 0.932 | lr 2.54e-04
  iter  1350/3125 | loss 1.1988 | acc 0.932 | lr 2.54e-04
  iter  1400/3125 | loss 1.0720 | acc 0.932 | lr 2.54e-04
  iter  1450/3125 | loss 1.0749 | acc 0.931 | lr 2.54e-04
  iter  1500/3125 | loss 1.1684 | acc 0.931 | lr 2.54e-04
  iter  1550/3125 | loss 1.0354 | acc 0.931 | lr 2.54e-04
  iter  1600/3125 | loss 1.0819 | acc 0.931 | lr 2.54e-04
  iter  1650/3125 | loss 0.9698 | acc 0.930 | lr 2.54e-04
  iter  1700/3125 | loss 1.1297 | acc 0.930 | lr 2.54e-04
  iter  1750/3125 | loss 1.1336 | acc 0.930 | lr 2.54e-04
  iter  1800/3125 | loss 1.1072 | acc 0.930 | lr 2.54e-04
  iter  1850/3125 | loss 1.0540 | acc 0.929 | lr 2.54e-04
  iter  1900/3125 | loss 1.3740 | acc 0.929 | lr 2.54e-04
  iter  1950/3125 | loss 1.0963 | acc 0.929 | lr 2.54e-04
  iter  2000/3125 | loss 1.0821 | acc 0.928 | lr 2.54e-04
  iter  2050/3125 | loss 1.1446 | acc 0.928 | lr 2.54e-04
  iter  2100/3125 | loss 0.9708 | acc 0.927 | lr 2.54e-04
  iter  2150/3125 | loss 1.0797 | acc 0.927 | lr 2.54e-04
  iter  2200/3125 | loss 1.2106 | acc 0.927 | lr 2.54e-04
  iter  2250/3125 | loss 1.2004 | acc 0.927 | lr 2.54e-04
  iter  2300/3125 | loss 1.2137 | acc 0.926 | lr 2.54e-04
  iter  2350/3125 | loss 1.0951 | acc 0.926 | lr 2.54e-04
  iter  2400/3125 | loss 1.0527 | acc 0.926 | lr 2.54e-04
  iter  2450/3125 | loss 1.1911 | acc 0.925 | lr 2.54e-04
  iter  2500/3125 | loss 1.1298 | acc 0.925 | lr 2.54e-04
  iter  2550/3125 | loss 1.1058 | acc 0.925 | lr 2.54e-04
  iter  2600/3125 | loss 1.1831 | acc 0.925 | lr 2.54e-04
  iter  2650/3125 | loss 1.1830 | acc 0.925 | lr 2.54e-04
  iter  2700/3125 | loss 1.2898 | acc 0.924 | lr 2.54e-04
  iter  2750/3125 | loss 1.3384 | acc 0.924 | lr 2.54e-04
  iter  2800/3125 | loss 1.1480 | acc 0.924 | lr 2.54e-04
  iter  2850/3125 | loss 1.6657 | acc 0.924 | lr 2.54e-04
  iter  2900/3125 | loss 1.1408 | acc 0.923 | lr 2.54e-04
  iter  2950/3125 | loss 1.1894 | acc 0.923 | lr 2.54e-04
  iter  3000/3125 | loss 1.1127 | acc 0.923 | lr 2.53e-04
  iter  3050/3125 | loss 1.2249 | acc 0.923 | lr 2.53e-04
  iter  3100/3125 | loss 1.3238 | acc 0.922 | lr 2.53e-04
[Epoch 062] Train loss=1.1496, acc=0.9224 | opt_steps=3125
[Epoch 062] Val   loss=2.4969, acc=0.4964, lr=2.53e-04
  iter    50/3125 | loss 1.0969 | acc 0.940 | lr 2.53e-04
  iter   100/3125 | loss 1.2098 | acc 0.940 | lr 2.53e-04
  iter   150/3125 | loss 1.1814 | acc 0.939 | lr 2.53e-04
  iter   200/3125 | loss 1.1588 | acc 0.940 | lr 2.53e-04
  iter   250/3125 | loss 1.0851 | acc 0.939 | lr 2.53e-04
  iter   300/3125 | loss 1.3203 | acc 0.939 | lr 2.53e-04
  iter   350/3125 | loss 1.0509 | acc 0.938 | lr 2.53e-04
  iter   400/3125 | loss 1.2369 | acc 0.938 | lr 2.53e-04
  iter   450/3125 | loss 1.0599 | acc 0.938 | lr 2.53e-04
  iter   500/3125 | loss 1.2003 | acc 0.936 | lr 2.53e-04
  iter   550/3125 | loss 1.4317 | acc 0.935 | lr 2.53e-04
  iter   600/3125 | loss 1.1037 | acc 0.935 | lr 2.53e-04
  iter   650/3125 | loss 1.0369 | acc 0.935 | lr 2.53e-04
  iter   700/3125 | loss 1.0402 | acc 0.934 | lr 2.53e-04
  iter   750/3125 | loss 1.5706 | acc 0.933 | lr 2.53e-04
  iter   800/3125 | loss 1.1696 | acc 0.932 | lr 2.53e-04
  iter   850/3125 | loss 1.2522 | acc 0.932 | lr 2.53e-04
  iter   900/3125 | loss 1.0862 | acc 0.931 | lr 2.53e-04
  iter   950/3125 | loss 1.1835 | acc 0.931 | lr 2.53e-04
  iter  1000/3125 | loss 1.0899 | acc 0.932 | lr 2.53e-04
  iter  1050/3125 | loss 1.1647 | acc 0.932 | lr 2.53e-04
  iter  1100/3125 | loss 1.1405 | acc 0.932 | lr 2.53e-04
  iter  1150/3125 | loss 0.9841 | acc 0.931 | lr 2.53e-04
  iter  1200/3125 | loss 1.3888 | acc 0.931 | lr 2.53e-04
  iter  1250/3125 | loss 1.3737 | acc 0.930 | lr 2.53e-04
  iter  1300/3125 | loss 1.1794 | acc 0.930 | lr 2.53e-04
  iter  1350/3125 | loss 1.1103 | acc 0.930 | lr 2.53e-04
  iter  1400/3125 | loss 1.1564 | acc 0.930 | lr 2.53e-04
  iter  1450/3125 | loss 1.0610 | acc 0.929 | lr 2.53e-04
  iter  1500/3125 | loss 1.0881 | acc 0.929 | lr 2.53e-04
  iter  1550/3125 | loss 1.0341 | acc 0.929 | lr 2.53e-04
  iter  1600/3125 | loss 1.0903 | acc 0.929 | lr 2.53e-04
  iter  1650/3125 | loss 1.0861 | acc 0.928 | lr 2.52e-04
  iter  1700/3125 | loss 1.0420 | acc 0.928 | lr 2.52e-04
  iter  1750/3125 | loss 1.1727 | acc 0.928 | lr 2.52e-04
  iter  1800/3125 | loss 1.2152 | acc 0.927 | lr 2.52e-04
  iter  1850/3125 | loss 1.1954 | acc 0.927 | lr 2.52e-04
  iter  1900/3125 | loss 1.1042 | acc 0.927 | lr 2.52e-04
  iter  1950/3125 | loss 1.1201 | acc 0.927 | lr 2.52e-04
  iter  2000/3125 | loss 1.1894 | acc 0.926 | lr 2.52e-04
  iter  2050/3125 | loss 1.4419 | acc 0.926 | lr 2.52e-04
  iter  2100/3125 | loss 1.1647 | acc 0.926 | lr 2.52e-04
  iter  2150/3125 | loss 1.4383 | acc 0.925 | lr 2.52e-04
  iter  2200/3125 | loss 1.0639 | acc 0.925 | lr 2.52e-04
  iter  2250/3125 | loss 1.1986 | acc 0.925 | lr 2.52e-04
  iter  2300/3125 | loss 1.0789 | acc 0.925 | lr 2.52e-04
  iter  2350/3125 | loss 1.2060 | acc 0.925 | lr 2.52e-04
  iter  2400/3125 | loss 1.4485 | acc 0.925 | lr 2.52e-04
  iter  2450/3125 | loss 1.4362 | acc 0.925 | lr 2.52e-04
  iter  2500/3125 | loss 1.2366 | acc 0.924 | lr 2.52e-04
  iter  2550/3125 | loss 1.2892 | acc 0.924 | lr 2.52e-04
  iter  2600/3125 | loss 1.1859 | acc 0.924 | lr 2.52e-04
  iter  2650/3125 | loss 1.0690 | acc 0.924 | lr 2.52e-04
  iter  2700/3125 | loss 1.3595 | acc 0.924 | lr 2.52e-04
  iter  2750/3125 | loss 1.2353 | acc 0.923 | lr 2.52e-04
  iter  2800/3125 | loss 1.1805 | acc 0.923 | lr 2.52e-04
  iter  2850/3125 | loss 1.0819 | acc 0.923 | lr 2.52e-04
  iter  2900/3125 | loss 1.1890 | acc 0.923 | lr 2.52e-04
  iter  2950/3125 | loss 1.2523 | acc 0.922 | lr 2.52e-04
  iter  3000/3125 | loss 1.3280 | acc 0.922 | lr 2.52e-04
  iter  3050/3125 | loss 1.1306 | acc 0.921 | lr 2.52e-04
  iter  3100/3125 | loss 1.2599 | acc 0.921 | lr 2.52e-04
[Epoch 063] Train loss=1.1507, acc=0.9211 | opt_steps=3125
[Epoch 063] Val   loss=2.5042, acc=0.4939, lr=2.52e-04
  iter    50/3125 | loss 1.1628 | acc 0.943 | lr 2.52e-04
  iter   100/3125 | loss 0.9500 | acc 0.938 | lr 2.52e-04
  iter   150/3125 | loss 1.0013 | acc 0.937 | lr 2.52e-04
  iter   200/3125 | loss 1.0945 | acc 0.938 | lr 2.51e-04
  iter   250/3125 | loss 1.1255 | acc 0.940 | lr 2.51e-04
  iter   300/3125 | loss 1.0151 | acc 0.940 | lr 2.51e-04
  iter   350/3125 | loss 1.2052 | acc 0.939 | lr 2.51e-04
  iter   400/3125 | loss 1.2103 | acc 0.937 | lr 2.51e-04
  iter   450/3125 | loss 1.0479 | acc 0.938 | lr 2.51e-04
  iter   500/3125 | loss 1.4004 | acc 0.937 | lr 2.51e-04
  iter   550/3125 | loss 1.3821 | acc 0.936 | lr 2.51e-04
  iter   600/3125 | loss 1.1149 | acc 0.935 | lr 2.51e-04
  iter   650/3125 | loss 1.1694 | acc 0.935 | lr 2.51e-04
  iter   700/3125 | loss 1.2835 | acc 0.935 | lr 2.51e-04
  iter   750/3125 | loss 1.1089 | acc 0.934 | lr 2.51e-04
  iter   800/3125 | loss 1.1052 | acc 0.934 | lr 2.51e-04
  iter   850/3125 | loss 1.1615 | acc 0.934 | lr 2.51e-04
  iter   900/3125 | loss 1.1830 | acc 0.935 | lr 2.51e-04
  iter   950/3125 | loss 1.2170 | acc 0.934 | lr 2.51e-04
  iter  1000/3125 | loss 1.1428 | acc 0.934 | lr 2.51e-04
  iter  1050/3125 | loss 1.2021 | acc 0.934 | lr 2.51e-04
  iter  1100/3125 | loss 1.1097 | acc 0.933 | lr 2.51e-04
  iter  1150/3125 | loss 1.1389 | acc 0.933 | lr 2.51e-04
  iter  1200/3125 | loss 1.3393 | acc 0.933 | lr 2.51e-04
  iter  1250/3125 | loss 1.0654 | acc 0.932 | lr 2.51e-04
  iter  1300/3125 | loss 1.2378 | acc 0.932 | lr 2.51e-04
  iter  1350/3125 | loss 1.1765 | acc 0.931 | lr 2.51e-04
  iter  1400/3125 | loss 1.0090 | acc 0.931 | lr 2.51e-04
  iter  1450/3125 | loss 1.1906 | acc 0.930 | lr 2.51e-04
  iter  1500/3125 | loss 0.9867 | acc 0.930 | lr 2.51e-04
  iter  1550/3125 | loss 1.0043 | acc 0.930 | lr 2.51e-04
  iter  1600/3125 | loss 1.1509 | acc 0.929 | lr 2.51e-04
  iter  1650/3125 | loss 1.1418 | acc 0.929 | lr 2.51e-04
  iter  1700/3125 | loss 1.1065 | acc 0.929 | lr 2.51e-04
  iter  1750/3125 | loss 0.9829 | acc 0.928 | lr 2.51e-04
  iter  1800/3125 | loss 1.3247 | acc 0.928 | lr 2.51e-04
  iter  1850/3125 | loss 1.2083 | acc 0.927 | lr 2.51e-04
  iter  1900/3125 | loss 1.0566 | acc 0.927 | lr 2.51e-04
  iter  1950/3125 | loss 1.4157 | acc 0.927 | lr 2.50e-04
  iter  2000/3125 | loss 1.4136 | acc 0.927 | lr 2.50e-04
  iter  2050/3125 | loss 1.0171 | acc 0.927 | lr 2.50e-04
  iter  2100/3125 | loss 1.2286 | acc 0.926 | lr 2.50e-04
  iter  2150/3125 | loss 1.3043 | acc 0.926 | lr 2.50e-04
  iter  2200/3125 | loss 1.0934 | acc 0.925 | lr 2.50e-04
  iter  2250/3125 | loss 1.0644 | acc 0.925 | lr 2.50e-04
  iter  2300/3125 | loss 1.1370 | acc 0.925 | lr 2.50e-04
  iter  2350/3125 | loss 1.2824 | acc 0.925 | lr 2.50e-04
  iter  2400/3125 | loss 1.1718 | acc 0.925 | lr 2.50e-04
  iter  2450/3125 | loss 1.2819 | acc 0.924 | lr 2.50e-04
  iter  2500/3125 | loss 1.1614 | acc 0.924 | lr 2.50e-04
  iter  2550/3125 | loss 1.4991 | acc 0.924 | lr 2.50e-04
  iter  2600/3125 | loss 1.2887 | acc 0.923 | lr 2.50e-04
  iter  2650/3125 | loss 1.2227 | acc 0.923 | lr 2.50e-04
  iter  2700/3125 | loss 1.2613 | acc 0.923 | lr 2.50e-04
  iter  2750/3125 | loss 1.0150 | acc 0.923 | lr 2.50e-04
  iter  2800/3125 | loss 1.1578 | acc 0.923 | lr 2.50e-04
  iter  2850/3125 | loss 1.0528 | acc 0.922 | lr 2.50e-04
  iter  2900/3125 | loss 1.2257 | acc 0.922 | lr 2.50e-04
  iter  2950/3125 | loss 1.1818 | acc 0.922 | lr 2.50e-04
  iter  3000/3125 | loss 1.2050 | acc 0.922 | lr 2.50e-04
  iter  3050/3125 | loss 1.4375 | acc 0.922 | lr 2.50e-04
  iter  3100/3125 | loss 1.0944 | acc 0.921 | lr 2.50e-04
[Epoch 064] Train loss=1.1481, acc=0.9215 | opt_steps=3125
[Epoch 064] Val   loss=2.5102, acc=0.4935, lr=2.50e-04
  iter    50/3125 | loss 1.0678 | acc 0.944 | lr 2.50e-04
  iter   100/3125 | loss 1.1530 | acc 0.945 | lr 2.50e-04
  iter   150/3125 | loss 0.9579 | acc 0.944 | lr 2.50e-04
  iter   200/3125 | loss 1.3107 | acc 0.943 | lr 2.50e-04
  iter   250/3125 | loss 0.9464 | acc 0.940 | lr 2.50e-04
  iter   300/3125 | loss 1.1615 | acc 0.940 | lr 2.50e-04
  iter   350/3125 | loss 0.9435 | acc 0.939 | lr 2.50e-04
  iter   400/3125 | loss 1.0642 | acc 0.939 | lr 2.50e-04
  iter   450/3125 | loss 1.0961 | acc 0.939 | lr 2.50e-04
  iter   500/3125 | loss 1.1946 | acc 0.938 | lr 2.49e-04
  iter   550/3125 | loss 1.0776 | acc 0.938 | lr 2.49e-04
  iter   600/3125 | loss 1.0876 | acc 0.938 | lr 2.49e-04
  iter   650/3125 | loss 1.0598 | acc 0.937 | lr 2.49e-04
  iter   700/3125 | loss 1.1909 | acc 0.936 | lr 2.49e-04
  iter   750/3125 | loss 1.0402 | acc 0.936 | lr 2.49e-04
  iter   800/3125 | loss 0.9980 | acc 0.936 | lr 2.49e-04
  iter   850/3125 | loss 1.0153 | acc 0.936 | lr 2.49e-04
  iter   900/3125 | loss 1.2213 | acc 0.935 | lr 2.49e-04
  iter   950/3125 | loss 1.2156 | acc 0.935 | lr 2.49e-04
  iter  1000/3125 | loss 1.1501 | acc 0.934 | lr 2.49e-04
  iter  1050/3125 | loss 1.2643 | acc 0.934 | lr 2.49e-04
  iter  1100/3125 | loss 0.9905 | acc 0.933 | lr 2.49e-04
  iter  1150/3125 | loss 1.2382 | acc 0.933 | lr 2.49e-04
  iter  1200/3125 | loss 1.1500 | acc 0.932 | lr 2.49e-04
  iter  1250/3125 | loss 0.9245 | acc 0.932 | lr 2.49e-04
  iter  1300/3125 | loss 1.1182 | acc 0.932 | lr 2.49e-04
  iter  1350/3125 | loss 1.2454 | acc 0.931 | lr 2.49e-04
  iter  1400/3125 | loss 1.1913 | acc 0.931 | lr 2.49e-04
  iter  1450/3125 | loss 1.1913 | acc 0.931 | lr 2.49e-04
  iter  1500/3125 | loss 0.9981 | acc 0.931 | lr 2.49e-04
  iter  1550/3125 | loss 1.0112 | acc 0.931 | lr 2.49e-04
  iter  1600/3125 | loss 1.0974 | acc 0.931 | lr 2.49e-04
  iter  1650/3125 | loss 1.0833 | acc 0.931 | lr 2.49e-04
  iter  1700/3125 | loss 1.1668 | acc 0.930 | lr 2.49e-04
  iter  1750/3125 | loss 1.1151 | acc 0.930 | lr 2.49e-04
  iter  1800/3125 | loss 1.1689 | acc 0.930 | lr 2.49e-04
  iter  1850/3125 | loss 1.2611 | acc 0.929 | lr 2.49e-04
  iter  1900/3125 | loss 1.0475 | acc 0.929 | lr 2.49e-04
  iter  1950/3125 | loss 1.1132 | acc 0.929 | lr 2.49e-04
  iter  2000/3125 | loss 1.2797 | acc 0.929 | lr 2.49e-04
  iter  2050/3125 | loss 1.0458 | acc 0.928 | lr 2.49e-04
  iter  2100/3125 | loss 1.2419 | acc 0.928 | lr 2.49e-04
  iter  2150/3125 | loss 1.2205 | acc 0.928 | lr 2.49e-04
  iter  2200/3125 | loss 0.9770 | acc 0.927 | lr 2.48e-04
  iter  2250/3125 | loss 1.2467 | acc 0.927 | lr 2.48e-04
  iter  2300/3125 | loss 1.0129 | acc 0.927 | lr 2.48e-04
  iter  2350/3125 | loss 1.1929 | acc 0.927 | lr 2.48e-04
  iter  2400/3125 | loss 1.2809 | acc 0.927 | lr 2.48e-04
  iter  2450/3125 | loss 1.2744 | acc 0.927 | lr 2.48e-04
  iter  2500/3125 | loss 1.2205 | acc 0.926 | lr 2.48e-04
  iter  2550/3125 | loss 1.1080 | acc 0.926 | lr 2.48e-04
  iter  2600/3125 | loss 1.1598 | acc 0.926 | lr 2.48e-04
  iter  2650/3125 | loss 1.0742 | acc 0.926 | lr 2.48e-04
  iter  2700/3125 | loss 1.2866 | acc 0.926 | lr 2.48e-04
  iter  2750/3125 | loss 1.1169 | acc 0.925 | lr 2.48e-04
  iter  2800/3125 | loss 1.0599 | acc 0.925 | lr 2.48e-04
  iter  2850/3125 | loss 1.4112 | acc 0.925 | lr 2.48e-04
  iter  2900/3125 | loss 1.1268 | acc 0.925 | lr 2.48e-04
  iter  2950/3125 | loss 1.2014 | acc 0.925 | lr 2.48e-04
  iter  3000/3125 | loss 1.2156 | acc 0.924 | lr 2.48e-04
  iter  3050/3125 | loss 1.1073 | acc 0.924 | lr 2.48e-04
  iter  3100/3125 | loss 1.2380 | acc 0.924 | lr 2.48e-04
[Epoch 065] Train loss=1.1403, acc=0.9237 | opt_steps=3125
[Epoch 065] Val   loss=2.5147, acc=0.4954, lr=2.48e-04
  iter    50/3125 | loss 1.1112 | acc 0.930 | lr 2.48e-04
  iter   100/3125 | loss 1.0407 | acc 0.940 | lr 2.48e-04
  iter   150/3125 | loss 1.0665 | acc 0.943 | lr 2.48e-04
  iter   200/3125 | loss 1.0892 | acc 0.940 | lr 2.48e-04
  iter   250/3125 | loss 1.1221 | acc 0.938 | lr 2.48e-04
  iter   300/3125 | loss 1.3142 | acc 0.938 | lr 2.48e-04
  iter   350/3125 | loss 0.9389 | acc 0.938 | lr 2.48e-04
  iter   400/3125 | loss 1.1850 | acc 0.938 | lr 2.48e-04
  iter   450/3125 | loss 1.0077 | acc 0.939 | lr 2.48e-04
  iter   500/3125 | loss 1.0195 | acc 0.938 | lr 2.48e-04
  iter   550/3125 | loss 1.0796 | acc 0.938 | lr 2.48e-04
  iter   600/3125 | loss 1.3200 | acc 0.938 | lr 2.48e-04
  iter   650/3125 | loss 1.3627 | acc 0.937 | lr 2.48e-04
  iter   700/3125 | loss 0.9684 | acc 0.937 | lr 2.48e-04
  iter   750/3125 | loss 1.2348 | acc 0.936 | lr 2.47e-04
  iter   800/3125 | loss 1.1276 | acc 0.935 | lr 2.47e-04
  iter   850/3125 | loss 1.1736 | acc 0.935 | lr 2.47e-04
  iter   900/3125 | loss 1.2490 | acc 0.934 | lr 2.47e-04
  iter   950/3125 | loss 1.2017 | acc 0.934 | lr 2.47e-04
  iter  1000/3125 | loss 1.0399 | acc 0.933 | lr 2.47e-04
  iter  1050/3125 | loss 1.1211 | acc 0.933 | lr 2.47e-04
  iter  1100/3125 | loss 1.2751 | acc 0.932 | lr 2.47e-04
  iter  1150/3125 | loss 1.2220 | acc 0.932 | lr 2.47e-04
  iter  1200/3125 | loss 1.1460 | acc 0.932 | lr 2.47e-04
  iter  1250/3125 | loss 1.5066 | acc 0.932 | lr 2.47e-04
  iter  1300/3125 | loss 1.5235 | acc 0.932 | lr 2.47e-04
  iter  1350/3125 | loss 1.2321 | acc 0.931 | lr 2.47e-04
  iter  1400/3125 | loss 1.3410 | acc 0.931 | lr 2.47e-04
  iter  1450/3125 | loss 1.2035 | acc 0.930 | lr 2.47e-04
  iter  1500/3125 | loss 1.1018 | acc 0.930 | lr 2.47e-04
  iter  1550/3125 | loss 1.2268 | acc 0.930 | lr 2.47e-04
  iter  1600/3125 | loss 1.1036 | acc 0.930 | lr 2.47e-04
  iter  1650/3125 | loss 1.1650 | acc 0.930 | lr 2.47e-04
  iter  1700/3125 | loss 0.9645 | acc 0.930 | lr 2.47e-04
  iter  1750/3125 | loss 1.1650 | acc 0.929 | lr 2.47e-04
  iter  1800/3125 | loss 1.0241 | acc 0.929 | lr 2.47e-04
  iter  1850/3125 | loss 1.0009 | acc 0.929 | lr 2.47e-04
  iter  1900/3125 | loss 1.3592 | acc 0.928 | lr 2.47e-04
  iter  1950/3125 | loss 1.4749 | acc 0.928 | lr 2.47e-04
  iter  2000/3125 | loss 1.3301 | acc 0.928 | lr 2.47e-04
  iter  2050/3125 | loss 1.0048 | acc 0.927 | lr 2.47e-04
  iter  2100/3125 | loss 1.0935 | acc 0.927 | lr 2.47e-04
  iter  2150/3125 | loss 1.1321 | acc 0.927 | lr 2.47e-04
  iter  2200/3125 | loss 1.2394 | acc 0.926 | lr 2.47e-04
  iter  2250/3125 | loss 1.0720 | acc 0.926 | lr 2.47e-04
  iter  2300/3125 | loss 1.2939 | acc 0.926 | lr 2.47e-04
  iter  2350/3125 | loss 1.1003 | acc 0.926 | lr 2.47e-04
  iter  2400/3125 | loss 1.2269 | acc 0.926 | lr 2.46e-04
  iter  2450/3125 | loss 1.0527 | acc 0.926 | lr 2.46e-04
  iter  2500/3125 | loss 0.9421 | acc 0.925 | lr 2.46e-04
  iter  2550/3125 | loss 1.0403 | acc 0.925 | lr 2.46e-04
  iter  2600/3125 | loss 1.1324 | acc 0.925 | lr 2.46e-04
  iter  2650/3125 | loss 1.1496 | acc 0.925 | lr 2.46e-04
  iter  2700/3125 | loss 1.1483 | acc 0.924 | lr 2.46e-04
  iter  2750/3125 | loss 1.1361 | acc 0.924 | lr 2.46e-04
  iter  2800/3125 | loss 0.9921 | acc 0.924 | lr 2.46e-04
  iter  2850/3125 | loss 1.3326 | acc 0.924 | lr 2.46e-04
  iter  2900/3125 | loss 1.1401 | acc 0.924 | lr 2.46e-04
  iter  2950/3125 | loss 1.1066 | acc 0.923 | lr 2.46e-04
  iter  3000/3125 | loss 1.1296 | acc 0.923 | lr 2.46e-04
  iter  3050/3125 | loss 1.1975 | acc 0.923 | lr 2.46e-04
  iter  3100/3125 | loss 1.1312 | acc 0.923 | lr 2.46e-04
[Epoch 066] Train loss=1.1411, acc=0.9227 | opt_steps=3125
[Epoch 066] Val   loss=2.5198, acc=0.4959, lr=2.46e-04
  iter    50/3125 | loss 1.2369 | acc 0.940 | lr 2.46e-04
  iter   100/3125 | loss 1.1637 | acc 0.937 | lr 2.46e-04
  iter   150/3125 | loss 1.0400 | acc 0.939 | lr 2.46e-04
  iter   200/3125 | loss 1.1364 | acc 0.940 | lr 2.46e-04
  iter   250/3125 | loss 1.1185 | acc 0.941 | lr 2.46e-04
  iter   300/3125 | loss 1.1592 | acc 0.938 | lr 2.46e-04
  iter   350/3125 | loss 1.2278 | acc 0.937 | lr 2.46e-04
  iter   400/3125 | loss 1.1953 | acc 0.936 | lr 2.46e-04
  iter   450/3125 | loss 1.0669 | acc 0.935 | lr 2.46e-04
  iter   500/3125 | loss 1.0115 | acc 0.935 | lr 2.46e-04
  iter   550/3125 | loss 1.0476 | acc 0.935 | lr 2.46e-04
  iter   600/3125 | loss 0.9792 | acc 0.936 | lr 2.46e-04
  iter   650/3125 | loss 1.3589 | acc 0.936 | lr 2.46e-04
  iter   700/3125 | loss 1.1217 | acc 0.935 | lr 2.46e-04
  iter   750/3125 | loss 0.9420 | acc 0.935 | lr 2.46e-04
  iter   800/3125 | loss 1.1578 | acc 0.935 | lr 2.46e-04
  iter   850/3125 | loss 1.3278 | acc 0.934 | lr 2.46e-04
  iter   900/3125 | loss 1.2767 | acc 0.934 | lr 2.45e-04
  iter   950/3125 | loss 1.2229 | acc 0.933 | lr 2.45e-04
  iter  1000/3125 | loss 1.0173 | acc 0.934 | lr 2.45e-04
  iter  1050/3125 | loss 1.1690 | acc 0.933 | lr 2.45e-04
  iter  1100/3125 | loss 1.0193 | acc 0.933 | lr 2.45e-04
  iter  1150/3125 | loss 1.1769 | acc 0.932 | lr 2.45e-04
  iter  1200/3125 | loss 1.1588 | acc 0.932 | lr 2.45e-04
  iter  1250/3125 | loss 1.1909 | acc 0.932 | lr 2.45e-04
  iter  1300/3125 | loss 1.1554 | acc 0.931 | lr 2.45e-04
  iter  1350/3125 | loss 1.0487 | acc 0.931 | lr 2.45e-04
  iter  1400/3125 | loss 1.4339 | acc 0.931 | lr 2.45e-04
  iter  1450/3125 | loss 1.0727 | acc 0.931 | lr 2.45e-04
  iter  1500/3125 | loss 1.3870 | acc 0.930 | lr 2.45e-04
  iter  1550/3125 | loss 1.1130 | acc 0.930 | lr 2.45e-04
  iter  1600/3125 | loss 1.4264 | acc 0.930 | lr 2.45e-04
  iter  1650/3125 | loss 1.0312 | acc 0.930 | lr 2.45e-04
  iter  1700/3125 | loss 1.0579 | acc 0.929 | lr 2.45e-04
  iter  1750/3125 | loss 1.2511 | acc 0.929 | lr 2.45e-04
  iter  1800/3125 | loss 1.2749 | acc 0.929 | lr 2.45e-04
  iter  1850/3125 | loss 1.0628 | acc 0.929 | lr 2.45e-04
  iter  1900/3125 | loss 1.0719 | acc 0.928 | lr 2.45e-04
  iter  1950/3125 | loss 1.1120 | acc 0.928 | lr 2.45e-04
  iter  2000/3125 | loss 1.1605 | acc 0.928 | lr 2.45e-04
  iter  2050/3125 | loss 0.9683 | acc 0.927 | lr 2.45e-04
  iter  2100/3125 | loss 1.0515 | acc 0.927 | lr 2.45e-04
  iter  2150/3125 | loss 1.1055 | acc 0.927 | lr 2.45e-04
  iter  2200/3125 | loss 0.9944 | acc 0.927 | lr 2.45e-04
  iter  2250/3125 | loss 1.0331 | acc 0.927 | lr 2.45e-04
  iter  2300/3125 | loss 1.2155 | acc 0.926 | lr 2.45e-04
  iter  2350/3125 | loss 1.1372 | acc 0.926 | lr 2.45e-04
  iter  2400/3125 | loss 1.2220 | acc 0.926 | lr 2.45e-04
  iter  2450/3125 | loss 1.1815 | acc 0.925 | lr 2.45e-04
  iter  2500/3125 | loss 1.0854 | acc 0.925 | lr 2.45e-04
  iter  2550/3125 | loss 1.1058 | acc 0.925 | lr 2.44e-04
  iter  2600/3125 | loss 1.0264 | acc 0.924 | lr 2.44e-04
  iter  2650/3125 | loss 1.3411 | acc 0.924 | lr 2.44e-04
  iter  2700/3125 | loss 1.2170 | acc 0.924 | lr 2.44e-04
  iter  2750/3125 | loss 1.0082 | acc 0.924 | lr 2.44e-04
  iter  2800/3125 | loss 1.1349 | acc 0.924 | lr 2.44e-04
  iter  2850/3125 | loss 0.9897 | acc 0.924 | lr 2.44e-04
  iter  2900/3125 | loss 1.1503 | acc 0.923 | lr 2.44e-04
  iter  2950/3125 | loss 1.0438 | acc 0.923 | lr 2.44e-04
  iter  3000/3125 | loss 1.2709 | acc 0.923 | lr 2.44e-04
  iter  3050/3125 | loss 1.3051 | acc 0.923 | lr 2.44e-04
  iter  3100/3125 | loss 1.1749 | acc 0.922 | lr 2.44e-04
[Epoch 067] Train loss=1.1364, acc=0.9224 | opt_steps=3125
[Epoch 067] Val   loss=2.5253, acc=0.4995, lr=2.44e-04
  iter    50/3125 | loss 1.2002 | acc 0.942 | lr 2.44e-04
  iter   100/3125 | loss 1.0325 | acc 0.942 | lr 2.44e-04
  iter   150/3125 | loss 1.2113 | acc 0.941 | lr 2.44e-04
  iter   200/3125 | loss 0.9995 | acc 0.942 | lr 2.44e-04
  iter   250/3125 | loss 0.9786 | acc 0.941 | lr 2.44e-04
  iter   300/3125 | loss 1.0758 | acc 0.941 | lr 2.44e-04
  iter   350/3125 | loss 1.2901 | acc 0.941 | lr 2.44e-04
  iter   400/3125 | loss 1.0310 | acc 0.940 | lr 2.44e-04
  iter   450/3125 | loss 1.1671 | acc 0.939 | lr 2.44e-04
  iter   500/3125 | loss 1.1585 | acc 0.939 | lr 2.44e-04
  iter   550/3125 | loss 1.3187 | acc 0.939 | lr 2.44e-04
  iter   600/3125 | loss 1.1587 | acc 0.938 | lr 2.44e-04
  iter   650/3125 | loss 0.9616 | acc 0.938 | lr 2.44e-04
  iter   700/3125 | loss 1.1763 | acc 0.937 | lr 2.44e-04
  iter   750/3125 | loss 1.1534 | acc 0.936 | lr 2.44e-04
  iter   800/3125 | loss 1.1000 | acc 0.936 | lr 2.44e-04
  iter   850/3125 | loss 1.3043 | acc 0.936 | lr 2.44e-04
  iter   900/3125 | loss 1.0798 | acc 0.935 | lr 2.44e-04
  iter   950/3125 | loss 1.1854 | acc 0.935 | lr 2.44e-04
  iter  1000/3125 | loss 1.0796 | acc 0.935 | lr 2.44e-04
  iter  1050/3125 | loss 1.0450 | acc 0.934 | lr 2.43e-04
  iter  1100/3125 | loss 1.3097 | acc 0.934 | lr 2.43e-04
  iter  1150/3125 | loss 1.0722 | acc 0.933 | lr 2.43e-04
  iter  1200/3125 | loss 1.1967 | acc 0.933 | lr 2.43e-04
  iter  1250/3125 | loss 0.9979 | acc 0.932 | lr 2.43e-04
  iter  1300/3125 | loss 1.1371 | acc 0.932 | lr 2.43e-04
  iter  1350/3125 | loss 1.0789 | acc 0.932 | lr 2.43e-04
  iter  1400/3125 | loss 1.0170 | acc 0.932 | lr 2.43e-04
  iter  1450/3125 | loss 1.0805 | acc 0.931 | lr 2.43e-04
  iter  1500/3125 | loss 1.1966 | acc 0.931 | lr 2.43e-04
  iter  1550/3125 | loss 1.2076 | acc 0.931 | lr 2.43e-04
  iter  1600/3125 | loss 1.0281 | acc 0.930 | lr 2.43e-04
  iter  1650/3125 | loss 1.1125 | acc 0.930 | lr 2.43e-04
  iter  1700/3125 | loss 0.9974 | acc 0.930 | lr 2.43e-04
  iter  1750/3125 | loss 1.2462 | acc 0.930 | lr 2.43e-04
  iter  1800/3125 | loss 0.9286 | acc 0.930 | lr 2.43e-04
  iter  1850/3125 | loss 1.2416 | acc 0.929 | lr 2.43e-04
  iter  1900/3125 | loss 0.9639 | acc 0.929 | lr 2.43e-04
  iter  1950/3125 | loss 1.0234 | acc 0.929 | lr 2.43e-04
  iter  2000/3125 | loss 1.1370 | acc 0.928 | lr 2.43e-04
  iter  2050/3125 | loss 1.0956 | acc 0.928 | lr 2.43e-04
  iter  2100/3125 | loss 1.1828 | acc 0.928 | lr 2.43e-04
  iter  2150/3125 | loss 1.0301 | acc 0.928 | lr 2.43e-04
  iter  2200/3125 | loss 1.3723 | acc 0.928 | lr 2.43e-04
  iter  2250/3125 | loss 1.0425 | acc 0.927 | lr 2.43e-04
  iter  2300/3125 | loss 1.1417 | acc 0.927 | lr 2.43e-04
  iter  2350/3125 | loss 1.0097 | acc 0.927 | lr 2.43e-04
  iter  2400/3125 | loss 1.0991 | acc 0.926 | lr 2.43e-04
  iter  2450/3125 | loss 1.1890 | acc 0.926 | lr 2.43e-04
  iter  2500/3125 | loss 1.1495 | acc 0.926 | lr 2.43e-04
  iter  2550/3125 | loss 1.4120 | acc 0.926 | lr 2.43e-04
  iter  2600/3125 | loss 1.3615 | acc 0.926 | lr 2.43e-04
  iter  2650/3125 | loss 1.1053 | acc 0.925 | lr 2.42e-04
  iter  2700/3125 | loss 1.0150 | acc 0.925 | lr 2.42e-04
  iter  2750/3125 | loss 0.9874 | acc 0.925 | lr 2.42e-04
  iter  2800/3125 | loss 1.0768 | acc 0.925 | lr 2.42e-04
  iter  2850/3125 | loss 1.1469 | acc 0.925 | lr 2.42e-04
  iter  2900/3125 | loss 1.1161 | acc 0.924 | lr 2.42e-04
  iter  2950/3125 | loss 1.3132 | acc 0.924 | lr 2.42e-04
  iter  3000/3125 | loss 1.1965 | acc 0.924 | lr 2.42e-04
  iter  3050/3125 | loss 1.1153 | acc 0.924 | lr 2.42e-04
  iter  3100/3125 | loss 1.1692 | acc 0.923 | lr 2.42e-04
[Epoch 068] Train loss=1.1345, acc=0.9231 | opt_steps=3125
[Epoch 068] Val   loss=2.5293, acc=0.4992, lr=2.42e-04
  iter    50/3125 | loss 1.1331 | acc 0.946 | lr 2.42e-04
  iter   100/3125 | loss 1.1678 | acc 0.945 | lr 2.42e-04
  iter   150/3125 | loss 0.9311 | acc 0.944 | lr 2.42e-04
  iter   200/3125 | loss 1.1254 | acc 0.942 | lr 2.42e-04
  iter   250/3125 | loss 1.0837 | acc 0.942 | lr 2.42e-04
  iter   300/3125 | loss 1.1429 | acc 0.941 | lr 2.42e-04
  iter   350/3125 | loss 1.2543 | acc 0.941 | lr 2.42e-04
  iter   400/3125 | loss 1.6037 | acc 0.941 | lr 2.42e-04
  iter   450/3125 | loss 1.0741 | acc 0.939 | lr 2.42e-04
  iter   500/3125 | loss 1.1158 | acc 0.939 | lr 2.42e-04
  iter   550/3125 | loss 1.1503 | acc 0.939 | lr 2.42e-04
  iter   600/3125 | loss 1.0840 | acc 0.939 | lr 2.42e-04
  iter   650/3125 | loss 1.0313 | acc 0.939 | lr 2.42e-04
  iter   700/3125 | loss 1.3698 | acc 0.938 | lr 2.42e-04
  iter   750/3125 | loss 1.0866 | acc 0.938 | lr 2.42e-04
  iter   800/3125 | loss 1.1177 | acc 0.937 | lr 2.42e-04
  iter   850/3125 | loss 1.1204 | acc 0.937 | lr 2.42e-04
  iter   900/3125 | loss 1.3608 | acc 0.936 | lr 2.42e-04
  iter   950/3125 | loss 1.1383 | acc 0.935 | lr 2.42e-04
  iter  1000/3125 | loss 1.1636 | acc 0.935 | lr 2.42e-04
  iter  1050/3125 | loss 1.1031 | acc 0.934 | lr 2.42e-04
  iter  1100/3125 | loss 1.0739 | acc 0.933 | lr 2.41e-04
  iter  1150/3125 | loss 1.0871 | acc 0.933 | lr 2.41e-04
  iter  1200/3125 | loss 1.1530 | acc 0.933 | lr 2.41e-04
  iter  1250/3125 | loss 1.0692 | acc 0.933 | lr 2.41e-04
  iter  1300/3125 | loss 1.2512 | acc 0.933 | lr 2.41e-04
  iter  1350/3125 | loss 1.0279 | acc 0.933 | lr 2.41e-04
  iter  1400/3125 | loss 1.0299 | acc 0.933 | lr 2.41e-04
  iter  1450/3125 | loss 1.1093 | acc 0.932 | lr 2.41e-04
  iter  1500/3125 | loss 1.1950 | acc 0.932 | lr 2.41e-04
  iter  1550/3125 | loss 1.0198 | acc 0.932 | lr 2.41e-04
  iter  1600/3125 | loss 1.1323 | acc 0.932 | lr 2.41e-04
  iter  1650/3125 | loss 1.3129 | acc 0.931 | lr 2.41e-04
  iter  1700/3125 | loss 0.9839 | acc 0.931 | lr 2.41e-04
  iter  1750/3125 | loss 1.0885 | acc 0.931 | lr 2.41e-04
  iter  1800/3125 | loss 1.1671 | acc 0.930 | lr 2.41e-04
  iter  1850/3125 | loss 1.0514 | acc 0.930 | lr 2.41e-04
  iter  1900/3125 | loss 1.0761 | acc 0.930 | lr 2.41e-04
  iter  1950/3125 | loss 1.1986 | acc 0.930 | lr 2.41e-04
  iter  2000/3125 | loss 1.1152 | acc 0.929 | lr 2.41e-04
  iter  2050/3125 | loss 1.1554 | acc 0.929 | lr 2.41e-04
  iter  2100/3125 | loss 1.1804 | acc 0.929 | lr 2.41e-04
  iter  2150/3125 | loss 0.9957 | acc 0.929 | lr 2.41e-04
  iter  2200/3125 | loss 1.2814 | acc 0.928 | lr 2.41e-04
  iter  2250/3125 | loss 1.0476 | acc 0.928 | lr 2.41e-04
  iter  2300/3125 | loss 1.1937 | acc 0.928 | lr 2.41e-04
  iter  2350/3125 | loss 1.3835 | acc 0.927 | lr 2.41e-04
  iter  2400/3125 | loss 1.2106 | acc 0.927 | lr 2.41e-04
  iter  2450/3125 | loss 1.0536 | acc 0.927 | lr 2.41e-04
  iter  2500/3125 | loss 1.0960 | acc 0.927 | lr 2.41e-04
  iter  2550/3125 | loss 1.0959 | acc 0.927 | lr 2.41e-04
  iter  2600/3125 | loss 1.0257 | acc 0.926 | lr 2.41e-04
  iter  2650/3125 | loss 1.1654 | acc 0.926 | lr 2.41e-04
  iter  2700/3125 | loss 1.3776 | acc 0.926 | lr 2.40e-04
  iter  2750/3125 | loss 1.1105 | acc 0.925 | lr 2.40e-04
  iter  2800/3125 | loss 1.1135 | acc 0.925 | lr 2.40e-04
  iter  2850/3125 | loss 1.3493 | acc 0.925 | lr 2.40e-04
  iter  2900/3125 | loss 1.1253 | acc 0.925 | lr 2.40e-04
  iter  2950/3125 | loss 1.1700 | acc 0.925 | lr 2.40e-04
  iter  3000/3125 | loss 1.1751 | acc 0.924 | lr 2.40e-04
  iter  3050/3125 | loss 1.1850 | acc 0.924 | lr 2.40e-04
  iter  3100/3125 | loss 1.0791 | acc 0.924 | lr 2.40e-04
[Epoch 069] Train loss=1.1334, acc=0.9235 | opt_steps=3125
[Epoch 069] Val   loss=2.5343, acc=0.4995, lr=2.40e-04
  iter    50/3125 | loss 1.3624 | acc 0.944 | lr 2.40e-04
  iter   100/3125 | loss 1.1590 | acc 0.939 | lr 2.40e-04
  iter   150/3125 | loss 0.9817 | acc 0.942 | lr 2.40e-04
  iter   200/3125 | loss 1.0068 | acc 0.944 | lr 2.40e-04
  iter   250/3125 | loss 0.9708 | acc 0.943 | lr 2.40e-04
  iter   300/3125 | loss 1.0620 | acc 0.940 | lr 2.40e-04
  iter   350/3125 | loss 1.1839 | acc 0.939 | lr 2.40e-04
  iter   400/3125 | loss 1.1075 | acc 0.939 | lr 2.40e-04
  iter   450/3125 | loss 0.9787 | acc 0.939 | lr 2.40e-04
  iter   500/3125 | loss 1.1352 | acc 0.939 | lr 2.40e-04
  iter   550/3125 | loss 1.1443 | acc 0.938 | lr 2.40e-04
  iter   600/3125 | loss 1.1464 | acc 0.938 | lr 2.40e-04
  iter   650/3125 | loss 1.1694 | acc 0.937 | lr 2.40e-04
  iter   700/3125 | loss 0.9844 | acc 0.937 | lr 2.40e-04
  iter   750/3125 | loss 1.0270 | acc 0.937 | lr 2.40e-04
  iter   800/3125 | loss 1.2126 | acc 0.937 | lr 2.40e-04
  iter   850/3125 | loss 1.1213 | acc 0.937 | lr 2.40e-04
  iter   900/3125 | loss 1.0882 | acc 0.937 | lr 2.40e-04
  iter   950/3125 | loss 1.0385 | acc 0.936 | lr 2.40e-04
  iter  1000/3125 | loss 1.1635 | acc 0.936 | lr 2.40e-04
  iter  1050/3125 | loss 1.2329 | acc 0.935 | lr 2.40e-04
  iter  1100/3125 | loss 1.1989 | acc 0.935 | lr 2.40e-04
  iter  1150/3125 | loss 1.4276 | acc 0.934 | lr 2.39e-04
  iter  1200/3125 | loss 1.0363 | acc 0.934 | lr 2.39e-04
  iter  1250/3125 | loss 1.0978 | acc 0.933 | lr 2.39e-04
  iter  1300/3125 | loss 1.0967 | acc 0.933 | lr 2.39e-04
  iter  1350/3125 | loss 1.1704 | acc 0.932 | lr 2.39e-04
  iter  1400/3125 | loss 1.1652 | acc 0.932 | lr 2.39e-04
  iter  1450/3125 | loss 1.1037 | acc 0.933 | lr 2.39e-04
  iter  1500/3125 | loss 0.9902 | acc 0.932 | lr 2.39e-04
  iter  1550/3125 | loss 1.1343 | acc 0.932 | lr 2.39e-04
  iter  1600/3125 | loss 1.3176 | acc 0.932 | lr 2.39e-04
  iter  1650/3125 | loss 1.1189 | acc 0.931 | lr 2.39e-04
  iter  1700/3125 | loss 1.1115 | acc 0.931 | lr 2.39e-04
  iter  1750/3125 | loss 0.9309 | acc 0.931 | lr 2.39e-04
  iter  1800/3125 | loss 1.2006 | acc 0.931 | lr 2.39e-04
  iter  1850/3125 | loss 1.1867 | acc 0.931 | lr 2.39e-04
  iter  1900/3125 | loss 1.1399 | acc 0.930 | lr 2.39e-04
  iter  1950/3125 | loss 1.0593 | acc 0.930 | lr 2.39e-04
  iter  2000/3125 | loss 1.1020 | acc 0.930 | lr 2.39e-04
  iter  2050/3125 | loss 1.2864 | acc 0.929 | lr 2.39e-04
  iter  2100/3125 | loss 0.9196 | acc 0.929 | lr 2.39e-04
  iter  2150/3125 | loss 1.1609 | acc 0.929 | lr 2.39e-04
  iter  2200/3125 | loss 1.2322 | acc 0.929 | lr 2.39e-04
  iter  2250/3125 | loss 1.2991 | acc 0.929 | lr 2.39e-04
  iter  2300/3125 | loss 1.0154 | acc 0.929 | lr 2.39e-04
  iter  2350/3125 | loss 1.4273 | acc 0.928 | lr 2.39e-04
  iter  2400/3125 | loss 1.1901 | acc 0.928 | lr 2.39e-04
  iter  2450/3125 | loss 1.0968 | acc 0.928 | lr 2.39e-04
  iter  2500/3125 | loss 1.1866 | acc 0.927 | lr 2.39e-04
  iter  2550/3125 | loss 1.1301 | acc 0.927 | lr 2.39e-04
  iter  2600/3125 | loss 0.9933 | acc 0.927 | lr 2.39e-04
  iter  2650/3125 | loss 1.2731 | acc 0.927 | lr 2.39e-04
  iter  2700/3125 | loss 1.0998 | acc 0.927 | lr 2.39e-04
  iter  2750/3125 | loss 1.3807 | acc 0.926 | lr 2.38e-04
  iter  2800/3125 | loss 1.1688 | acc 0.926 | lr 2.38e-04
  iter  2850/3125 | loss 1.2192 | acc 0.926 | lr 2.38e-04
  iter  2900/3125 | loss 1.0792 | acc 0.926 | lr 2.38e-04
  iter  2950/3125 | loss 1.0849 | acc 0.925 | lr 2.38e-04
  iter  3000/3125 | loss 1.1627 | acc 0.925 | lr 2.38e-04
  iter  3050/3125 | loss 1.0988 | acc 0.925 | lr 2.38e-04
  iter  3100/3125 | loss 1.1845 | acc 0.925 | lr 2.38e-04
[Epoch 070] Train loss=1.1277, acc=0.9247 | opt_steps=3125
[Epoch 070] Val   loss=2.5359, acc=0.4965, lr=2.38e-04
  iter    50/3125 | loss 0.9130 | acc 0.934 | lr 2.38e-04
  iter   100/3125 | loss 1.1017 | acc 0.938 | lr 2.38e-04
  iter   150/3125 | loss 1.2591 | acc 0.939 | lr 2.38e-04
  iter   200/3125 | loss 1.0240 | acc 0.941 | lr 2.38e-04
  iter   250/3125 | loss 1.1549 | acc 0.941 | lr 2.38e-04
  iter   300/3125 | loss 1.1270 | acc 0.939 | lr 2.38e-04
  iter   350/3125 | loss 0.9419 | acc 0.939 | lr 2.38e-04
  iter   400/3125 | loss 1.2311 | acc 0.938 | lr 2.38e-04
  iter   450/3125 | loss 1.0779 | acc 0.938 | lr 2.38e-04
  iter   500/3125 | loss 1.1578 | acc 0.937 | lr 2.38e-04
  iter   550/3125 | loss 1.1305 | acc 0.936 | lr 2.38e-04
  iter   600/3125 | loss 1.2521 | acc 0.936 | lr 2.38e-04
  iter   650/3125 | loss 1.1200 | acc 0.937 | lr 2.38e-04
  iter   700/3125 | loss 1.2451 | acc 0.936 | lr 2.38e-04
  iter   750/3125 | loss 1.0933 | acc 0.935 | lr 2.38e-04
  iter   800/3125 | loss 0.9877 | acc 0.935 | lr 2.38e-04
  iter   850/3125 | loss 1.1301 | acc 0.935 | lr 2.38e-04
  iter   900/3125 | loss 1.0094 | acc 0.934 | lr 2.38e-04
  iter   950/3125 | loss 1.2269 | acc 0.934 | lr 2.38e-04
  iter  1000/3125 | loss 1.1159 | acc 0.934 | lr 2.38e-04
  iter  1050/3125 | loss 1.1032 | acc 0.934 | lr 2.38e-04
  iter  1100/3125 | loss 1.3008 | acc 0.934 | lr 2.38e-04
  iter  1150/3125 | loss 1.6486 | acc 0.934 | lr 2.37e-04
  iter  1200/3125 | loss 1.0534 | acc 0.933 | lr 2.37e-04
  iter  1250/3125 | loss 0.9846 | acc 0.933 | lr 2.37e-04
  iter  1300/3125 | loss 1.2578 | acc 0.932 | lr 2.37e-04
  iter  1350/3125 | loss 1.1911 | acc 0.932 | lr 2.37e-04
  iter  1400/3125 | loss 1.2069 | acc 0.933 | lr 2.37e-04
  iter  1450/3125 | loss 1.0954 | acc 0.932 | lr 2.37e-04
  iter  1500/3125 | loss 1.0141 | acc 0.932 | lr 2.37e-04
  iter  1550/3125 | loss 0.9930 | acc 0.932 | lr 2.37e-04
  iter  1600/3125 | loss 1.0507 | acc 0.931 | lr 2.37e-04
  iter  1650/3125 | loss 1.1361 | acc 0.931 | lr 2.37e-04
  iter  1700/3125 | loss 1.0548 | acc 0.931 | lr 2.37e-04
  iter  1750/3125 | loss 1.1918 | acc 0.931 | lr 2.37e-04
  iter  1800/3125 | loss 1.2332 | acc 0.930 | lr 2.37e-04
  iter  1850/3125 | loss 1.1066 | acc 0.930 | lr 2.37e-04
  iter  1900/3125 | loss 0.9918 | acc 0.930 | lr 2.37e-04
  iter  1950/3125 | loss 1.0967 | acc 0.930 | lr 2.37e-04
  iter  2000/3125 | loss 1.2456 | acc 0.929 | lr 2.37e-04
  iter  2050/3125 | loss 1.1766 | acc 0.929 | lr 2.37e-04
  iter  2100/3125 | loss 1.1999 | acc 0.929 | lr 2.37e-04
  iter  2150/3125 | loss 1.1420 | acc 0.928 | lr 2.37e-04
  iter  2200/3125 | loss 1.0003 | acc 0.928 | lr 2.37e-04
  iter  2250/3125 | loss 1.1169 | acc 0.928 | lr 2.37e-04
  iter  2300/3125 | loss 1.2064 | acc 0.928 | lr 2.37e-04
  iter  2350/3125 | loss 1.0886 | acc 0.928 | lr 2.37e-04
  iter  2400/3125 | loss 1.1878 | acc 0.927 | lr 2.37e-04
  iter  2450/3125 | loss 1.0311 | acc 0.927 | lr 2.37e-04
  iter  2500/3125 | loss 1.0712 | acc 0.927 | lr 2.37e-04
  iter  2550/3125 | loss 1.1366 | acc 0.927 | lr 2.37e-04
  iter  2600/3125 | loss 1.0119 | acc 0.927 | lr 2.37e-04
  iter  2650/3125 | loss 1.0297 | acc 0.927 | lr 2.37e-04
  iter  2700/3125 | loss 1.0541 | acc 0.926 | lr 2.36e-04
  iter  2750/3125 | loss 1.1291 | acc 0.926 | lr 2.36e-04
  iter  2800/3125 | loss 1.3138 | acc 0.926 | lr 2.36e-04
  iter  2850/3125 | loss 1.0339 | acc 0.926 | lr 2.36e-04
  iter  2900/3125 | loss 1.1368 | acc 0.926 | lr 2.36e-04
  iter  2950/3125 | loss 1.4521 | acc 0.925 | lr 2.36e-04
  iter  3000/3125 | loss 1.2118 | acc 0.925 | lr 2.36e-04
  iter  3050/3125 | loss 1.3116 | acc 0.925 | lr 2.36e-04
  iter  3100/3125 | loss 1.2920 | acc 0.925 | lr 2.36e-04
[Epoch 071] Train loss=1.1274, acc=0.9247 | opt_steps=3125
[Epoch 071] Val   loss=2.5390, acc=0.4969, lr=2.36e-04
  iter    50/3125 | loss 1.0956 | acc 0.943 | lr 2.36e-04
  iter   100/3125 | loss 1.1961 | acc 0.946 | lr 2.36e-04
  iter   150/3125 | loss 1.0284 | acc 0.946 | lr 2.36e-04
  iter   200/3125 | loss 1.1440 | acc 0.944 | lr 2.36e-04
  iter   250/3125 | loss 1.1055 | acc 0.943 | lr 2.36e-04
  iter   300/3125 | loss 1.3740 | acc 0.939 | lr 2.36e-04
  iter   350/3125 | loss 1.0915 | acc 0.938 | lr 2.36e-04
  iter   400/3125 | loss 1.0755 | acc 0.938 | lr 2.36e-04
  iter   450/3125 | loss 0.9740 | acc 0.937 | lr 2.36e-04
  iter   500/3125 | loss 0.9989 | acc 0.937 | lr 2.36e-04
  iter   550/3125 | loss 1.2002 | acc 0.936 | lr 2.36e-04
  iter   600/3125 | loss 0.9980 | acc 0.936 | lr 2.36e-04
  iter   650/3125 | loss 1.0411 | acc 0.935 | lr 2.36e-04
  iter   700/3125 | loss 1.0740 | acc 0.935 | lr 2.36e-04
  iter   750/3125 | loss 1.2006 | acc 0.935 | lr 2.36e-04
  iter   800/3125 | loss 1.0642 | acc 0.934 | lr 2.36e-04
  iter   850/3125 | loss 1.0376 | acc 0.935 | lr 2.36e-04
  iter   900/3125 | loss 1.4471 | acc 0.935 | lr 2.36e-04
  iter   950/3125 | loss 0.9716 | acc 0.934 | lr 2.36e-04
  iter  1000/3125 | loss 0.9822 | acc 0.934 | lr 2.36e-04
  iter  1050/3125 | loss 1.0512 | acc 0.934 | lr 2.36e-04
  iter  1100/3125 | loss 1.0426 | acc 0.934 | lr 2.36e-04
  iter  1150/3125 | loss 0.9460 | acc 0.934 | lr 2.35e-04
  iter  1200/3125 | loss 1.1557 | acc 0.934 | lr 2.35e-04
  iter  1250/3125 | loss 1.5282 | acc 0.933 | lr 2.35e-04
  iter  1300/3125 | loss 1.1314 | acc 0.933 | lr 2.35e-04
  iter  1350/3125 | loss 1.0115 | acc 0.933 | lr 2.35e-04
  iter  1400/3125 | loss 1.0118 | acc 0.933 | lr 2.35e-04
  iter  1450/3125 | loss 1.2872 | acc 0.933 | lr 2.35e-04
  iter  1500/3125 | loss 1.1398 | acc 0.932 | lr 2.35e-04
  iter  1550/3125 | loss 1.1832 | acc 0.932 | lr 2.35e-04
  iter  1600/3125 | loss 1.1530 | acc 0.932 | lr 2.35e-04
  iter  1650/3125 | loss 0.9749 | acc 0.932 | lr 2.35e-04
  iter  1700/3125 | loss 1.4847 | acc 0.932 | lr 2.35e-04
  iter  1750/3125 | loss 1.0877 | acc 0.932 | lr 2.35e-04
  iter  1800/3125 | loss 0.9649 | acc 0.931 | lr 2.35e-04
  iter  1850/3125 | loss 1.1709 | acc 0.931 | lr 2.35e-04
  iter  1900/3125 | loss 1.3233 | acc 0.931 | lr 2.35e-04
  iter  1950/3125 | loss 1.3310 | acc 0.930 | lr 2.35e-04
  iter  2000/3125 | loss 1.2034 | acc 0.930 | lr 2.35e-04
  iter  2050/3125 | loss 1.1704 | acc 0.930 | lr 2.35e-04
  iter  2100/3125 | loss 1.1001 | acc 0.930 | lr 2.35e-04
  iter  2150/3125 | loss 1.2621 | acc 0.929 | lr 2.35e-04
  iter  2200/3125 | loss 1.1328 | acc 0.929 | lr 2.35e-04
  iter  2250/3125 | loss 1.1560 | acc 0.929 | lr 2.35e-04
  iter  2300/3125 | loss 1.0247 | acc 0.928 | lr 2.35e-04
  iter  2350/3125 | loss 1.3147 | acc 0.928 | lr 2.35e-04
  iter  2400/3125 | loss 1.1438 | acc 0.928 | lr 2.35e-04
  iter  2450/3125 | loss 1.1530 | acc 0.928 | lr 2.35e-04
  iter  2500/3125 | loss 1.1135 | acc 0.928 | lr 2.35e-04
  iter  2550/3125 | loss 1.0157 | acc 0.927 | lr 2.35e-04
  iter  2600/3125 | loss 1.2506 | acc 0.927 | lr 2.35e-04
  iter  2650/3125 | loss 1.0787 | acc 0.927 | lr 2.34e-04
  iter  2700/3125 | loss 1.1473 | acc 0.927 | lr 2.34e-04
  iter  2750/3125 | loss 1.0142 | acc 0.927 | lr 2.34e-04
  iter  2800/3125 | loss 1.1630 | acc 0.926 | lr 2.34e-04
  iter  2850/3125 | loss 1.0100 | acc 0.926 | lr 2.34e-04
  iter  2900/3125 | loss 1.1226 | acc 0.926 | lr 2.34e-04
  iter  2950/3125 | loss 1.0011 | acc 0.926 | lr 2.34e-04
  iter  3000/3125 | loss 1.1610 | acc 0.925 | lr 2.34e-04
  iter  3050/3125 | loss 1.1256 | acc 0.925 | lr 2.34e-04
  iter  3100/3125 | loss 1.0329 | acc 0.925 | lr 2.34e-04
[Epoch 072] Train loss=1.1249, acc=0.9252 | opt_steps=3125
[Epoch 072] Val   loss=2.5446, acc=0.4959, lr=2.34e-04
  iter    50/3125 | loss 1.0016 | acc 0.936 | lr 2.34e-04
  iter   100/3125 | loss 1.0755 | acc 0.943 | lr 2.34e-04
  iter   150/3125 | loss 1.1377 | acc 0.941 | lr 2.34e-04
  iter   200/3125 | loss 1.0214 | acc 0.940 | lr 2.34e-04
  iter   250/3125 | loss 1.1964 | acc 0.941 | lr 2.34e-04
  iter   300/3125 | loss 1.0941 | acc 0.940 | lr 2.34e-04
  iter   350/3125 | loss 1.0645 | acc 0.941 | lr 2.34e-04
  iter   400/3125 | loss 1.1595 | acc 0.941 | lr 2.34e-04
  iter   450/3125 | loss 0.9558 | acc 0.941 | lr 2.34e-04
  iter   500/3125 | loss 0.9538 | acc 0.941 | lr 2.34e-04
  iter   550/3125 | loss 1.1061 | acc 0.941 | lr 2.34e-04
  iter   600/3125 | loss 1.0507 | acc 0.940 | lr 2.34e-04
  iter   650/3125 | loss 1.0243 | acc 0.939 | lr 2.34e-04
  iter   700/3125 | loss 0.9217 | acc 0.939 | lr 2.34e-04
  iter   750/3125 | loss 1.0272 | acc 0.939 | lr 2.34e-04
  iter   800/3125 | loss 1.1039 | acc 0.938 | lr 2.34e-04
  iter   850/3125 | loss 0.9388 | acc 0.938 | lr 2.34e-04
  iter   900/3125 | loss 1.1009 | acc 0.938 | lr 2.34e-04
  iter   950/3125 | loss 1.0443 | acc 0.937 | lr 2.34e-04
  iter  1000/3125 | loss 1.2659 | acc 0.936 | lr 2.34e-04
  iter  1050/3125 | loss 1.0548 | acc 0.936 | lr 2.34e-04
  iter  1100/3125 | loss 0.9664 | acc 0.936 | lr 2.33e-04
  iter  1150/3125 | loss 1.4351 | acc 0.936 | lr 2.33e-04
  iter  1200/3125 | loss 1.1384 | acc 0.936 | lr 2.33e-04
  iter  1250/3125 | loss 1.1001 | acc 0.935 | lr 2.33e-04
  iter  1300/3125 | loss 1.0638 | acc 0.935 | lr 2.33e-04
  iter  1350/3125 | loss 1.2270 | acc 0.935 | lr 2.33e-04
  iter  1400/3125 | loss 1.0802 | acc 0.934 | lr 2.33e-04
  iter  1450/3125 | loss 1.0826 | acc 0.935 | lr 2.33e-04
  iter  1500/3125 | loss 0.9960 | acc 0.934 | lr 2.33e-04
  iter  1550/3125 | loss 1.1222 | acc 0.934 | lr 2.33e-04
  iter  1600/3125 | loss 1.1102 | acc 0.934 | lr 2.33e-04
  iter  1650/3125 | loss 1.0414 | acc 0.934 | lr 2.33e-04
  iter  1700/3125 | loss 1.1405 | acc 0.933 | lr 2.33e-04
  iter  1750/3125 | loss 1.2172 | acc 0.933 | lr 2.33e-04
  iter  1800/3125 | loss 1.1135 | acc 0.933 | lr 2.33e-04
  iter  1850/3125 | loss 1.0086 | acc 0.933 | lr 2.33e-04
  iter  1900/3125 | loss 1.1271 | acc 0.932 | lr 2.33e-04
  iter  1950/3125 | loss 1.1001 | acc 0.932 | lr 2.33e-04
  iter  2000/3125 | loss 1.2421 | acc 0.932 | lr 2.33e-04
  iter  2050/3125 | loss 0.9822 | acc 0.932 | lr 2.33e-04
  iter  2100/3125 | loss 1.1144 | acc 0.932 | lr 2.33e-04
  iter  2150/3125 | loss 1.1194 | acc 0.932 | lr 2.33e-04
  iter  2200/3125 | loss 1.2397 | acc 0.931 | lr 2.33e-04
  iter  2250/3125 | loss 1.3723 | acc 0.931 | lr 2.33e-04
  iter  2300/3125 | loss 1.1308 | acc 0.931 | lr 2.33e-04
  iter  2350/3125 | loss 1.2040 | acc 0.930 | lr 2.33e-04
  iter  2400/3125 | loss 1.2673 | acc 0.931 | lr 2.33e-04
  iter  2450/3125 | loss 1.0489 | acc 0.930 | lr 2.33e-04
  iter  2500/3125 | loss 1.1404 | acc 0.930 | lr 2.33e-04
  iter  2550/3125 | loss 0.9485 | acc 0.930 | lr 2.33e-04
  iter  2600/3125 | loss 1.0720 | acc 0.930 | lr 2.32e-04
  iter  2650/3125 | loss 1.3620 | acc 0.930 | lr 2.32e-04
  iter  2700/3125 | loss 0.9931 | acc 0.929 | lr 2.32e-04
  iter  2750/3125 | loss 1.1257 | acc 0.929 | lr 2.32e-04
  iter  2800/3125 | loss 1.2238 | acc 0.929 | lr 2.32e-04
  iter  2850/3125 | loss 1.1048 | acc 0.929 | lr 2.32e-04
  iter  2900/3125 | loss 1.0552 | acc 0.928 | lr 2.32e-04
  iter  2950/3125 | loss 1.3104 | acc 0.928 | lr 2.32e-04
  iter  3000/3125 | loss 1.3698 | acc 0.928 | lr 2.32e-04
  iter  3050/3125 | loss 0.9892 | acc 0.927 | lr 2.32e-04
  iter  3100/3125 | loss 1.2700 | acc 0.927 | lr 2.32e-04
[Epoch 073] Train loss=1.1182, acc=0.9272 | opt_steps=3125
[Epoch 073] Val   loss=2.5474, acc=0.4955, lr=2.32e-04
  iter    50/3125 | loss 1.2922 | acc 0.943 | lr 2.32e-04
  iter   100/3125 | loss 1.0668 | acc 0.944 | lr 2.32e-04
  iter   150/3125 | loss 0.9575 | acc 0.944 | lr 2.32e-04
  iter   200/3125 | loss 1.0011 | acc 0.942 | lr 2.32e-04
  iter   250/3125 | loss 1.0246 | acc 0.941 | lr 2.32e-04
  iter   300/3125 | loss 1.2518 | acc 0.941 | lr 2.32e-04
  iter   350/3125 | loss 1.1021 | acc 0.941 | lr 2.32e-04
  iter   400/3125 | loss 1.0071 | acc 0.940 | lr 2.32e-04
  iter   450/3125 | loss 0.9921 | acc 0.941 | lr 2.32e-04
  iter   500/3125 | loss 1.2047 | acc 0.941 | lr 2.32e-04
  iter   550/3125 | loss 1.0481 | acc 0.941 | lr 2.32e-04
  iter   600/3125 | loss 0.9883 | acc 0.941 | lr 2.32e-04
  iter   650/3125 | loss 0.9196 | acc 0.941 | lr 2.32e-04
  iter   700/3125 | loss 1.1243 | acc 0.941 | lr 2.32e-04
  iter   750/3125 | loss 0.8955 | acc 0.941 | lr 2.32e-04
  iter   800/3125 | loss 1.1539 | acc 0.940 | lr 2.32e-04
  iter   850/3125 | loss 1.2393 | acc 0.940 | lr 2.32e-04
  iter   900/3125 | loss 0.9562 | acc 0.940 | lr 2.32e-04
  iter   950/3125 | loss 0.9790 | acc 0.940 | lr 2.32e-04
  iter  1000/3125 | loss 1.0110 | acc 0.940 | lr 2.31e-04
  iter  1050/3125 | loss 1.2724 | acc 0.939 | lr 2.31e-04
  iter  1100/3125 | loss 1.0512 | acc 0.939 | lr 2.31e-04
  iter  1150/3125 | loss 1.1118 | acc 0.938 | lr 2.31e-04
  iter  1200/3125 | loss 1.3465 | acc 0.938 | lr 2.31e-04
  iter  1250/3125 | loss 1.0970 | acc 0.937 | lr 2.31e-04
  iter  1300/3125 | loss 1.0566 | acc 0.937 | lr 2.31e-04
  iter  1350/3125 | loss 1.1581 | acc 0.937 | lr 2.31e-04
  iter  1400/3125 | loss 1.1341 | acc 0.937 | lr 2.31e-04
  iter  1450/3125 | loss 1.2051 | acc 0.937 | lr 2.31e-04
  iter  1500/3125 | loss 1.0195 | acc 0.937 | lr 2.31e-04
  iter  1550/3125 | loss 1.1610 | acc 0.937 | lr 2.31e-04
  iter  1600/3125 | loss 1.1031 | acc 0.936 | lr 2.31e-04
  iter  1650/3125 | loss 1.0312 | acc 0.936 | lr 2.31e-04
  iter  1700/3125 | loss 1.0416 | acc 0.935 | lr 2.31e-04
  iter  1750/3125 | loss 0.9797 | acc 0.935 | lr 2.31e-04
  iter  1800/3125 | loss 1.1687 | acc 0.935 | lr 2.31e-04
  iter  1850/3125 | loss 1.0369 | acc 0.935 | lr 2.31e-04
  iter  1900/3125 | loss 1.2606 | acc 0.934 | lr 2.31e-04
  iter  1950/3125 | loss 0.9812 | acc 0.934 | lr 2.31e-04
  iter  2000/3125 | loss 1.1093 | acc 0.934 | lr 2.31e-04
  iter  2050/3125 | loss 1.1270 | acc 0.934 | lr 2.31e-04
  iter  2100/3125 | loss 1.2211 | acc 0.933 | lr 2.31e-04
  iter  2150/3125 | loss 1.0578 | acc 0.933 | lr 2.31e-04
  iter  2200/3125 | loss 1.1531 | acc 0.933 | lr 2.31e-04
  iter  2250/3125 | loss 1.4008 | acc 0.933 | lr 2.31e-04
  iter  2300/3125 | loss 1.0212 | acc 0.932 | lr 2.31e-04
  iter  2350/3125 | loss 1.2011 | acc 0.932 | lr 2.31e-04
  iter  2400/3125 | loss 1.0747 | acc 0.931 | lr 2.31e-04
  iter  2450/3125 | loss 1.2150 | acc 0.932 | lr 2.31e-04
  iter  2500/3125 | loss 1.2935 | acc 0.931 | lr 2.30e-04
  iter  2550/3125 | loss 1.1529 | acc 0.931 | lr 2.30e-04
  iter  2600/3125 | loss 1.0724 | acc 0.931 | lr 2.30e-04
  iter  2650/3125 | loss 1.3930 | acc 0.931 | lr 2.30e-04
  iter  2700/3125 | loss 1.2048 | acc 0.930 | lr 2.30e-04
  iter  2750/3125 | loss 1.2638 | acc 0.930 | lr 2.30e-04
  iter  2800/3125 | loss 1.1443 | acc 0.930 | lr 2.30e-04
  iter  2850/3125 | loss 1.4989 | acc 0.930 | lr 2.30e-04
  iter  2900/3125 | loss 0.9891 | acc 0.930 | lr 2.30e-04
  iter  2950/3125 | loss 0.9629 | acc 0.930 | lr 2.30e-04
  iter  3000/3125 | loss 0.9513 | acc 0.929 | lr 2.30e-04
  iter  3050/3125 | loss 1.4901 | acc 0.929 | lr 2.30e-04
  iter  3100/3125 | loss 1.3390 | acc 0.929 | lr 2.30e-04
[Epoch 074] Train loss=1.1136, acc=0.9291 | opt_steps=3125
[Epoch 074] Val   loss=2.5441, acc=0.4986, lr=2.30e-04
  iter    50/3125 | loss 1.1994 | acc 0.942 | lr 2.30e-04
  iter   100/3125 | loss 1.0811 | acc 0.942 | lr 2.30e-04
  iter   150/3125 | loss 1.1264 | acc 0.942 | lr 2.30e-04
  iter   200/3125 | loss 1.0173 | acc 0.943 | lr 2.30e-04
  iter   250/3125 | loss 1.0501 | acc 0.945 | lr 2.30e-04
  iter   300/3125 | loss 1.0323 | acc 0.944 | lr 2.30e-04
  iter   350/3125 | loss 0.9992 | acc 0.943 | lr 2.30e-04
  iter   400/3125 | loss 0.9513 | acc 0.943 | lr 2.30e-04
  iter   450/3125 | loss 0.9154 | acc 0.942 | lr 2.30e-04
  iter   500/3125 | loss 1.1021 | acc 0.941 | lr 2.30e-04
  iter   550/3125 | loss 1.0099 | acc 0.941 | lr 2.30e-04
  iter   600/3125 | loss 1.0072 | acc 0.941 | lr 2.30e-04
  iter   650/3125 | loss 1.0188 | acc 0.941 | lr 2.30e-04
  iter   700/3125 | loss 1.2403 | acc 0.941 | lr 2.30e-04
  iter   750/3125 | loss 1.0208 | acc 0.941 | lr 2.30e-04
  iter   800/3125 | loss 1.1440 | acc 0.940 | lr 2.30e-04
  iter   850/3125 | loss 1.1621 | acc 0.940 | lr 2.29e-04
  iter   900/3125 | loss 1.0228 | acc 0.939 | lr 2.29e-04
  iter   950/3125 | loss 1.2062 | acc 0.939 | lr 2.29e-04
  iter  1000/3125 | loss 1.2127 | acc 0.939 | lr 2.29e-04
  iter  1050/3125 | loss 1.0947 | acc 0.938 | lr 2.29e-04
  iter  1100/3125 | loss 0.9352 | acc 0.938 | lr 2.29e-04
  iter  1150/3125 | loss 1.0317 | acc 0.937 | lr 2.29e-04
  iter  1200/3125 | loss 1.1460 | acc 0.937 | lr 2.29e-04
  iter  1250/3125 | loss 1.0570 | acc 0.936 | lr 2.29e-04
  iter  1300/3125 | loss 1.0552 | acc 0.936 | lr 2.29e-04
  iter  1350/3125 | loss 1.0272 | acc 0.935 | lr 2.29e-04
  iter  1400/3125 | loss 1.3342 | acc 0.935 | lr 2.29e-04
  iter  1450/3125 | loss 1.0466 | acc 0.935 | lr 2.29e-04
  iter  1500/3125 | loss 1.3724 | acc 0.935 | lr 2.29e-04
  iter  1550/3125 | loss 0.9879 | acc 0.935 | lr 2.29e-04
  iter  1600/3125 | loss 0.9304 | acc 0.934 | lr 2.29e-04
  iter  1650/3125 | loss 1.0988 | acc 0.934 | lr 2.29e-04
  iter  1700/3125 | loss 1.1601 | acc 0.934 | lr 2.29e-04
  iter  1750/3125 | loss 1.0190 | acc 0.934 | lr 2.29e-04
  iter  1800/3125 | loss 1.1059 | acc 0.934 | lr 2.29e-04
  iter  1850/3125 | loss 1.1717 | acc 0.933 | lr 2.29e-04
  iter  1900/3125 | loss 1.2542 | acc 0.933 | lr 2.29e-04
  iter  1950/3125 | loss 0.9612 | acc 0.933 | lr 2.29e-04
  iter  2000/3125 | loss 1.1820 | acc 0.933 | lr 2.29e-04
  iter  2050/3125 | loss 1.1046 | acc 0.933 | lr 2.29e-04
  iter  2100/3125 | loss 1.0895 | acc 0.933 | lr 2.29e-04
  iter  2150/3125 | loss 1.0432 | acc 0.932 | lr 2.29e-04
  iter  2200/3125 | loss 1.0941 | acc 0.932 | lr 2.29e-04
  iter  2250/3125 | loss 1.1481 | acc 0.932 | lr 2.29e-04
  iter  2300/3125 | loss 1.2008 | acc 0.932 | lr 2.29e-04
  iter  2350/3125 | loss 1.0816 | acc 0.931 | lr 2.28e-04
  iter  2400/3125 | loss 1.1253 | acc 0.931 | lr 2.28e-04
  iter  2450/3125 | loss 1.0663 | acc 0.931 | lr 2.28e-04
  iter  2500/3125 | loss 1.0642 | acc 0.931 | lr 2.28e-04
  iter  2550/3125 | loss 1.3402 | acc 0.931 | lr 2.28e-04
  iter  2600/3125 | loss 1.2235 | acc 0.930 | lr 2.28e-04
  iter  2650/3125 | loss 0.9616 | acc 0.930 | lr 2.28e-04
  iter  2700/3125 | loss 1.0534 | acc 0.930 | lr 2.28e-04
  iter  2750/3125 | loss 1.2253 | acc 0.929 | lr 2.28e-04
  iter  2800/3125 | loss 1.1904 | acc 0.929 | lr 2.28e-04
  iter  2850/3125 | loss 1.1095 | acc 0.929 | lr 2.28e-04
  iter  2900/3125 | loss 1.0529 | acc 0.929 | lr 2.28e-04
  iter  2950/3125 | loss 1.3227 | acc 0.929 | lr 2.28e-04
  iter  3000/3125 | loss 0.9759 | acc 0.928 | lr 2.28e-04
  iter  3050/3125 | loss 1.1092 | acc 0.928 | lr 2.28e-04
  iter  3100/3125 | loss 1.3967 | acc 0.928 | lr 2.28e-04
[Epoch 075] Train loss=1.1142, acc=0.9279 | opt_steps=3125
[Epoch 075] Val   loss=2.5473, acc=0.5011, lr=2.28e-04
  iter    50/3125 | loss 0.9593 | acc 0.948 | lr 2.28e-04
  iter   100/3125 | loss 1.0201 | acc 0.950 | lr 2.28e-04
  iter   150/3125 | loss 1.0856 | acc 0.946 | lr 2.28e-04
  iter   200/3125 | loss 1.0941 | acc 0.946 | lr 2.28e-04
  iter   250/3125 | loss 0.9408 | acc 0.947 | lr 2.28e-04
  iter   300/3125 | loss 1.1463 | acc 0.946 | lr 2.28e-04
  iter   350/3125 | loss 1.0778 | acc 0.944 | lr 2.28e-04
  iter   400/3125 | loss 1.0725 | acc 0.943 | lr 2.28e-04
  iter   450/3125 | loss 0.9930 | acc 0.943 | lr 2.28e-04
  iter   500/3125 | loss 1.0770 | acc 0.942 | lr 2.28e-04
  iter   550/3125 | loss 1.0033 | acc 0.942 | lr 2.28e-04
  iter   600/3125 | loss 0.9776 | acc 0.942 | lr 2.28e-04
  iter   650/3125 | loss 1.1547 | acc 0.941 | lr 2.28e-04
  iter   700/3125 | loss 0.9463 | acc 0.940 | lr 2.27e-04
  iter   750/3125 | loss 1.0547 | acc 0.939 | lr 2.27e-04
  iter   800/3125 | loss 1.1373 | acc 0.939 | lr 2.27e-04
  iter   850/3125 | loss 1.0860 | acc 0.939 | lr 2.27e-04
  iter   900/3125 | loss 1.1201 | acc 0.939 | lr 2.27e-04
  iter   950/3125 | loss 0.9373 | acc 0.938 | lr 2.27e-04
  iter  1000/3125 | loss 1.2211 | acc 0.938 | lr 2.27e-04
  iter  1050/3125 | loss 0.9540 | acc 0.938 | lr 2.27e-04
  iter  1100/3125 | loss 1.0491 | acc 0.937 | lr 2.27e-04
  iter  1150/3125 | loss 0.9978 | acc 0.937 | lr 2.27e-04
  iter  1200/3125 | loss 1.0606 | acc 0.937 | lr 2.27e-04
  iter  1250/3125 | loss 1.0674 | acc 0.936 | lr 2.27e-04
  iter  1300/3125 | loss 1.1681 | acc 0.936 | lr 2.27e-04
  iter  1350/3125 | loss 1.0319 | acc 0.936 | lr 2.27e-04
  iter  1400/3125 | loss 1.0944 | acc 0.936 | lr 2.27e-04
  iter  1450/3125 | loss 1.0853 | acc 0.935 | lr 2.27e-04
  iter  1500/3125 | loss 1.1538 | acc 0.935 | lr 2.27e-04
  iter  1550/3125 | loss 1.3752 | acc 0.935 | lr 2.27e-04
  iter  1600/3125 | loss 1.0340 | acc 0.934 | lr 2.27e-04
  iter  1650/3125 | loss 1.1108 | acc 0.934 | lr 2.27e-04
  iter  1700/3125 | loss 1.0940 | acc 0.934 | lr 2.27e-04
  iter  1750/3125 | loss 1.1337 | acc 0.933 | lr 2.27e-04
  iter  1800/3125 | loss 1.0121 | acc 0.933 | lr 2.27e-04
  iter  1850/3125 | loss 1.0647 | acc 0.933 | lr 2.27e-04
  iter  1900/3125 | loss 1.0561 | acc 0.933 | lr 2.27e-04
  iter  1950/3125 | loss 1.1103 | acc 0.933 | lr 2.27e-04
  iter  2000/3125 | loss 1.0997 | acc 0.933 | lr 2.27e-04
  iter  2050/3125 | loss 1.1763 | acc 0.932 | lr 2.27e-04
  iter  2100/3125 | loss 1.2896 | acc 0.932 | lr 2.27e-04
  iter  2150/3125 | loss 1.1626 | acc 0.932 | lr 2.26e-04
  iter  2200/3125 | loss 1.1663 | acc 0.932 | lr 2.26e-04
  iter  2250/3125 | loss 0.9440 | acc 0.932 | lr 2.26e-04
  iter  2300/3125 | loss 1.1263 | acc 0.931 | lr 2.26e-04
  iter  2350/3125 | loss 1.0513 | acc 0.931 | lr 2.26e-04
  iter  2400/3125 | loss 1.1440 | acc 0.931 | lr 2.26e-04
  iter  2450/3125 | loss 1.1157 | acc 0.931 | lr 2.26e-04
  iter  2500/3125 | loss 1.0515 | acc 0.931 | lr 2.26e-04
  iter  2550/3125 | loss 1.1119 | acc 0.931 | lr 2.26e-04
  iter  2600/3125 | loss 1.3142 | acc 0.931 | lr 2.26e-04
  iter  2650/3125 | loss 1.1303 | acc 0.930 | lr 2.26e-04
  iter  2700/3125 | loss 1.0993 | acc 0.930 | lr 2.26e-04
  iter  2750/3125 | loss 1.0134 | acc 0.930 | lr 2.26e-04
  iter  2800/3125 | loss 1.2038 | acc 0.930 | lr 2.26e-04
  iter  2850/3125 | loss 1.0145 | acc 0.930 | lr 2.26e-04
  iter  2900/3125 | loss 1.0401 | acc 0.929 | lr 2.26e-04
  iter  2950/3125 | loss 1.0000 | acc 0.929 | lr 2.26e-04
  iter  3000/3125 | loss 1.0749 | acc 0.929 | lr 2.26e-04
  iter  3050/3125 | loss 1.0699 | acc 0.929 | lr 2.26e-04
  iter  3100/3125 | loss 1.0335 | acc 0.929 | lr 2.26e-04
[Epoch 076] Train loss=1.1116, acc=0.9288 | opt_steps=3125
[Epoch 076] Val   loss=2.5577, acc=0.4992, lr=2.26e-04
  iter    50/3125 | loss 1.0164 | acc 0.941 | lr 2.26e-04
  iter   100/3125 | loss 1.2700 | acc 0.937 | lr 2.26e-04
  iter   150/3125 | loss 1.2730 | acc 0.937 | lr 2.26e-04
  iter   200/3125 | loss 1.0743 | acc 0.939 | lr 2.26e-04
  iter   250/3125 | loss 1.0597 | acc 0.940 | lr 2.26e-04
  iter   300/3125 | loss 1.0061 | acc 0.940 | lr 2.26e-04
  iter   350/3125 | loss 1.0695 | acc 0.941 | lr 2.26e-04
  iter   400/3125 | loss 1.1868 | acc 0.941 | lr 2.26e-04
  iter   450/3125 | loss 1.1299 | acc 0.941 | lr 2.26e-04
  iter   500/3125 | loss 1.0314 | acc 0.940 | lr 2.25e-04
  iter   550/3125 | loss 0.9686 | acc 0.941 | lr 2.25e-04
  iter   600/3125 | loss 0.9869 | acc 0.940 | lr 2.25e-04
  iter   650/3125 | loss 0.8961 | acc 0.940 | lr 2.25e-04
  iter   700/3125 | loss 1.1174 | acc 0.940 | lr 2.25e-04
  iter   750/3125 | loss 1.0654 | acc 0.940 | lr 2.25e-04
  iter   800/3125 | loss 1.0972 | acc 0.940 | lr 2.25e-04
  iter   850/3125 | loss 0.9026 | acc 0.940 | lr 2.25e-04
  iter   900/3125 | loss 1.0478 | acc 0.940 | lr 2.25e-04
  iter   950/3125 | loss 1.2580 | acc 0.940 | lr 2.25e-04
  iter  1000/3125 | loss 0.9996 | acc 0.940 | lr 2.25e-04
  iter  1050/3125 | loss 1.1149 | acc 0.940 | lr 2.25e-04
  iter  1100/3125 | loss 0.9313 | acc 0.940 | lr 2.25e-04
  iter  1150/3125 | loss 1.1751 | acc 0.939 | lr 2.25e-04
  iter  1200/3125 | loss 1.0102 | acc 0.939 | lr 2.25e-04
  iter  1250/3125 | loss 1.1883 | acc 0.939 | lr 2.25e-04
  iter  1300/3125 | loss 1.2047 | acc 0.939 | lr 2.25e-04
  iter  1350/3125 | loss 1.2075 | acc 0.939 | lr 2.25e-04
  iter  1400/3125 | loss 1.0416 | acc 0.939 | lr 2.25e-04
  iter  1450/3125 | loss 0.9736 | acc 0.938 | lr 2.25e-04
  iter  1500/3125 | loss 1.3304 | acc 0.938 | lr 2.25e-04
  iter  1550/3125 | loss 1.2578 | acc 0.938 | lr 2.25e-04
  iter  1600/3125 | loss 1.2181 | acc 0.937 | lr 2.25e-04
  iter  1650/3125 | loss 1.0811 | acc 0.937 | lr 2.25e-04
  iter  1700/3125 | loss 1.1835 | acc 0.937 | lr 2.25e-04
  iter  1750/3125 | loss 1.0282 | acc 0.936 | lr 2.25e-04
  iter  1800/3125 | loss 1.3387 | acc 0.936 | lr 2.25e-04
  iter  1850/3125 | loss 1.0723 | acc 0.936 | lr 2.25e-04
  iter  1900/3125 | loss 1.3132 | acc 0.935 | lr 2.25e-04
  iter  1950/3125 | loss 1.0306 | acc 0.935 | lr 2.25e-04
  iter  2000/3125 | loss 1.1591 | acc 0.935 | lr 2.24e-04
  iter  2050/3125 | loss 0.9740 | acc 0.935 | lr 2.24e-04
  iter  2100/3125 | loss 1.1861 | acc 0.935 | lr 2.24e-04
  iter  2150/3125 | loss 1.0005 | acc 0.935 | lr 2.24e-04
  iter  2200/3125 | loss 1.2506 | acc 0.934 | lr 2.24e-04
  iter  2250/3125 | loss 1.0715 | acc 0.934 | lr 2.24e-04
  iter  2300/3125 | loss 1.0463 | acc 0.934 | lr 2.24e-04
  iter  2350/3125 | loss 0.9566 | acc 0.933 | lr 2.24e-04
  iter  2400/3125 | loss 1.0845 | acc 0.933 | lr 2.24e-04
  iter  2450/3125 | loss 1.2188 | acc 0.933 | lr 2.24e-04
  iter  2500/3125 | loss 1.1130 | acc 0.933 | lr 2.24e-04
  iter  2550/3125 | loss 1.3255 | acc 0.933 | lr 2.24e-04
  iter  2600/3125 | loss 1.1027 | acc 0.933 | lr 2.24e-04
  iter  2650/3125 | loss 1.2737 | acc 0.932 | lr 2.24e-04
  iter  2700/3125 | loss 1.1540 | acc 0.932 | lr 2.24e-04
  iter  2750/3125 | loss 1.1958 | acc 0.932 | lr 2.24e-04
  iter  2800/3125 | loss 1.4236 | acc 0.932 | lr 2.24e-04
  iter  2850/3125 | loss 1.1258 | acc 0.932 | lr 2.24e-04
  iter  2900/3125 | loss 0.9706 | acc 0.931 | lr 2.24e-04
  iter  2950/3125 | loss 1.2078 | acc 0.931 | lr 2.24e-04
  iter  3000/3125 | loss 1.0268 | acc 0.931 | lr 2.24e-04
  iter  3050/3125 | loss 1.0337 | acc 0.931 | lr 2.24e-04
  iter  3100/3125 | loss 0.9654 | acc 0.931 | lr 2.24e-04
[Epoch 077] Train loss=1.1038, acc=0.9311 | opt_steps=3125
[Epoch 077] Val   loss=2.5653, acc=0.4992, lr=2.24e-04
  iter    50/3125 | loss 0.9286 | acc 0.941 | lr 2.24e-04
  iter   100/3125 | loss 0.9243 | acc 0.945 | lr 2.24e-04
  iter   150/3125 | loss 1.1007 | acc 0.945 | lr 2.24e-04
  iter   200/3125 | loss 1.0953 | acc 0.946 | lr 2.24e-04
  iter   250/3125 | loss 1.2474 | acc 0.945 | lr 2.24e-04
  iter   300/3125 | loss 1.0865 | acc 0.943 | lr 2.23e-04
  iter   350/3125 | loss 0.9696 | acc 0.943 | lr 2.23e-04
  iter   400/3125 | loss 1.1411 | acc 0.942 | lr 2.23e-04
  iter   450/3125 | loss 1.4378 | acc 0.941 | lr 2.23e-04
  iter   500/3125 | loss 1.0960 | acc 0.941 | lr 2.23e-04
  iter   550/3125 | loss 1.1743 | acc 0.941 | lr 2.23e-04
  iter   600/3125 | loss 1.2847 | acc 0.941 | lr 2.23e-04
  iter   650/3125 | loss 1.1331 | acc 0.941 | lr 2.23e-04
  iter   700/3125 | loss 0.9717 | acc 0.941 | lr 2.23e-04
  iter   750/3125 | loss 1.1463 | acc 0.940 | lr 2.23e-04
  iter   800/3125 | loss 0.9876 | acc 0.939 | lr 2.23e-04
  iter   850/3125 | loss 1.2048 | acc 0.939 | lr 2.23e-04
  iter   900/3125 | loss 1.1032 | acc 0.940 | lr 2.23e-04
  iter   950/3125 | loss 1.2636 | acc 0.940 | lr 2.23e-04
  iter  1000/3125 | loss 1.1233 | acc 0.939 | lr 2.23e-04
  iter  1050/3125 | loss 1.0542 | acc 0.939 | lr 2.23e-04
  iter  1100/3125 | loss 1.1099 | acc 0.939 | lr 2.23e-04
  iter  1150/3125 | loss 1.3611 | acc 0.939 | lr 2.23e-04
  iter  1200/3125 | loss 1.0144 | acc 0.939 | lr 2.23e-04
  iter  1250/3125 | loss 1.1189 | acc 0.938 | lr 2.23e-04
  iter  1300/3125 | loss 1.0079 | acc 0.938 | lr 2.23e-04
  iter  1350/3125 | loss 1.0667 | acc 0.937 | lr 2.23e-04
  iter  1400/3125 | loss 1.0859 | acc 0.937 | lr 2.23e-04
  iter  1450/3125 | loss 1.0686 | acc 0.937 | lr 2.23e-04
  iter  1500/3125 | loss 1.1250 | acc 0.937 | lr 2.23e-04
  iter  1550/3125 | loss 1.1511 | acc 0.937 | lr 2.23e-04
  iter  1600/3125 | loss 0.9833 | acc 0.937 | lr 2.23e-04
  iter  1650/3125 | loss 0.9645 | acc 0.937 | lr 2.23e-04
  iter  1700/3125 | loss 1.1852 | acc 0.936 | lr 2.23e-04
  iter  1750/3125 | loss 1.0277 | acc 0.936 | lr 2.22e-04
  iter  1800/3125 | loss 1.2857 | acc 0.936 | lr 2.22e-04
  iter  1850/3125 | loss 1.2911 | acc 0.935 | lr 2.22e-04
  iter  1900/3125 | loss 0.9596 | acc 0.936 | lr 2.22e-04
  iter  1950/3125 | loss 1.2325 | acc 0.935 | lr 2.22e-04
  iter  2000/3125 | loss 1.2018 | acc 0.935 | lr 2.22e-04
  iter  2050/3125 | loss 1.1768 | acc 0.935 | lr 2.22e-04
  iter  2100/3125 | loss 1.1970 | acc 0.934 | lr 2.22e-04
  iter  2150/3125 | loss 1.2218 | acc 0.934 | lr 2.22e-04
  iter  2200/3125 | loss 1.0246 | acc 0.934 | lr 2.22e-04
  iter  2250/3125 | loss 1.1165 | acc 0.934 | lr 2.22e-04
  iter  2300/3125 | loss 1.2676 | acc 0.933 | lr 2.22e-04
  iter  2350/3125 | loss 1.1377 | acc 0.933 | lr 2.22e-04
  iter  2400/3125 | loss 1.1005 | acc 0.933 | lr 2.22e-04
  iter  2450/3125 | loss 1.3554 | acc 0.933 | lr 2.22e-04
  iter  2500/3125 | loss 1.1668 | acc 0.932 | lr 2.22e-04
  iter  2550/3125 | loss 0.9644 | acc 0.932 | lr 2.22e-04
  iter  2600/3125 | loss 0.9998 | acc 0.932 | lr 2.22e-04
  iter  2650/3125 | loss 1.1394 | acc 0.932 | lr 2.22e-04
  iter  2700/3125 | loss 1.1199 | acc 0.932 | lr 2.22e-04
  iter  2750/3125 | loss 1.0020 | acc 0.931 | lr 2.22e-04
  iter  2800/3125 | loss 1.1007 | acc 0.931 | lr 2.22e-04
  iter  2850/3125 | loss 1.0548 | acc 0.931 | lr 2.22e-04
  iter  2900/3125 | loss 1.1214 | acc 0.931 | lr 2.22e-04
  iter  2950/3125 | loss 1.1590 | acc 0.931 | lr 2.22e-04
  iter  3000/3125 | loss 1.2145 | acc 0.931 | lr 2.22e-04
  iter  3050/3125 | loss 0.9894 | acc 0.931 | lr 2.22e-04
  iter  3100/3125 | loss 1.2145 | acc 0.931 | lr 2.22e-04
[Epoch 078] Train loss=1.1045, acc=0.9306 | opt_steps=3125
[Epoch 078] Val   loss=2.5714, acc=0.4963, lr=2.22e-04
  iter    50/3125 | loss 0.9507 | acc 0.940 | lr 2.21e-04
  iter   100/3125 | loss 1.2502 | acc 0.943 | lr 2.21e-04
  iter   150/3125 | loss 1.1724 | acc 0.944 | lr 2.21e-04
  iter   200/3125 | loss 1.2521 | acc 0.944 | lr 2.21e-04
  iter   250/3125 | loss 1.1269 | acc 0.944 | lr 2.21e-04
  iter   300/3125 | loss 0.9730 | acc 0.943 | lr 2.21e-04
  iter   350/3125 | loss 1.1422 | acc 0.942 | lr 2.21e-04
  iter   400/3125 | loss 1.0209 | acc 0.943 | lr 2.21e-04
  iter   450/3125 | loss 1.2303 | acc 0.943 | lr 2.21e-04
  iter   500/3125 | loss 0.9405 | acc 0.943 | lr 2.21e-04
  iter   550/3125 | loss 1.1632 | acc 0.942 | lr 2.21e-04
  iter   600/3125 | loss 1.0568 | acc 0.941 | lr 2.21e-04
  iter   650/3125 | loss 1.0603 | acc 0.941 | lr 2.21e-04
  iter   700/3125 | loss 1.1470 | acc 0.941 | lr 2.21e-04
  iter   750/3125 | loss 1.0416 | acc 0.940 | lr 2.21e-04
  iter   800/3125 | loss 1.1397 | acc 0.940 | lr 2.21e-04
  iter   850/3125 | loss 1.0589 | acc 0.940 | lr 2.21e-04
  iter   900/3125 | loss 0.9869 | acc 0.939 | lr 2.21e-04
  iter   950/3125 | loss 1.1837 | acc 0.938 | lr 2.21e-04
  iter  1000/3125 | loss 1.3416 | acc 0.938 | lr 2.21e-04
  iter  1050/3125 | loss 1.2232 | acc 0.938 | lr 2.21e-04
  iter  1100/3125 | loss 1.0095 | acc 0.938 | lr 2.21e-04
  iter  1150/3125 | loss 0.9878 | acc 0.938 | lr 2.21e-04
  iter  1200/3125 | loss 1.0244 | acc 0.937 | lr 2.21e-04
  iter  1250/3125 | loss 1.2623 | acc 0.937 | lr 2.21e-04
  iter  1300/3125 | loss 1.0723 | acc 0.937 | lr 2.21e-04
  iter  1350/3125 | loss 0.9834 | acc 0.936 | lr 2.21e-04
  iter  1400/3125 | loss 1.1856 | acc 0.936 | lr 2.21e-04
  iter  1450/3125 | loss 1.0424 | acc 0.936 | lr 2.21e-04
  iter  1500/3125 | loss 1.1805 | acc 0.936 | lr 2.20e-04
  iter  1550/3125 | loss 1.0445 | acc 0.935 | lr 2.20e-04
  iter  1600/3125 | loss 1.0725 | acc 0.935 | lr 2.20e-04
  iter  1650/3125 | loss 1.2833 | acc 0.935 | lr 2.20e-04
  iter  1700/3125 | loss 1.0928 | acc 0.935 | lr 2.20e-04
  iter  1750/3125 | loss 0.9412 | acc 0.935 | lr 2.20e-04
  iter  1800/3125 | loss 1.5165 | acc 0.935 | lr 2.20e-04
  iter  1850/3125 | loss 0.9149 | acc 0.934 | lr 2.20e-04
  iter  1900/3125 | loss 0.9365 | acc 0.934 | lr 2.20e-04
  iter  1950/3125 | loss 1.0819 | acc 0.934 | lr 2.20e-04
  iter  2000/3125 | loss 1.2537 | acc 0.934 | lr 2.20e-04
  iter  2050/3125 | loss 1.0412 | acc 0.934 | lr 2.20e-04
  iter  2100/3125 | loss 1.2251 | acc 0.933 | lr 2.20e-04
  iter  2150/3125 | loss 1.2886 | acc 0.933 | lr 2.20e-04
  iter  2200/3125 | loss 1.0227 | acc 0.933 | lr 2.20e-04
  iter  2250/3125 | loss 1.1062 | acc 0.933 | lr 2.20e-04
  iter  2300/3125 | loss 1.1910 | acc 0.933 | lr 2.20e-04
  iter  2350/3125 | loss 1.1744 | acc 0.933 | lr 2.20e-04
  iter  2400/3125 | loss 0.9504 | acc 0.933 | lr 2.20e-04
  iter  2450/3125 | loss 1.1008 | acc 0.932 | lr 2.20e-04
  iter  2500/3125 | loss 1.2140 | acc 0.932 | lr 2.20e-04
  iter  2550/3125 | loss 1.1790 | acc 0.932 | lr 2.20e-04
  iter  2600/3125 | loss 0.9274 | acc 0.932 | lr 2.20e-04
  iter  2650/3125 | loss 1.1338 | acc 0.932 | lr 2.20e-04
  iter  2700/3125 | loss 1.0783 | acc 0.932 | lr 2.20e-04
  iter  2750/3125 | loss 1.1578 | acc 0.931 | lr 2.20e-04
  iter  2800/3125 | loss 0.9847 | acc 0.931 | lr 2.20e-04
  iter  2850/3125 | loss 1.0164 | acc 0.931 | lr 2.20e-04
  iter  2900/3125 | loss 1.0449 | acc 0.931 | lr 2.20e-04
  iter  2950/3125 | loss 1.1158 | acc 0.931 | lr 2.19e-04
  iter  3000/3125 | loss 1.2087 | acc 0.931 | lr 2.19e-04
  iter  3050/3125 | loss 1.2721 | acc 0.931 | lr 2.19e-04
  iter  3100/3125 | loss 1.1545 | acc 0.931 | lr 2.19e-04
[Epoch 079] Train loss=1.0998, acc=0.9308 | opt_steps=3125
[Epoch 079] Val   loss=2.5693, acc=0.4972, lr=2.19e-04
  iter    50/3125 | loss 1.0689 | acc 0.948 | lr 2.19e-04
  iter   100/3125 | loss 1.0399 | acc 0.948 | lr 2.19e-04
  iter   150/3125 | loss 1.2103 | acc 0.948 | lr 2.19e-04
  iter   200/3125 | loss 1.1681 | acc 0.946 | lr 2.19e-04
  iter   250/3125 | loss 0.9955 | acc 0.947 | lr 2.19e-04
  iter   300/3125 | loss 1.2166 | acc 0.947 | lr 2.19e-04
  iter   350/3125 | loss 1.0244 | acc 0.946 | lr 2.19e-04
  iter   400/3125 | loss 1.1540 | acc 0.946 | lr 2.19e-04
  iter   450/3125 | loss 1.0367 | acc 0.946 | lr 2.19e-04
  iter   500/3125 | loss 1.2623 | acc 0.946 | lr 2.19e-04
  iter   550/3125 | loss 0.8955 | acc 0.945 | lr 2.19e-04
  iter   600/3125 | loss 1.0498 | acc 0.944 | lr 2.19e-04
  iter   650/3125 | loss 1.0261 | acc 0.944 | lr 2.19e-04
  iter   700/3125 | loss 0.9420 | acc 0.943 | lr 2.19e-04
  iter   750/3125 | loss 1.2514 | acc 0.943 | lr 2.19e-04
  iter   800/3125 | loss 0.9934 | acc 0.944 | lr 2.19e-04
  iter   850/3125 | loss 0.9154 | acc 0.944 | lr 2.19e-04
  iter   900/3125 | loss 1.0080 | acc 0.943 | lr 2.19e-04
  iter   950/3125 | loss 1.3047 | acc 0.943 | lr 2.19e-04
  iter  1000/3125 | loss 1.0339 | acc 0.943 | lr 2.19e-04
  iter  1050/3125 | loss 1.1980 | acc 0.942 | lr 2.19e-04
  iter  1100/3125 | loss 1.0650 | acc 0.942 | lr 2.19e-04
  iter  1150/3125 | loss 1.2798 | acc 0.941 | lr 2.19e-04
  iter  1200/3125 | loss 1.3102 | acc 0.941 | lr 2.19e-04
  iter  1250/3125 | loss 1.1472 | acc 0.941 | lr 2.18e-04
  iter  1300/3125 | loss 1.0202 | acc 0.941 | lr 2.18e-04
  iter  1350/3125 | loss 1.1049 | acc 0.940 | lr 2.18e-04
  iter  1400/3125 | loss 0.9299 | acc 0.940 | lr 2.18e-04
  iter  1450/3125 | loss 0.9822 | acc 0.940 | lr 2.18e-04
  iter  1500/3125 | loss 1.0926 | acc 0.940 | lr 2.18e-04
  iter  1550/3125 | loss 1.1918 | acc 0.940 | lr 2.18e-04
  iter  1600/3125 | loss 0.9456 | acc 0.939 | lr 2.18e-04
  iter  1650/3125 | loss 1.2303 | acc 0.939 | lr 2.18e-04
  iter  1700/3125 | loss 0.9791 | acc 0.939 | lr 2.18e-04
  iter  1750/3125 | loss 1.4334 | acc 0.939 | lr 2.18e-04
  iter  1800/3125 | loss 1.0196 | acc 0.939 | lr 2.18e-04
  iter  1850/3125 | loss 1.1274 | acc 0.938 | lr 2.18e-04
  iter  1900/3125 | loss 1.1358 | acc 0.938 | lr 2.18e-04
  iter  1950/3125 | loss 1.1088 | acc 0.938 | lr 2.18e-04
  iter  2000/3125 | loss 1.0184 | acc 0.938 | lr 2.18e-04
  iter  2050/3125 | loss 1.2732 | acc 0.937 | lr 2.18e-04
  iter  2100/3125 | loss 1.1140 | acc 0.937 | lr 2.18e-04
  iter  2150/3125 | loss 1.2186 | acc 0.937 | lr 2.18e-04
  iter  2200/3125 | loss 1.2765 | acc 0.937 | lr 2.18e-04
  iter  2250/3125 | loss 1.0700 | acc 0.937 | lr 2.18e-04
  iter  2300/3125 | loss 1.2006 | acc 0.937 | lr 2.18e-04
  iter  2350/3125 | loss 1.2345 | acc 0.936 | lr 2.18e-04
  iter  2400/3125 | loss 0.9573 | acc 0.936 | lr 2.18e-04
  iter  2450/3125 | loss 1.1511 | acc 0.936 | lr 2.18e-04
  iter  2500/3125 | loss 1.1286 | acc 0.936 | lr 2.18e-04
  iter  2550/3125 | loss 1.0567 | acc 0.935 | lr 2.18e-04
  iter  2600/3125 | loss 1.2347 | acc 0.935 | lr 2.18e-04
  iter  2650/3125 | loss 1.2850 | acc 0.935 | lr 2.17e-04
  iter  2700/3125 | loss 1.1767 | acc 0.935 | lr 2.17e-04
  iter  2750/3125 | loss 1.2347 | acc 0.935 | lr 2.17e-04
  iter  2800/3125 | loss 1.0830 | acc 0.935 | lr 2.17e-04
  iter  2850/3125 | loss 1.2929 | acc 0.935 | lr 2.17e-04
  iter  2900/3125 | loss 1.0442 | acc 0.935 | lr 2.17e-04
  iter  2950/3125 | loss 1.1296 | acc 0.934 | lr 2.17e-04
  iter  3000/3125 | loss 0.9666 | acc 0.934 | lr 2.17e-04
  iter  3050/3125 | loss 1.1007 | acc 0.934 | lr 2.17e-04
  iter  3100/3125 | loss 1.2445 | acc 0.934 | lr 2.17e-04
[Epoch 080] Train loss=1.0946, acc=0.9338 | opt_steps=3125
[Epoch 080] Val   loss=2.5712, acc=0.4956, lr=2.17e-04
  iter    50/3125 | loss 1.3790 | acc 0.956 | lr 2.17e-04
  iter   100/3125 | loss 1.0080 | acc 0.950 | lr 2.17e-04
  iter   150/3125 | loss 1.0312 | acc 0.951 | lr 2.17e-04
  iter   200/3125 | loss 1.1215 | acc 0.951 | lr 2.17e-04
  iter   250/3125 | loss 1.0665 | acc 0.950 | lr 2.17e-04
  iter   300/3125 | loss 1.1502 | acc 0.948 | lr 2.17e-04
  iter   350/3125 | loss 0.9822 | acc 0.947 | lr 2.17e-04
  iter   400/3125 | loss 1.2692 | acc 0.947 | lr 2.17e-04
  iter   450/3125 | loss 1.0225 | acc 0.947 | lr 2.17e-04
  iter   500/3125 | loss 1.2191 | acc 0.948 | lr 2.17e-04
  iter   550/3125 | loss 1.1318 | acc 0.947 | lr 2.17e-04
  iter   600/3125 | loss 0.9876 | acc 0.946 | lr 2.17e-04
  iter   650/3125 | loss 0.9858 | acc 0.946 | lr 2.17e-04
  iter   700/3125 | loss 0.9818 | acc 0.946 | lr 2.17e-04
  iter   750/3125 | loss 1.1429 | acc 0.946 | lr 2.17e-04
  iter   800/3125 | loss 1.1638 | acc 0.945 | lr 2.17e-04
  iter   850/3125 | loss 0.9991 | acc 0.945 | lr 2.17e-04
  iter   900/3125 | loss 0.9570 | acc 0.944 | lr 2.17e-04
  iter   950/3125 | loss 0.9359 | acc 0.943 | lr 2.16e-04
  iter  1000/3125 | loss 0.9509 | acc 0.943 | lr 2.16e-04
  iter  1050/3125 | loss 0.9360 | acc 0.943 | lr 2.16e-04
  iter  1100/3125 | loss 1.1337 | acc 0.942 | lr 2.16e-04
  iter  1150/3125 | loss 0.9488 | acc 0.942 | lr 2.16e-04
  iter  1200/3125 | loss 0.9159 | acc 0.941 | lr 2.16e-04
  iter  1250/3125 | loss 1.0210 | acc 0.941 | lr 2.16e-04
  iter  1300/3125 | loss 0.9646 | acc 0.942 | lr 2.16e-04
  iter  1350/3125 | loss 1.1597 | acc 0.941 | lr 2.16e-04
  iter  1400/3125 | loss 1.0216 | acc 0.941 | lr 2.16e-04
  iter  1450/3125 | loss 0.9784 | acc 0.941 | lr 2.16e-04
  iter  1500/3125 | loss 1.0644 | acc 0.940 | lr 2.16e-04
  iter  1550/3125 | loss 1.1007 | acc 0.940 | lr 2.16e-04
  iter  1600/3125 | loss 1.0593 | acc 0.940 | lr 2.16e-04
  iter  1650/3125 | loss 0.9158 | acc 0.940 | lr 2.16e-04
  iter  1700/3125 | loss 1.0930 | acc 0.939 | lr 2.16e-04
  iter  1750/3125 | loss 0.9878 | acc 0.939 | lr 2.16e-04
  iter  1800/3125 | loss 1.2114 | acc 0.938 | lr 2.16e-04
  iter  1850/3125 | loss 0.9297 | acc 0.938 | lr 2.16e-04
  iter  1900/3125 | loss 1.0057 | acc 0.938 | lr 2.16e-04
  iter  1950/3125 | loss 1.1775 | acc 0.938 | lr 2.16e-04
  iter  2000/3125 | loss 1.0872 | acc 0.938 | lr 2.16e-04
  iter  2050/3125 | loss 1.1541 | acc 0.937 | lr 2.16e-04
  iter  2100/3125 | loss 1.1734 | acc 0.937 | lr 2.16e-04
  iter  2150/3125 | loss 1.1064 | acc 0.937 | lr 2.16e-04
  iter  2200/3125 | loss 1.0153 | acc 0.937 | lr 2.16e-04
  iter  2250/3125 | loss 1.3011 | acc 0.936 | lr 2.16e-04
  iter  2300/3125 | loss 0.9080 | acc 0.936 | lr 2.16e-04
  iter  2350/3125 | loss 0.9114 | acc 0.936 | lr 2.15e-04
  iter  2400/3125 | loss 1.2345 | acc 0.936 | lr 2.15e-04
  iter  2450/3125 | loss 1.2313 | acc 0.936 | lr 2.15e-04
  iter  2500/3125 | loss 1.1127 | acc 0.936 | lr 2.15e-04
  iter  2550/3125 | loss 1.0380 | acc 0.936 | lr 2.15e-04
  iter  2600/3125 | loss 1.1151 | acc 0.935 | lr 2.15e-04
  iter  2650/3125 | loss 0.9872 | acc 0.935 | lr 2.15e-04
  iter  2700/3125 | loss 1.1665 | acc 0.935 | lr 2.15e-04
  iter  2750/3125 | loss 0.9798 | acc 0.935 | lr 2.15e-04
  iter  2800/3125 | loss 1.0532 | acc 0.935 | lr 2.15e-04
  iter  2850/3125 | loss 1.0482 | acc 0.935 | lr 2.15e-04
  iter  2900/3125 | loss 1.0573 | acc 0.935 | lr 2.15e-04
  iter  2950/3125 | loss 0.9085 | acc 0.935 | lr 2.15e-04
  iter  3000/3125 | loss 1.0742 | acc 0.934 | lr 2.15e-04
  iter  3050/3125 | loss 1.2981 | acc 0.934 | lr 2.15e-04
  iter  3100/3125 | loss 1.2892 | acc 0.934 | lr 2.15e-04
[Epoch 081] Train loss=1.0922, acc=0.9341 | opt_steps=3125
[Epoch 081] Val   loss=2.5700, acc=0.4963, lr=2.15e-04
  iter    50/3125 | loss 1.1078 | acc 0.946 | lr 2.15e-04
  iter   100/3125 | loss 1.1297 | acc 0.949 | lr 2.15e-04
  iter   150/3125 | loss 1.2289 | acc 0.949 | lr 2.15e-04
  iter   200/3125 | loss 0.9604 | acc 0.948 | lr 2.15e-04
  iter   250/3125 | loss 1.0415 | acc 0.947 | lr 2.15e-04
  iter   300/3125 | loss 1.0879 | acc 0.946 | lr 2.15e-04
  iter   350/3125 | loss 1.0440 | acc 0.945 | lr 2.15e-04
  iter   400/3125 | loss 1.0801 | acc 0.945 | lr 2.15e-04
  iter   450/3125 | loss 1.0618 | acc 0.946 | lr 2.15e-04
  iter   500/3125 | loss 1.2010 | acc 0.947 | lr 2.15e-04
  iter   550/3125 | loss 1.1540 | acc 0.946 | lr 2.15e-04
  iter   600/3125 | loss 1.2350 | acc 0.945 | lr 2.15e-04
  iter   650/3125 | loss 0.9752 | acc 0.944 | lr 2.14e-04
  iter   700/3125 | loss 1.1764 | acc 0.943 | lr 2.14e-04
  iter   750/3125 | loss 0.9013 | acc 0.943 | lr 2.14e-04
  iter   800/3125 | loss 0.9869 | acc 0.943 | lr 2.14e-04
  iter   850/3125 | loss 1.1742 | acc 0.943 | lr 2.14e-04
  iter   900/3125 | loss 1.1826 | acc 0.943 | lr 2.14e-04
  iter   950/3125 | loss 1.1348 | acc 0.943 | lr 2.14e-04
  iter  1000/3125 | loss 1.1978 | acc 0.942 | lr 2.14e-04
  iter  1050/3125 | loss 0.9232 | acc 0.942 | lr 2.14e-04
  iter  1100/3125 | loss 1.1582 | acc 0.942 | lr 2.14e-04
  iter  1150/3125 | loss 0.9142 | acc 0.942 | lr 2.14e-04
  iter  1200/3125 | loss 1.1290 | acc 0.942 | lr 2.14e-04
  iter  1250/3125 | loss 1.1254 | acc 0.942 | lr 2.14e-04
  iter  1300/3125 | loss 1.0207 | acc 0.941 | lr 2.14e-04
  iter  1350/3125 | loss 1.1395 | acc 0.941 | lr 2.14e-04
  iter  1400/3125 | loss 1.0876 | acc 0.941 | lr 2.14e-04
  iter  1450/3125 | loss 1.0770 | acc 0.941 | lr 2.14e-04
  iter  1500/3125 | loss 1.2647 | acc 0.940 | lr 2.14e-04
  iter  1550/3125 | loss 1.0064 | acc 0.940 | lr 2.14e-04
  iter  1600/3125 | loss 1.0217 | acc 0.940 | lr 2.14e-04
  iter  1650/3125 | loss 1.1553 | acc 0.940 | lr 2.14e-04
  iter  1700/3125 | loss 1.1963 | acc 0.940 | lr 2.14e-04
  iter  1750/3125 | loss 1.2661 | acc 0.940 | lr 2.14e-04
  iter  1800/3125 | loss 1.2508 | acc 0.940 | lr 2.14e-04
  iter  1850/3125 | loss 1.0333 | acc 0.940 | lr 2.14e-04
  iter  1900/3125 | loss 1.1508 | acc 0.939 | lr 2.14e-04
  iter  1950/3125 | loss 1.0869 | acc 0.939 | lr 2.14e-04
  iter  2000/3125 | loss 1.0300 | acc 0.939 | lr 2.14e-04
  iter  2050/3125 | loss 1.0605 | acc 0.938 | lr 2.13e-04
  iter  2100/3125 | loss 1.3157 | acc 0.938 | lr 2.13e-04
  iter  2150/3125 | loss 1.0168 | acc 0.938 | lr 2.13e-04
  iter  2200/3125 | loss 1.0748 | acc 0.938 | lr 2.13e-04
  iter  2250/3125 | loss 1.2077 | acc 0.938 | lr 2.13e-04
  iter  2300/3125 | loss 1.1892 | acc 0.938 | lr 2.13e-04
  iter  2350/3125 | loss 1.0329 | acc 0.938 | lr 2.13e-04
  iter  2400/3125 | loss 0.9681 | acc 0.938 | lr 2.13e-04
  iter  2450/3125 | loss 0.9186 | acc 0.938 | lr 2.13e-04
  iter  2500/3125 | loss 1.0511 | acc 0.938 | lr 2.13e-04
  iter  2550/3125 | loss 1.1139 | acc 0.937 | lr 2.13e-04
  iter  2600/3125 | loss 1.0294 | acc 0.937 | lr 2.13e-04
  iter  2650/3125 | loss 1.0284 | acc 0.937 | lr 2.13e-04
  iter  2700/3125 | loss 1.1531 | acc 0.937 | lr 2.13e-04
  iter  2750/3125 | loss 1.1031 | acc 0.937 | lr 2.13e-04
  iter  2800/3125 | loss 1.3043 | acc 0.937 | lr 2.13e-04
  iter  2850/3125 | loss 1.1573 | acc 0.937 | lr 2.13e-04
  iter  2900/3125 | loss 1.2003 | acc 0.936 | lr 2.13e-04
  iter  2950/3125 | loss 1.1950 | acc 0.936 | lr 2.13e-04
  iter  3000/3125 | loss 0.9713 | acc 0.936 | lr 2.13e-04
  iter  3050/3125 | loss 1.1512 | acc 0.936 | lr 2.13e-04
  iter  3100/3125 | loss 1.0682 | acc 0.936 | lr 2.13e-04
[Epoch 082] Train loss=1.0896, acc=0.9358 | opt_steps=3125
[Epoch 082] Val   loss=2.5695, acc=0.5002, lr=2.13e-04
  iter    50/3125 | loss 1.0645 | acc 0.948 | lr 2.13e-04
  iter   100/3125 | loss 0.9927 | acc 0.945 | lr 2.13e-04
  iter   150/3125 | loss 1.1139 | acc 0.943 | lr 2.13e-04
  iter   200/3125 | loss 0.9343 | acc 0.944 | lr 2.13e-04
  iter   250/3125 | loss 0.9918 | acc 0.944 | lr 2.13e-04
  iter   300/3125 | loss 1.3074 | acc 0.944 | lr 2.12e-04
  iter   350/3125 | loss 1.1021 | acc 0.945 | lr 2.12e-04
  iter   400/3125 | loss 0.9238 | acc 0.944 | lr 2.12e-04
  iter   450/3125 | loss 1.0054 | acc 0.944 | lr 2.12e-04
  iter   500/3125 | loss 1.0944 | acc 0.944 | lr 2.12e-04
  iter   550/3125 | loss 1.2376 | acc 0.944 | lr 2.12e-04
  iter   600/3125 | loss 0.9612 | acc 0.944 | lr 2.12e-04
  iter   650/3125 | loss 1.0001 | acc 0.944 | lr 2.12e-04
  iter   700/3125 | loss 1.1169 | acc 0.944 | lr 2.12e-04
  iter   750/3125 | loss 1.1433 | acc 0.944 | lr 2.12e-04
  iter   800/3125 | loss 1.0525 | acc 0.944 | lr 2.12e-04
  iter   850/3125 | loss 1.1885 | acc 0.944 | lr 2.12e-04
  iter   900/3125 | loss 0.9930 | acc 0.944 | lr 2.12e-04
  iter   950/3125 | loss 1.0283 | acc 0.944 | lr 2.12e-04
  iter  1000/3125 | loss 0.9749 | acc 0.944 | lr 2.12e-04
  iter  1050/3125 | loss 0.9084 | acc 0.943 | lr 2.12e-04
  iter  1100/3125 | loss 0.9003 | acc 0.943 | lr 2.12e-04
  iter  1150/3125 | loss 1.1113 | acc 0.942 | lr 2.12e-04
  iter  1200/3125 | loss 1.1503 | acc 0.942 | lr 2.12e-04
  iter  1250/3125 | loss 1.4514 | acc 0.942 | lr 2.12e-04
  iter  1300/3125 | loss 1.3202 | acc 0.941 | lr 2.12e-04
  iter  1350/3125 | loss 1.2350 | acc 0.941 | lr 2.12e-04
  iter  1400/3125 | loss 1.0715 | acc 0.941 | lr 2.12e-04
  iter  1450/3125 | loss 0.9525 | acc 0.941 | lr 2.12e-04
  iter  1500/3125 | loss 0.9352 | acc 0.941 | lr 2.12e-04
  iter  1550/3125 | loss 1.0041 | acc 0.941 | lr 2.12e-04
  iter  1600/3125 | loss 0.9576 | acc 0.941 | lr 2.12e-04
  iter  1650/3125 | loss 0.9574 | acc 0.941 | lr 2.12e-04
  iter  1700/3125 | loss 0.9700 | acc 0.941 | lr 2.11e-04
  iter  1750/3125 | loss 1.0590 | acc 0.940 | lr 2.11e-04
  iter  1800/3125 | loss 1.1630 | acc 0.940 | lr 2.11e-04
  iter  1850/3125 | loss 1.0597 | acc 0.940 | lr 2.11e-04
  iter  1900/3125 | loss 1.2165 | acc 0.940 | lr 2.11e-04
  iter  1950/3125 | loss 0.9926 | acc 0.939 | lr 2.11e-04
  iter  2000/3125 | loss 1.1778 | acc 0.939 | lr 2.11e-04
  iter  2050/3125 | loss 1.0125 | acc 0.939 | lr 2.11e-04
  iter  2100/3125 | loss 1.0531 | acc 0.938 | lr 2.11e-04
  iter  2150/3125 | loss 1.1067 | acc 0.939 | lr 2.11e-04
  iter  2200/3125 | loss 0.9785 | acc 0.938 | lr 2.11e-04
  iter  2250/3125 | loss 1.1878 | acc 0.938 | lr 2.11e-04
  iter  2300/3125 | loss 1.2221 | acc 0.938 | lr 2.11e-04
  iter  2350/3125 | loss 1.0085 | acc 0.938 | lr 2.11e-04
  iter  2400/3125 | loss 0.9395 | acc 0.938 | lr 2.11e-04
  iter  2450/3125 | loss 1.1414 | acc 0.937 | lr 2.11e-04
  iter  2500/3125 | loss 1.0034 | acc 0.937 | lr 2.11e-04
  iter  2550/3125 | loss 0.9326 | acc 0.937 | lr 2.11e-04
  iter  2600/3125 | loss 0.9383 | acc 0.937 | lr 2.11e-04
  iter  2650/3125 | loss 0.9468 | acc 0.937 | lr 2.11e-04
  iter  2700/3125 | loss 1.0266 | acc 0.937 | lr 2.11e-04
  iter  2750/3125 | loss 1.0545 | acc 0.936 | lr 2.11e-04
  iter  2800/3125 | loss 1.2676 | acc 0.936 | lr 2.11e-04
  iter  2850/3125 | loss 0.9560 | acc 0.936 | lr 2.11e-04
  iter  2900/3125 | loss 0.9842 | acc 0.936 | lr 2.11e-04
  iter  2950/3125 | loss 1.1056 | acc 0.936 | lr 2.11e-04
  iter  3000/3125 | loss 1.0805 | acc 0.936 | lr 2.11e-04
  iter  3050/3125 | loss 1.3044 | acc 0.935 | lr 2.11e-04
  iter  3100/3125 | loss 1.0092 | acc 0.935 | lr 2.10e-04
[Epoch 083] Train loss=1.0883, acc=0.9354 | opt_steps=3125
[Epoch 083] Val   loss=2.5776, acc=0.4992, lr=2.10e-04
  iter    50/3125 | loss 1.1726 | acc 0.952 | lr 2.10e-04
  iter   100/3125 | loss 0.9449 | acc 0.955 | lr 2.10e-04
  iter   150/3125 | loss 0.9986 | acc 0.950 | lr 2.10e-04
  iter   200/3125 | loss 1.1568 | acc 0.952 | lr 2.10e-04
  iter   250/3125 | loss 1.4582 | acc 0.951 | lr 2.10e-04
  iter   300/3125 | loss 1.0434 | acc 0.950 | lr 2.10e-04
  iter   350/3125 | loss 1.0530 | acc 0.949 | lr 2.10e-04
  iter   400/3125 | loss 0.9045 | acc 0.948 | lr 2.10e-04
  iter   450/3125 | loss 1.0043 | acc 0.948 | lr 2.10e-04
  iter   500/3125 | loss 0.9883 | acc 0.947 | lr 2.10e-04
  iter   550/3125 | loss 1.0965 | acc 0.947 | lr 2.10e-04
  iter   600/3125 | loss 1.0902 | acc 0.947 | lr 2.10e-04
  iter   650/3125 | loss 1.1523 | acc 0.946 | lr 2.10e-04
  iter   700/3125 | loss 0.9026 | acc 0.945 | lr 2.10e-04
  iter   750/3125 | loss 1.0203 | acc 0.945 | lr 2.10e-04
  iter   800/3125 | loss 1.1282 | acc 0.945 | lr 2.10e-04
  iter   850/3125 | loss 0.9581 | acc 0.945 | lr 2.10e-04
  iter   900/3125 | loss 0.9786 | acc 0.944 | lr 2.10e-04
  iter   950/3125 | loss 1.0713 | acc 0.944 | lr 2.10e-04
  iter  1000/3125 | loss 1.2285 | acc 0.944 | lr 2.10e-04
  iter  1050/3125 | loss 1.0719 | acc 0.944 | lr 2.10e-04
  iter  1100/3125 | loss 1.0507 | acc 0.944 | lr 2.10e-04
  iter  1150/3125 | loss 0.9595 | acc 0.945 | lr 2.10e-04
  iter  1200/3125 | loss 1.1341 | acc 0.945 | lr 2.10e-04
  iter  1250/3125 | loss 1.1453 | acc 0.944 | lr 2.10e-04
  iter  1300/3125 | loss 1.1333 | acc 0.944 | lr 2.10e-04
  iter  1350/3125 | loss 0.9740 | acc 0.943 | lr 2.09e-04
  iter  1400/3125 | loss 1.2171 | acc 0.943 | lr 2.09e-04
  iter  1450/3125 | loss 0.9293 | acc 0.943 | lr 2.09e-04
  iter  1500/3125 | loss 0.9119 | acc 0.943 | lr 2.09e-04
  iter  1550/3125 | loss 1.1887 | acc 0.943 | lr 2.09e-04
  iter  1600/3125 | loss 1.0569 | acc 0.943 | lr 2.09e-04
  iter  1650/3125 | loss 1.3352 | acc 0.942 | lr 2.09e-04
  iter  1700/3125 | loss 1.0238 | acc 0.942 | lr 2.09e-04
  iter  1750/3125 | loss 1.1166 | acc 0.941 | lr 2.09e-04
  iter  1800/3125 | loss 1.0542 | acc 0.941 | lr 2.09e-04
  iter  1850/3125 | loss 1.2876 | acc 0.941 | lr 2.09e-04
  iter  1900/3125 | loss 1.0522 | acc 0.941 | lr 2.09e-04
  iter  1950/3125 | loss 1.2589 | acc 0.940 | lr 2.09e-04
  iter  2000/3125 | loss 1.2522 | acc 0.940 | lr 2.09e-04
  iter  2050/3125 | loss 1.0110 | acc 0.940 | lr 2.09e-04
  iter  2100/3125 | loss 0.9142 | acc 0.940 | lr 2.09e-04
  iter  2150/3125 | loss 1.2914 | acc 0.940 | lr 2.09e-04
  iter  2200/3125 | loss 1.2250 | acc 0.940 | lr 2.09e-04
  iter  2250/3125 | loss 1.0596 | acc 0.940 | lr 2.09e-04
  iter  2300/3125 | loss 0.9060 | acc 0.939 | lr 2.09e-04
  iter  2350/3125 | loss 0.9685 | acc 0.940 | lr 2.09e-04
  iter  2400/3125 | loss 1.1336 | acc 0.939 | lr 2.09e-04
  iter  2450/3125 | loss 1.0885 | acc 0.939 | lr 2.09e-04
  iter  2500/3125 | loss 1.2297 | acc 0.939 | lr 2.09e-04
  iter  2550/3125 | loss 1.4244 | acc 0.939 | lr 2.09e-04
  iter  2600/3125 | loss 1.0267 | acc 0.938 | lr 2.09e-04
  iter  2650/3125 | loss 1.1658 | acc 0.938 | lr 2.09e-04
  iter  2700/3125 | loss 1.1864 | acc 0.938 | lr 2.09e-04
  iter  2750/3125 | loss 1.1914 | acc 0.938 | lr 2.08e-04
  iter  2800/3125 | loss 1.0749 | acc 0.938 | lr 2.08e-04
  iter  2850/3125 | loss 1.2353 | acc 0.938 | lr 2.08e-04
  iter  2900/3125 | loss 1.0742 | acc 0.937 | lr 2.08e-04
  iter  2950/3125 | loss 0.9099 | acc 0.937 | lr 2.08e-04
  iter  3000/3125 | loss 0.9757 | acc 0.937 | lr 2.08e-04
  iter  3050/3125 | loss 1.2520 | acc 0.937 | lr 2.08e-04
  iter  3100/3125 | loss 0.9958 | acc 0.937 | lr 2.08e-04
[Epoch 084] Train loss=1.0828, acc=0.9369 | opt_steps=3125
[Epoch 084] Val   loss=2.5814, acc=0.5007, lr=2.08e-04
  iter    50/3125 | loss 0.9321 | acc 0.954 | lr 2.08e-04
  iter   100/3125 | loss 0.9057 | acc 0.952 | lr 2.08e-04
  iter   150/3125 | loss 1.0052 | acc 0.951 | lr 2.08e-04
  iter   200/3125 | loss 0.9899 | acc 0.952 | lr 2.08e-04
  iter   250/3125 | loss 1.0027 | acc 0.951 | lr 2.08e-04
  iter   300/3125 | loss 0.9054 | acc 0.951 | lr 2.08e-04
  iter   350/3125 | loss 1.1154 | acc 0.951 | lr 2.08e-04
  iter   400/3125 | loss 1.0158 | acc 0.951 | lr 2.08e-04
  iter   450/3125 | loss 1.0799 | acc 0.950 | lr 2.08e-04
  iter   500/3125 | loss 1.1429 | acc 0.949 | lr 2.08e-04
  iter   550/3125 | loss 1.1336 | acc 0.949 | lr 2.08e-04
  iter   600/3125 | loss 0.9845 | acc 0.949 | lr 2.08e-04
  iter   650/3125 | loss 0.9614 | acc 0.949 | lr 2.08e-04
  iter   700/3125 | loss 1.1459 | acc 0.949 | lr 2.08e-04
  iter   750/3125 | loss 0.9635 | acc 0.948 | lr 2.08e-04
  iter   800/3125 | loss 0.9377 | acc 0.948 | lr 2.08e-04
  iter   850/3125 | loss 1.0343 | acc 0.947 | lr 2.08e-04
  iter   900/3125 | loss 1.3823 | acc 0.947 | lr 2.08e-04
  iter   950/3125 | loss 1.1343 | acc 0.947 | lr 2.08e-04
  iter  1000/3125 | loss 1.0594 | acc 0.946 | lr 2.07e-04
  iter  1050/3125 | loss 0.8865 | acc 0.945 | lr 2.07e-04
  iter  1100/3125 | loss 0.9661 | acc 0.945 | lr 2.07e-04
  iter  1150/3125 | loss 1.1910 | acc 0.945 | lr 2.07e-04
  iter  1200/3125 | loss 1.0070 | acc 0.944 | lr 2.07e-04
  iter  1250/3125 | loss 1.3115 | acc 0.944 | lr 2.07e-04
  iter  1300/3125 | loss 1.1776 | acc 0.944 | lr 2.07e-04
  iter  1350/3125 | loss 1.0264 | acc 0.944 | lr 2.07e-04
  iter  1400/3125 | loss 1.0060 | acc 0.943 | lr 2.07e-04
  iter  1450/3125 | loss 0.9479 | acc 0.943 | lr 2.07e-04
  iter  1500/3125 | loss 1.3126 | acc 0.943 | lr 2.07e-04
  iter  1550/3125 | loss 1.1273 | acc 0.943 | lr 2.07e-04
  iter  1600/3125 | loss 1.1338 | acc 0.943 | lr 2.07e-04
  iter  1650/3125 | loss 0.9243 | acc 0.943 | lr 2.07e-04
  iter  1700/3125 | loss 1.0232 | acc 0.943 | lr 2.07e-04
  iter  1750/3125 | loss 1.3626 | acc 0.943 | lr 2.07e-04
  iter  1800/3125 | loss 1.0498 | acc 0.942 | lr 2.07e-04
  iter  1850/3125 | loss 1.1227 | acc 0.942 | lr 2.07e-04
  iter  1900/3125 | loss 0.9328 | acc 0.942 | lr 2.07e-04
  iter  1950/3125 | loss 1.2555 | acc 0.942 | lr 2.07e-04
  iter  2000/3125 | loss 0.9119 | acc 0.941 | lr 2.07e-04
  iter  2050/3125 | loss 1.0394 | acc 0.941 | lr 2.07e-04
  iter  2100/3125 | loss 0.9389 | acc 0.941 | lr 2.07e-04
  iter  2150/3125 | loss 1.4368 | acc 0.941 | lr 2.07e-04
  iter  2200/3125 | loss 1.2182 | acc 0.940 | lr 2.07e-04
  iter  2250/3125 | loss 1.0232 | acc 0.940 | lr 2.07e-04
  iter  2300/3125 | loss 1.0071 | acc 0.940 | lr 2.07e-04
  iter  2350/3125 | loss 1.4197 | acc 0.940 | lr 2.06e-04
  iter  2400/3125 | loss 0.9803 | acc 0.940 | lr 2.06e-04
  iter  2450/3125 | loss 1.2092 | acc 0.940 | lr 2.06e-04
  iter  2500/3125 | loss 1.3075 | acc 0.939 | lr 2.06e-04
  iter  2550/3125 | loss 0.9424 | acc 0.939 | lr 2.06e-04
  iter  2600/3125 | loss 1.0100 | acc 0.939 | lr 2.06e-04
  iter  2650/3125 | loss 1.0280 | acc 0.939 | lr 2.06e-04
  iter  2700/3125 | loss 0.9721 | acc 0.939 | lr 2.06e-04
  iter  2750/3125 | loss 1.0485 | acc 0.939 | lr 2.06e-04
  iter  2800/3125 | loss 0.9993 | acc 0.939 | lr 2.06e-04
  iter  2850/3125 | loss 0.9599 | acc 0.939 | lr 2.06e-04
  iter  2900/3125 | loss 1.2039 | acc 0.939 | lr 2.06e-04
  iter  2950/3125 | loss 1.0972 | acc 0.939 | lr 2.06e-04
  iter  3000/3125 | loss 1.0400 | acc 0.939 | lr 2.06e-04
  iter  3050/3125 | loss 1.2625 | acc 0.938 | lr 2.06e-04
  iter  3100/3125 | loss 1.0874 | acc 0.938 | lr 2.06e-04
[Epoch 085] Train loss=1.0793, acc=0.9382 | opt_steps=3125
[Epoch 085] Val   loss=2.5837, acc=0.5018, lr=2.06e-04
  iter    50/3125 | loss 1.0694 | acc 0.956 | lr 2.06e-04
  iter   100/3125 | loss 0.9073 | acc 0.953 | lr 2.06e-04
  iter   150/3125 | loss 0.9978 | acc 0.950 | lr 2.06e-04
  iter   200/3125 | loss 1.0265 | acc 0.951 | lr 2.06e-04
  iter   250/3125 | loss 0.9903 | acc 0.953 | lr 2.06e-04
  iter   300/3125 | loss 0.9587 | acc 0.953 | lr 2.06e-04
  iter   350/3125 | loss 1.0318 | acc 0.951 | lr 2.06e-04
  iter   400/3125 | loss 1.0429 | acc 0.950 | lr 2.06e-04
  iter   450/3125 | loss 1.1183 | acc 0.950 | lr 2.06e-04
  iter   500/3125 | loss 1.1676 | acc 0.950 | lr 2.06e-04
  iter   550/3125 | loss 1.1287 | acc 0.950 | lr 2.06e-04
  iter   600/3125 | loss 0.9608 | acc 0.949 | lr 2.05e-04
  iter   650/3125 | loss 1.0641 | acc 0.949 | lr 2.05e-04
  iter   700/3125 | loss 1.0734 | acc 0.949 | lr 2.05e-04
  iter   750/3125 | loss 0.9376 | acc 0.949 | lr 2.05e-04
  iter   800/3125 | loss 1.1739 | acc 0.948 | lr 2.05e-04
  iter   850/3125 | loss 0.9697 | acc 0.948 | lr 2.05e-04
  iter   900/3125 | loss 1.0141 | acc 0.948 | lr 2.05e-04
  iter   950/3125 | loss 1.4447 | acc 0.947 | lr 2.05e-04
  iter  1000/3125 | loss 0.9743 | acc 0.947 | lr 2.05e-04
  iter  1050/3125 | loss 1.1180 | acc 0.947 | lr 2.05e-04
  iter  1100/3125 | loss 0.9113 | acc 0.947 | lr 2.05e-04
  iter  1150/3125 | loss 1.0413 | acc 0.947 | lr 2.05e-04
  iter  1200/3125 | loss 1.2016 | acc 0.946 | lr 2.05e-04
  iter  1250/3125 | loss 1.0961 | acc 0.946 | lr 2.05e-04
  iter  1300/3125 | loss 1.0820 | acc 0.946 | lr 2.05e-04
  iter  1350/3125 | loss 1.1488 | acc 0.945 | lr 2.05e-04
  iter  1400/3125 | loss 1.0885 | acc 0.945 | lr 2.05e-04
  iter  1450/3125 | loss 1.1218 | acc 0.945 | lr 2.05e-04
  iter  1500/3125 | loss 1.0449 | acc 0.945 | lr 2.05e-04
  iter  1550/3125 | loss 0.9903 | acc 0.944 | lr 2.05e-04
  iter  1600/3125 | loss 1.1962 | acc 0.944 | lr 2.05e-04
  iter  1650/3125 | loss 1.0687 | acc 0.944 | lr 2.05e-04
  iter  1700/3125 | loss 0.9197 | acc 0.944 | lr 2.05e-04
  iter  1750/3125 | loss 0.9590 | acc 0.943 | lr 2.05e-04
  iter  1800/3125 | loss 0.9236 | acc 0.943 | lr 2.05e-04
  iter  1850/3125 | loss 0.9335 | acc 0.943 | lr 2.05e-04
  iter  1900/3125 | loss 1.3421 | acc 0.942 | lr 2.05e-04
  iter  1950/3125 | loss 0.9343 | acc 0.942 | lr 2.04e-04
  iter  2000/3125 | loss 0.9267 | acc 0.942 | lr 2.04e-04
  iter  2050/3125 | loss 0.9205 | acc 0.942 | lr 2.04e-04
  iter  2100/3125 | loss 1.1532 | acc 0.942 | lr 2.04e-04
  iter  2150/3125 | loss 1.1069 | acc 0.942 | lr 2.04e-04
  iter  2200/3125 | loss 0.9085 | acc 0.941 | lr 2.04e-04
  iter  2250/3125 | loss 0.9421 | acc 0.941 | lr 2.04e-04
  iter  2300/3125 | loss 1.0327 | acc 0.941 | lr 2.04e-04
  iter  2350/3125 | loss 1.0015 | acc 0.941 | lr 2.04e-04
  iter  2400/3125 | loss 1.1592 | acc 0.940 | lr 2.04e-04
  iter  2450/3125 | loss 0.9817 | acc 0.940 | lr 2.04e-04
  iter  2500/3125 | loss 1.2738 | acc 0.940 | lr 2.04e-04
  iter  2550/3125 | loss 1.0331 | acc 0.940 | lr 2.04e-04
  iter  2600/3125 | loss 1.1276 | acc 0.940 | lr 2.04e-04
  iter  2650/3125 | loss 1.0970 | acc 0.940 | lr 2.04e-04
  iter  2700/3125 | loss 1.0561 | acc 0.940 | lr 2.04e-04
  iter  2750/3125 | loss 1.1146 | acc 0.940 | lr 2.04e-04
  iter  2800/3125 | loss 1.0833 | acc 0.939 | lr 2.04e-04
  iter  2850/3125 | loss 1.0589 | acc 0.939 | lr 2.04e-04
  iter  2900/3125 | loss 1.1750 | acc 0.939 | lr 2.04e-04
  iter  2950/3125 | loss 0.9906 | acc 0.939 | lr 2.04e-04
  iter  3000/3125 | loss 1.0519 | acc 0.939 | lr 2.04e-04
  iter  3050/3125 | loss 1.1375 | acc 0.939 | lr 2.04e-04
  iter  3100/3125 | loss 0.9273 | acc 0.939 | lr 2.04e-04
[Epoch 086] Train loss=1.0750, acc=0.9387 | opt_steps=3125
[Epoch 086] Val   loss=2.5813, acc=0.5009, lr=2.04e-04
  iter    50/3125 | loss 0.9944 | acc 0.954 | lr 2.04e-04
  iter   100/3125 | loss 1.0272 | acc 0.949 | lr 2.04e-04
  iter   150/3125 | loss 1.0963 | acc 0.948 | lr 2.04e-04
  iter   200/3125 | loss 1.2493 | acc 0.950 | lr 2.03e-04
  iter   250/3125 | loss 1.1061 | acc 0.951 | lr 2.03e-04
  iter   300/3125 | loss 1.0927 | acc 0.950 | lr 2.03e-04
  iter   350/3125 | loss 1.0697 | acc 0.950 | lr 2.03e-04
  iter   400/3125 | loss 1.0473 | acc 0.950 | lr 2.03e-04
  iter   450/3125 | loss 1.2266 | acc 0.950 | lr 2.03e-04
  iter   500/3125 | loss 1.0202 | acc 0.949 | lr 2.03e-04
  iter   550/3125 | loss 0.9418 | acc 0.949 | lr 2.03e-04
  iter   600/3125 | loss 1.1521 | acc 0.948 | lr 2.03e-04
  iter   650/3125 | loss 1.0800 | acc 0.947 | lr 2.03e-04
  iter   700/3125 | loss 0.9617 | acc 0.947 | lr 2.03e-04
  iter   750/3125 | loss 1.2118 | acc 0.947 | lr 2.03e-04
  iter   800/3125 | loss 0.9711 | acc 0.947 | lr 2.03e-04
  iter   850/3125 | loss 1.0093 | acc 0.946 | lr 2.03e-04
  iter   900/3125 | loss 1.1644 | acc 0.946 | lr 2.03e-04
  iter   950/3125 | loss 1.2477 | acc 0.946 | lr 2.03e-04
  iter  1000/3125 | loss 0.9079 | acc 0.946 | lr 2.03e-04
  iter  1050/3125 | loss 1.0849 | acc 0.946 | lr 2.03e-04
  iter  1100/3125 | loss 1.2256 | acc 0.945 | lr 2.03e-04
  iter  1150/3125 | loss 1.1471 | acc 0.945 | lr 2.03e-04
  iter  1200/3125 | loss 0.9681 | acc 0.945 | lr 2.03e-04
  iter  1250/3125 | loss 0.9941 | acc 0.945 | lr 2.03e-04
  iter  1300/3125 | loss 0.9816 | acc 0.944 | lr 2.03e-04
  iter  1350/3125 | loss 1.0489 | acc 0.945 | lr 2.03e-04
  iter  1400/3125 | loss 1.1458 | acc 0.944 | lr 2.03e-04
  iter  1450/3125 | loss 1.0286 | acc 0.944 | lr 2.03e-04
  iter  1500/3125 | loss 0.9710 | acc 0.944 | lr 2.03e-04
  iter  1550/3125 | loss 1.2065 | acc 0.944 | lr 2.02e-04
  iter  1600/3125 | loss 1.0151 | acc 0.943 | lr 2.02e-04
  iter  1650/3125 | loss 1.2186 | acc 0.943 | lr 2.02e-04
  iter  1700/3125 | loss 1.0148 | acc 0.943 | lr 2.02e-04
  iter  1750/3125 | loss 0.9170 | acc 0.943 | lr 2.02e-04
  iter  1800/3125 | loss 1.1181 | acc 0.943 | lr 2.02e-04
  iter  1850/3125 | loss 1.2080 | acc 0.943 | lr 2.02e-04
  iter  1900/3125 | loss 1.3146 | acc 0.943 | lr 2.02e-04
  iter  1950/3125 | loss 0.9737 | acc 0.943 | lr 2.02e-04
  iter  2000/3125 | loss 1.1346 | acc 0.942 | lr 2.02e-04
  iter  2050/3125 | loss 1.4400 | acc 0.942 | lr 2.02e-04
  iter  2100/3125 | loss 1.0004 | acc 0.942 | lr 2.02e-04
  iter  2150/3125 | loss 1.2411 | acc 0.942 | lr 2.02e-04
  iter  2200/3125 | loss 1.0416 | acc 0.942 | lr 2.02e-04
  iter  2250/3125 | loss 0.9952 | acc 0.942 | lr 2.02e-04
  iter  2300/3125 | loss 0.9803 | acc 0.942 | lr 2.02e-04
  iter  2350/3125 | loss 0.9286 | acc 0.942 | lr 2.02e-04
  iter  2400/3125 | loss 1.0308 | acc 0.942 | lr 2.02e-04
  iter  2450/3125 | loss 1.0333 | acc 0.941 | lr 2.02e-04
  iter  2500/3125 | loss 1.2470 | acc 0.941 | lr 2.02e-04
  iter  2550/3125 | loss 0.9578 | acc 0.941 | lr 2.02e-04
  iter  2600/3125 | loss 1.1296 | acc 0.941 | lr 2.02e-04
  iter  2650/3125 | loss 1.0363 | acc 0.941 | lr 2.02e-04
  iter  2700/3125 | loss 1.0357 | acc 0.941 | lr 2.02e-04
  iter  2750/3125 | loss 1.0250 | acc 0.941 | lr 2.02e-04
  iter  2800/3125 | loss 1.0388 | acc 0.941 | lr 2.02e-04
  iter  2850/3125 | loss 0.9876 | acc 0.941 | lr 2.02e-04
  iter  2900/3125 | loss 0.9977 | acc 0.941 | lr 2.01e-04
  iter  2950/3125 | loss 1.1993 | acc 0.940 | lr 2.01e-04
  iter  3000/3125 | loss 1.3758 | acc 0.940 | lr 2.01e-04
  iter  3050/3125 | loss 0.9931 | acc 0.940 | lr 2.01e-04
  iter  3100/3125 | loss 1.2221 | acc 0.940 | lr 2.01e-04
[Epoch 087] Train loss=1.0727, acc=0.9397 | opt_steps=3125
[Epoch 087] Val   loss=2.5867, acc=0.4998, lr=2.01e-04
  iter    50/3125 | loss 1.2320 | acc 0.953 | lr 2.01e-04
  iter   100/3125 | loss 1.1147 | acc 0.953 | lr 2.01e-04
  iter   150/3125 | loss 0.8995 | acc 0.955 | lr 2.01e-04
  iter   200/3125 | loss 1.1129 | acc 0.955 | lr 2.01e-04
  iter   250/3125 | loss 0.8929 | acc 0.954 | lr 2.01e-04
  iter   300/3125 | loss 1.1934 | acc 0.953 | lr 2.01e-04
  iter   350/3125 | loss 1.0493 | acc 0.952 | lr 2.01e-04
  iter   400/3125 | loss 0.9757 | acc 0.951 | lr 2.01e-04
  iter   450/3125 | loss 0.9164 | acc 0.951 | lr 2.01e-04
  iter   500/3125 | loss 0.9500 | acc 0.951 | lr 2.01e-04
  iter   550/3125 | loss 1.1196 | acc 0.951 | lr 2.01e-04
  iter   600/3125 | loss 1.2428 | acc 0.950 | lr 2.01e-04
  iter   650/3125 | loss 1.0251 | acc 0.949 | lr 2.01e-04
  iter   700/3125 | loss 1.1569 | acc 0.949 | lr 2.01e-04
  iter   750/3125 | loss 0.9066 | acc 0.948 | lr 2.01e-04
  iter   800/3125 | loss 1.0270 | acc 0.948 | lr 2.01e-04
  iter   850/3125 | loss 1.1065 | acc 0.947 | lr 2.01e-04
  iter   900/3125 | loss 0.9479 | acc 0.947 | lr 2.01e-04
  iter   950/3125 | loss 1.0487 | acc 0.947 | lr 2.01e-04
  iter  1000/3125 | loss 1.1661 | acc 0.947 | lr 2.01e-04
  iter  1050/3125 | loss 0.9780 | acc 0.947 | lr 2.01e-04
  iter  1100/3125 | loss 1.1966 | acc 0.947 | lr 2.01e-04
  iter  1150/3125 | loss 0.9342 | acc 0.946 | lr 2.00e-04
  iter  1200/3125 | loss 1.1692 | acc 0.946 | lr 2.00e-04
  iter  1250/3125 | loss 1.1003 | acc 0.946 | lr 2.00e-04
  iter  1300/3125 | loss 1.1126 | acc 0.946 | lr 2.00e-04
  iter  1350/3125 | loss 1.2139 | acc 0.945 | lr 2.00e-04
  iter  1400/3125 | loss 1.1636 | acc 0.945 | lr 2.00e-04
  iter  1450/3125 | loss 1.3968 | acc 0.945 | lr 2.00e-04
  iter  1500/3125 | loss 0.9694 | acc 0.945 | lr 2.00e-04
  iter  1550/3125 | loss 1.0643 | acc 0.945 | lr 2.00e-04
  iter  1600/3125 | loss 1.0533 | acc 0.945 | lr 2.00e-04
  iter  1650/3125 | loss 0.9034 | acc 0.945 | lr 2.00e-04
  iter  1700/3125 | loss 1.1820 | acc 0.945 | lr 2.00e-04
  iter  1750/3125 | loss 0.9825 | acc 0.944 | lr 2.00e-04
  iter  1800/3125 | loss 0.9714 | acc 0.944 | lr 2.00e-04
  iter  1850/3125 | loss 0.9443 | acc 0.944 | lr 2.00e-04
  iter  1900/3125 | loss 1.0244 | acc 0.944 | lr 2.00e-04
  iter  1950/3125 | loss 1.0039 | acc 0.943 | lr 2.00e-04
  iter  2000/3125 | loss 0.9901 | acc 0.943 | lr 2.00e-04
  iter  2050/3125 | loss 1.1194 | acc 0.943 | lr 2.00e-04
  iter  2100/3125 | loss 0.9543 | acc 0.943 | lr 2.00e-04
  iter  2150/3125 | loss 1.0102 | acc 0.943 | lr 2.00e-04
  iter  2200/3125 | loss 0.9967 | acc 0.943 | lr 2.00e-04
  iter  2250/3125 | loss 0.9444 | acc 0.943 | lr 2.00e-04
  iter  2300/3125 | loss 0.9367 | acc 0.943 | lr 2.00e-04
  iter  2350/3125 | loss 1.1393 | acc 0.943 | lr 2.00e-04
  iter  2400/3125 | loss 1.3286 | acc 0.942 | lr 2.00e-04
  iter  2450/3125 | loss 0.9245 | acc 0.942 | lr 1.99e-04
  iter  2500/3125 | loss 0.9863 | acc 0.942 | lr 1.99e-04
  iter  2550/3125 | loss 0.9941 | acc 0.942 | lr 1.99e-04
  iter  2600/3125 | loss 0.9877 | acc 0.942 | lr 1.99e-04
  iter  2650/3125 | loss 1.3634 | acc 0.941 | lr 1.99e-04
  iter  2700/3125 | loss 0.9117 | acc 0.941 | lr 1.99e-04
  iter  2750/3125 | loss 1.1585 | acc 0.941 | lr 1.99e-04
  iter  2800/3125 | loss 0.9874 | acc 0.941 | lr 1.99e-04
  iter  2850/3125 | loss 1.2514 | acc 0.941 | lr 1.99e-04
  iter  2900/3125 | loss 1.5420 | acc 0.941 | lr 1.99e-04
  iter  2950/3125 | loss 0.9684 | acc 0.940 | lr 1.99e-04
  iter  3000/3125 | loss 1.0744 | acc 0.940 | lr 1.99e-04
  iter  3050/3125 | loss 1.0599 | acc 0.940 | lr 1.99e-04
  iter  3100/3125 | loss 0.9807 | acc 0.940 | lr 1.99e-04
[Epoch 088] Train loss=1.0721, acc=0.9400 | opt_steps=3125
[Epoch 088] Val   loss=2.5904, acc=0.4984, lr=1.99e-04
  iter    50/3125 | loss 0.9017 | acc 0.961 | lr 1.99e-04
  iter   100/3125 | loss 0.9229 | acc 0.959 | lr 1.99e-04
  iter   150/3125 | loss 0.9445 | acc 0.956 | lr 1.99e-04
  iter   200/3125 | loss 1.0369 | acc 0.955 | lr 1.99e-04
  iter   250/3125 | loss 1.2446 | acc 0.954 | lr 1.99e-04
  iter   300/3125 | loss 0.9955 | acc 0.953 | lr 1.99e-04
  iter   350/3125 | loss 1.0286 | acc 0.953 | lr 1.99e-04
  iter   400/3125 | loss 0.9413 | acc 0.952 | lr 1.99e-04
  iter   450/3125 | loss 1.0327 | acc 0.951 | lr 1.99e-04
  iter   500/3125 | loss 1.0459 | acc 0.950 | lr 1.99e-04
  iter   550/3125 | loss 1.0997 | acc 0.949 | lr 1.99e-04
  iter   600/3125 | loss 1.1241 | acc 0.949 | lr 1.99e-04
  iter   650/3125 | loss 1.1235 | acc 0.949 | lr 1.99e-04
  iter   700/3125 | loss 0.9995 | acc 0.949 | lr 1.98e-04
  iter   750/3125 | loss 0.9612 | acc 0.949 | lr 1.98e-04
  iter   800/3125 | loss 1.3100 | acc 0.949 | lr 1.98e-04
  iter   850/3125 | loss 0.9317 | acc 0.948 | lr 1.98e-04
  iter   900/3125 | loss 0.9509 | acc 0.948 | lr 1.98e-04
  iter   950/3125 | loss 0.9698 | acc 0.948 | lr 1.98e-04
  iter  1000/3125 | loss 1.2404 | acc 0.947 | lr 1.98e-04
  iter  1050/3125 | loss 1.1799 | acc 0.948 | lr 1.98e-04
  iter  1100/3125 | loss 0.9037 | acc 0.947 | lr 1.98e-04
  iter  1150/3125 | loss 1.1903 | acc 0.947 | lr 1.98e-04
  iter  1200/3125 | loss 1.1534 | acc 0.947 | lr 1.98e-04
  iter  1250/3125 | loss 1.2139 | acc 0.946 | lr 1.98e-04
  iter  1300/3125 | loss 1.0581 | acc 0.946 | lr 1.98e-04
  iter  1350/3125 | loss 0.9579 | acc 0.946 | lr 1.98e-04
  iter  1400/3125 | loss 1.0687 | acc 0.946 | lr 1.98e-04
  iter  1450/3125 | loss 1.1104 | acc 0.946 | lr 1.98e-04
  iter  1500/3125 | loss 1.1492 | acc 0.946 | lr 1.98e-04
  iter  1550/3125 | loss 1.0421 | acc 0.946 | lr 1.98e-04
  iter  1600/3125 | loss 1.1081 | acc 0.945 | lr 1.98e-04
  iter  1650/3125 | loss 1.1354 | acc 0.945 | lr 1.98e-04
  iter  1700/3125 | loss 1.0778 | acc 0.945 | lr 1.98e-04
  iter  1750/3125 | loss 0.9453 | acc 0.945 | lr 1.98e-04
  iter  1800/3125 | loss 1.1581 | acc 0.944 | lr 1.98e-04
  iter  1850/3125 | loss 1.0058 | acc 0.944 | lr 1.98e-04
  iter  1900/3125 | loss 1.0697 | acc 0.944 | lr 1.98e-04
  iter  1950/3125 | loss 1.2191 | acc 0.944 | lr 1.98e-04
  iter  2000/3125 | loss 0.9778 | acc 0.944 | lr 1.98e-04
  iter  2050/3125 | loss 1.0045 | acc 0.944 | lr 1.97e-04
  iter  2100/3125 | loss 1.1584 | acc 0.944 | lr 1.97e-04
  iter  2150/3125 | loss 1.0617 | acc 0.944 | lr 1.97e-04
  iter  2200/3125 | loss 1.0544 | acc 0.944 | lr 1.97e-04
  iter  2250/3125 | loss 1.0744 | acc 0.944 | lr 1.97e-04
  iter  2300/3125 | loss 1.1266 | acc 0.943 | lr 1.97e-04
  iter  2350/3125 | loss 1.0547 | acc 0.943 | lr 1.97e-04
  iter  2400/3125 | loss 1.2075 | acc 0.943 | lr 1.97e-04
  iter  2450/3125 | loss 1.2173 | acc 0.943 | lr 1.97e-04
  iter  2500/3125 | loss 1.2753 | acc 0.943 | lr 1.97e-04
  iter  2550/3125 | loss 1.1580 | acc 0.942 | lr 1.97e-04
  iter  2600/3125 | loss 1.0411 | acc 0.942 | lr 1.97e-04
  iter  2650/3125 | loss 1.1952 | acc 0.942 | lr 1.97e-04
  iter  2700/3125 | loss 1.3026 | acc 0.942 | lr 1.97e-04
  iter  2750/3125 | loss 1.0009 | acc 0.942 | lr 1.97e-04
  iter  2800/3125 | loss 1.0977 | acc 0.942 | lr 1.97e-04
  iter  2850/3125 | loss 1.2584 | acc 0.942 | lr 1.97e-04
  iter  2900/3125 | loss 1.1619 | acc 0.942 | lr 1.97e-04
  iter  2950/3125 | loss 1.2034 | acc 0.941 | lr 1.97e-04
  iter  3000/3125 | loss 1.1664 | acc 0.941 | lr 1.97e-04
  iter  3050/3125 | loss 0.9778 | acc 0.941 | lr 1.97e-04
  iter  3100/3125 | loss 0.9478 | acc 0.941 | lr 1.97e-04
[Epoch 089] Train loss=1.0669, acc=0.9411 | opt_steps=3125
[Epoch 089] Val   loss=2.5958, acc=0.4974, lr=1.97e-04
  iter    50/3125 | loss 1.0719 | acc 0.959 | lr 1.97e-04
  iter   100/3125 | loss 0.9754 | acc 0.958 | lr 1.97e-04
  iter   150/3125 | loss 0.9684 | acc 0.955 | lr 1.97e-04
  iter   200/3125 | loss 0.9760 | acc 0.955 | lr 1.97e-04
  iter   250/3125 | loss 0.9515 | acc 0.955 | lr 1.96e-04
  iter   300/3125 | loss 1.2196 | acc 0.953 | lr 1.96e-04
  iter   350/3125 | loss 1.1352 | acc 0.952 | lr 1.96e-04
  iter   400/3125 | loss 1.1545 | acc 0.953 | lr 1.96e-04
  iter   450/3125 | loss 0.9198 | acc 0.954 | lr 1.96e-04
  iter   500/3125 | loss 1.0294 | acc 0.954 | lr 1.96e-04
  iter   550/3125 | loss 0.9760 | acc 0.953 | lr 1.96e-04
  iter   600/3125 | loss 1.0446 | acc 0.952 | lr 1.96e-04
  iter   650/3125 | loss 1.0374 | acc 0.952 | lr 1.96e-04
  iter   700/3125 | loss 1.0132 | acc 0.952 | lr 1.96e-04
  iter   750/3125 | loss 0.9766 | acc 0.951 | lr 1.96e-04
  iter   800/3125 | loss 1.0356 | acc 0.951 | lr 1.96e-04
  iter   850/3125 | loss 1.1805 | acc 0.951 | lr 1.96e-04
  iter   900/3125 | loss 1.1375 | acc 0.951 | lr 1.96e-04
  iter   950/3125 | loss 1.2239 | acc 0.950 | lr 1.96e-04
  iter  1000/3125 | loss 0.9516 | acc 0.950 | lr 1.96e-04
  iter  1050/3125 | loss 1.0298 | acc 0.949 | lr 1.96e-04
  iter  1100/3125 | loss 0.9752 | acc 0.950 | lr 1.96e-04
  iter  1150/3125 | loss 1.0315 | acc 0.949 | lr 1.96e-04
  iter  1200/3125 | loss 1.3282 | acc 0.949 | lr 1.96e-04
  iter  1250/3125 | loss 0.9778 | acc 0.949 | lr 1.96e-04
  iter  1300/3125 | loss 0.9892 | acc 0.949 | lr 1.96e-04
  iter  1350/3125 | loss 0.9655 | acc 0.949 | lr 1.96e-04
  iter  1400/3125 | loss 0.9921 | acc 0.948 | lr 1.96e-04
  iter  1450/3125 | loss 0.9779 | acc 0.948 | lr 1.96e-04
  iter  1500/3125 | loss 1.0337 | acc 0.948 | lr 1.96e-04
  iter  1550/3125 | loss 0.8805 | acc 0.948 | lr 1.96e-04
  iter  1600/3125 | loss 1.0087 | acc 0.947 | lr 1.95e-04
  iter  1650/3125 | loss 1.1622 | acc 0.947 | lr 1.95e-04
  iter  1700/3125 | loss 0.9066 | acc 0.947 | lr 1.95e-04
  iter  1750/3125 | loss 1.1099 | acc 0.947 | lr 1.95e-04
  iter  1800/3125 | loss 0.9168 | acc 0.946 | lr 1.95e-04
  iter  1850/3125 | loss 0.9105 | acc 0.947 | lr 1.95e-04
  iter  1900/3125 | loss 0.9105 | acc 0.946 | lr 1.95e-04
  iter  1950/3125 | loss 0.9449 | acc 0.946 | lr 1.95e-04
  iter  2000/3125 | loss 1.2289 | acc 0.946 | lr 1.95e-04
  iter  2050/3125 | loss 1.0203 | acc 0.946 | lr 1.95e-04
  iter  2100/3125 | loss 1.2689 | acc 0.946 | lr 1.95e-04
  iter  2150/3125 | loss 0.9948 | acc 0.945 | lr 1.95e-04
  iter  2200/3125 | loss 0.9898 | acc 0.945 | lr 1.95e-04
  iter  2250/3125 | loss 0.9433 | acc 0.945 | lr 1.95e-04
  iter  2300/3125 | loss 1.1071 | acc 0.945 | lr 1.95e-04
  iter  2350/3125 | loss 1.2644 | acc 0.945 | lr 1.95e-04
  iter  2400/3125 | loss 1.0312 | acc 0.945 | lr 1.95e-04
  iter  2450/3125 | loss 1.2333 | acc 0.945 | lr 1.95e-04
  iter  2500/3125 | loss 1.0926 | acc 0.945 | lr 1.95e-04
  iter  2550/3125 | loss 1.0527 | acc 0.944 | lr 1.95e-04
  iter  2600/3125 | loss 1.0748 | acc 0.944 | lr 1.95e-04
  iter  2650/3125 | loss 0.9350 | acc 0.944 | lr 1.95e-04
  iter  2700/3125 | loss 0.9720 | acc 0.944 | lr 1.95e-04
  iter  2750/3125 | loss 0.9071 | acc 0.943 | lr 1.95e-04
  iter  2800/3125 | loss 0.9494 | acc 0.943 | lr 1.95e-04
  iter  2850/3125 | loss 1.1904 | acc 0.943 | lr 1.95e-04
  iter  2900/3125 | loss 1.0925 | acc 0.943 | lr 1.94e-04
  iter  2950/3125 | loss 1.0085 | acc 0.943 | lr 1.94e-04
  iter  3000/3125 | loss 1.2652 | acc 0.943 | lr 1.94e-04
  iter  3050/3125 | loss 1.0788 | acc 0.943 | lr 1.94e-04
  iter  3100/3125 | loss 1.3918 | acc 0.943 | lr 1.94e-04
[Epoch 090] Train loss=1.0622, acc=0.9426 | opt_steps=3125
[Epoch 090] Val   loss=2.6089, acc=0.4977, lr=1.94e-04
  iter    50/3125 | loss 1.1384 | acc 0.957 | lr 1.94e-04
  iter   100/3125 | loss 1.0063 | acc 0.954 | lr 1.94e-04
  iter   150/3125 | loss 1.0454 | acc 0.956 | lr 1.94e-04
  iter   200/3125 | loss 0.9486 | acc 0.957 | lr 1.94e-04
  iter   250/3125 | loss 0.9052 | acc 0.958 | lr 1.94e-04
  iter   300/3125 | loss 0.9558 | acc 0.958 | lr 1.94e-04
  iter   350/3125 | loss 0.9998 | acc 0.957 | lr 1.94e-04
  iter   400/3125 | loss 1.2291 | acc 0.955 | lr 1.94e-04
  iter   450/3125 | loss 0.9207 | acc 0.955 | lr 1.94e-04
  iter   500/3125 | loss 0.9284 | acc 0.955 | lr 1.94e-04
  iter   550/3125 | loss 0.9767 | acc 0.954 | lr 1.94e-04
  iter   600/3125 | loss 0.9346 | acc 0.953 | lr 1.94e-04
  iter   650/3125 | loss 1.0109 | acc 0.953 | lr 1.94e-04
  iter   700/3125 | loss 1.0854 | acc 0.953 | lr 1.94e-04
  iter   750/3125 | loss 1.1296 | acc 0.953 | lr 1.94e-04
  iter   800/3125 | loss 1.1036 | acc 0.952 | lr 1.94e-04
  iter   850/3125 | loss 0.9837 | acc 0.951 | lr 1.94e-04
  iter   900/3125 | loss 1.0074 | acc 0.951 | lr 1.94e-04
  iter   950/3125 | loss 1.0621 | acc 0.951 | lr 1.94e-04
  iter  1000/3125 | loss 1.0423 | acc 0.951 | lr 1.94e-04
  iter  1050/3125 | loss 1.1551 | acc 0.951 | lr 1.94e-04
  iter  1100/3125 | loss 0.9171 | acc 0.951 | lr 1.93e-04
  iter  1150/3125 | loss 0.9268 | acc 0.951 | lr 1.93e-04
  iter  1200/3125 | loss 1.0193 | acc 0.951 | lr 1.93e-04
  iter  1250/3125 | loss 0.9726 | acc 0.951 | lr 1.93e-04
  iter  1300/3125 | loss 1.0997 | acc 0.950 | lr 1.93e-04
  iter  1350/3125 | loss 1.1408 | acc 0.950 | lr 1.93e-04
  iter  1400/3125 | loss 1.0167 | acc 0.950 | lr 1.93e-04
  iter  1450/3125 | loss 1.3244 | acc 0.949 | lr 1.93e-04
  iter  1500/3125 | loss 0.9044 | acc 0.949 | lr 1.93e-04
  iter  1550/3125 | loss 1.1670 | acc 0.949 | lr 1.93e-04
  iter  1600/3125 | loss 0.9390 | acc 0.949 | lr 1.93e-04
  iter  1650/3125 | loss 1.1822 | acc 0.949 | lr 1.93e-04
  iter  1700/3125 | loss 1.0697 | acc 0.949 | lr 1.93e-04
  iter  1750/3125 | loss 1.2013 | acc 0.948 | lr 1.93e-04
  iter  1800/3125 | loss 1.3752 | acc 0.948 | lr 1.93e-04
  iter  1850/3125 | loss 1.0527 | acc 0.948 | lr 1.93e-04
  iter  1900/3125 | loss 0.8979 | acc 0.948 | lr 1.93e-04
  iter  1950/3125 | loss 1.0726 | acc 0.948 | lr 1.93e-04
  iter  2000/3125 | loss 0.9724 | acc 0.948 | lr 1.93e-04
  iter  2050/3125 | loss 1.0869 | acc 0.948 | lr 1.93e-04
  iter  2100/3125 | loss 1.0403 | acc 0.948 | lr 1.93e-04
  iter  2150/3125 | loss 0.9600 | acc 0.947 | lr 1.93e-04
  iter  2200/3125 | loss 1.0391 | acc 0.947 | lr 1.93e-04
  iter  2250/3125 | loss 1.3019 | acc 0.947 | lr 1.93e-04
  iter  2300/3125 | loss 0.9253 | acc 0.947 | lr 1.93e-04
  iter  2350/3125 | loss 1.0210 | acc 0.947 | lr 1.93e-04
  iter  2400/3125 | loss 1.1254 | acc 0.947 | lr 1.93e-04
  iter  2450/3125 | loss 1.2827 | acc 0.947 | lr 1.92e-04
  iter  2500/3125 | loss 1.1327 | acc 0.946 | lr 1.92e-04
  iter  2550/3125 | loss 1.2356 | acc 0.946 | lr 1.92e-04
  iter  2600/3125 | loss 1.1555 | acc 0.946 | lr 1.92e-04
  iter  2650/3125 | loss 1.0162 | acc 0.946 | lr 1.92e-04
  iter  2700/3125 | loss 0.9460 | acc 0.946 | lr 1.92e-04
  iter  2750/3125 | loss 1.0258 | acc 0.946 | lr 1.92e-04
  iter  2800/3125 | loss 1.2234 | acc 0.946 | lr 1.92e-04
  iter  2850/3125 | loss 1.0572 | acc 0.945 | lr 1.92e-04
  iter  2900/3125 | loss 1.0588 | acc 0.945 | lr 1.92e-04
  iter  2950/3125 | loss 1.0183 | acc 0.945 | lr 1.92e-04
  iter  3000/3125 | loss 1.0502 | acc 0.945 | lr 1.92e-04
  iter  3050/3125 | loss 1.0295 | acc 0.945 | lr 1.92e-04
  iter  3100/3125 | loss 1.0478 | acc 0.945 | lr 1.92e-04
[Epoch 091] Train loss=1.0591, acc=0.9445 | opt_steps=3125
[Epoch 091] Val   loss=2.6154, acc=0.4946, lr=1.92e-04
  iter    50/3125 | loss 1.1004 | acc 0.963 | lr 1.92e-04
  iter   100/3125 | loss 1.0476 | acc 0.963 | lr 1.92e-04
  iter   150/3125 | loss 0.9903 | acc 0.960 | lr 1.92e-04
  iter   200/3125 | loss 1.2081 | acc 0.958 | lr 1.92e-04
  iter   250/3125 | loss 1.0036 | acc 0.957 | lr 1.92e-04
  iter   300/3125 | loss 1.0314 | acc 0.956 | lr 1.92e-04
  iter   350/3125 | loss 1.0521 | acc 0.957 | lr 1.92e-04
  iter   400/3125 | loss 1.0021 | acc 0.956 | lr 1.92e-04
  iter   450/3125 | loss 1.0508 | acc 0.955 | lr 1.92e-04
  iter   500/3125 | loss 1.2020 | acc 0.955 | lr 1.92e-04
  iter   550/3125 | loss 1.0465 | acc 0.955 | lr 1.92e-04
  iter   600/3125 | loss 0.8854 | acc 0.954 | lr 1.92e-04
  iter   650/3125 | loss 1.0271 | acc 0.954 | lr 1.91e-04
  iter   700/3125 | loss 0.9310 | acc 0.953 | lr 1.91e-04
  iter   750/3125 | loss 0.9872 | acc 0.953 | lr 1.91e-04
  iter   800/3125 | loss 1.2361 | acc 0.952 | lr 1.91e-04
  iter   850/3125 | loss 1.0234 | acc 0.952 | lr 1.91e-04
  iter   900/3125 | loss 1.1448 | acc 0.952 | lr 1.91e-04
  iter   950/3125 | loss 1.0210 | acc 0.952 | lr 1.91e-04
  iter  1000/3125 | loss 0.9376 | acc 0.952 | lr 1.91e-04
  iter  1050/3125 | loss 1.2759 | acc 0.952 | lr 1.91e-04
  iter  1100/3125 | loss 0.9998 | acc 0.951 | lr 1.91e-04
  iter  1150/3125 | loss 1.1130 | acc 0.951 | lr 1.91e-04
  iter  1200/3125 | loss 1.2151 | acc 0.951 | lr 1.91e-04
  iter  1250/3125 | loss 0.9899 | acc 0.951 | lr 1.91e-04
  iter  1300/3125 | loss 0.9773 | acc 0.950 | lr 1.91e-04
  iter  1350/3125 | loss 0.9620 | acc 0.950 | lr 1.91e-04
  iter  1400/3125 | loss 1.0590 | acc 0.950 | lr 1.91e-04
  iter  1450/3125 | loss 1.1107 | acc 0.950 | lr 1.91e-04
  iter  1500/3125 | loss 0.9710 | acc 0.950 | lr 1.91e-04
  iter  1550/3125 | loss 1.0834 | acc 0.949 | lr 1.91e-04
  iter  1600/3125 | loss 1.1675 | acc 0.949 | lr 1.91e-04
  iter  1650/3125 | loss 1.0275 | acc 0.949 | lr 1.91e-04
  iter  1700/3125 | loss 0.9795 | acc 0.949 | lr 1.91e-04
  iter  1750/3125 | loss 1.0950 | acc 0.949 | lr 1.91e-04
  iter  1800/3125 | loss 0.8759 | acc 0.948 | lr 1.91e-04
  iter  1850/3125 | loss 1.2034 | acc 0.948 | lr 1.91e-04
  iter  1900/3125 | loss 1.3511 | acc 0.948 | lr 1.91e-04
  iter  1950/3125 | loss 1.0668 | acc 0.948 | lr 1.90e-04
  iter  2000/3125 | loss 1.0322 | acc 0.948 | lr 1.90e-04
  iter  2050/3125 | loss 0.9212 | acc 0.947 | lr 1.90e-04
  iter  2100/3125 | loss 1.0075 | acc 0.947 | lr 1.90e-04
  iter  2150/3125 | loss 1.3332 | acc 0.947 | lr 1.90e-04
  iter  2200/3125 | loss 1.0942 | acc 0.947 | lr 1.90e-04
  iter  2250/3125 | loss 1.3015 | acc 0.947 | lr 1.90e-04
  iter  2300/3125 | loss 1.1923 | acc 0.947 | lr 1.90e-04
  iter  2350/3125 | loss 1.0611 | acc 0.947 | lr 1.90e-04
  iter  2400/3125 | loss 0.9832 | acc 0.946 | lr 1.90e-04
  iter  2450/3125 | loss 1.0682 | acc 0.946 | lr 1.90e-04
  iter  2500/3125 | loss 0.8854 | acc 0.946 | lr 1.90e-04
  iter  2550/3125 | loss 1.1035 | acc 0.946 | lr 1.90e-04
  iter  2600/3125 | loss 1.1538 | acc 0.946 | lr 1.90e-04
  iter  2650/3125 | loss 0.9885 | acc 0.945 | lr 1.90e-04
  iter  2700/3125 | loss 1.2707 | acc 0.945 | lr 1.90e-04
  iter  2750/3125 | loss 1.0220 | acc 0.945 | lr 1.90e-04
  iter  2800/3125 | loss 1.0778 | acc 0.945 | lr 1.90e-04
  iter  2850/3125 | loss 1.0124 | acc 0.945 | lr 1.90e-04
  iter  2900/3125 | loss 1.0415 | acc 0.945 | lr 1.90e-04
  iter  2950/3125 | loss 1.1642 | acc 0.945 | lr 1.90e-04
  iter  3000/3125 | loss 1.1184 | acc 0.945 | lr 1.90e-04
  iter  3050/3125 | loss 0.9469 | acc 0.944 | lr 1.90e-04
  iter  3100/3125 | loss 1.1922 | acc 0.944 | lr 1.90e-04
[Epoch 092] Train loss=1.0576, acc=0.9441 | opt_steps=3125
[Epoch 092] Val   loss=2.6257, acc=0.4945, lr=1.90e-04
  iter    50/3125 | loss 0.9887 | acc 0.961 | lr 1.90e-04
  iter   100/3125 | loss 0.9815 | acc 0.958 | lr 1.90e-04
  iter   150/3125 | loss 1.0121 | acc 0.960 | lr 1.89e-04
  iter   200/3125 | loss 1.0101 | acc 0.958 | lr 1.89e-04
  iter   250/3125 | loss 0.9358 | acc 0.956 | lr 1.89e-04
  iter   300/3125 | loss 1.1436 | acc 0.954 | lr 1.89e-04
  iter   350/3125 | loss 1.1374 | acc 0.954 | lr 1.89e-04
  iter   400/3125 | loss 1.0340 | acc 0.954 | lr 1.89e-04
  iter   450/3125 | loss 1.1757 | acc 0.954 | lr 1.89e-04
  iter   500/3125 | loss 0.9823 | acc 0.953 | lr 1.89e-04
  iter   550/3125 | loss 0.9090 | acc 0.953 | lr 1.89e-04
  iter   600/3125 | loss 0.9496 | acc 0.952 | lr 1.89e-04
  iter   650/3125 | loss 0.9552 | acc 0.952 | lr 1.89e-04
  iter   700/3125 | loss 0.9651 | acc 0.952 | lr 1.89e-04
  iter   750/3125 | loss 1.0144 | acc 0.952 | lr 1.89e-04
  iter   800/3125 | loss 1.1348 | acc 0.951 | lr 1.89e-04
  iter   850/3125 | loss 0.9768 | acc 0.951 | lr 1.89e-04
  iter   900/3125 | loss 1.1075 | acc 0.951 | lr 1.89e-04
  iter   950/3125 | loss 1.0078 | acc 0.951 | lr 1.89e-04
  iter  1000/3125 | loss 1.0359 | acc 0.951 | lr 1.89e-04
  iter  1050/3125 | loss 0.9826 | acc 0.950 | lr 1.89e-04
  iter  1100/3125 | loss 1.0486 | acc 0.950 | lr 1.89e-04
  iter  1150/3125 | loss 0.9525 | acc 0.951 | lr 1.89e-04
  iter  1200/3125 | loss 0.9416 | acc 0.950 | lr 1.89e-04
  iter  1250/3125 | loss 1.1888 | acc 0.950 | lr 1.89e-04
  iter  1300/3125 | loss 0.9976 | acc 0.950 | lr 1.89e-04
  iter  1350/3125 | loss 1.0315 | acc 0.950 | lr 1.89e-04
  iter  1400/3125 | loss 1.0470 | acc 0.950 | lr 1.89e-04
  iter  1450/3125 | loss 1.1589 | acc 0.950 | lr 1.88e-04
  iter  1500/3125 | loss 0.8987 | acc 0.950 | lr 1.88e-04
  iter  1550/3125 | loss 1.0370 | acc 0.949 | lr 1.88e-04
  iter  1600/3125 | loss 1.1047 | acc 0.950 | lr 1.88e-04
  iter  1650/3125 | loss 1.0398 | acc 0.949 | lr 1.88e-04
  iter  1700/3125 | loss 0.9395 | acc 0.949 | lr 1.88e-04
  iter  1750/3125 | loss 1.0323 | acc 0.949 | lr 1.88e-04
  iter  1800/3125 | loss 0.9631 | acc 0.949 | lr 1.88e-04
  iter  1850/3125 | loss 1.2590 | acc 0.949 | lr 1.88e-04
  iter  1900/3125 | loss 1.2154 | acc 0.949 | lr 1.88e-04
  iter  1950/3125 | loss 1.0786 | acc 0.948 | lr 1.88e-04
  iter  2000/3125 | loss 0.9380 | acc 0.948 | lr 1.88e-04
  iter  2050/3125 | loss 1.0414 | acc 0.948 | lr 1.88e-04
  iter  2100/3125 | loss 0.9462 | acc 0.948 | lr 1.88e-04
  iter  2150/3125 | loss 1.1051 | acc 0.948 | lr 1.88e-04
  iter  2200/3125 | loss 1.2345 | acc 0.948 | lr 1.88e-04
  iter  2250/3125 | loss 0.9617 | acc 0.948 | lr 1.88e-04
  iter  2300/3125 | loss 0.9862 | acc 0.948 | lr 1.88e-04
  iter  2350/3125 | loss 1.2645 | acc 0.947 | lr 1.88e-04
  iter  2400/3125 | loss 0.9574 | acc 0.948 | lr 1.88e-04
  iter  2450/3125 | loss 1.0791 | acc 0.947 | lr 1.88e-04
  iter  2500/3125 | loss 1.0274 | acc 0.947 | lr 1.88e-04
  iter  2550/3125 | loss 1.0222 | acc 0.947 | lr 1.88e-04
  iter  2600/3125 | loss 1.0247 | acc 0.947 | lr 1.88e-04
  iter  2650/3125 | loss 0.9531 | acc 0.946 | lr 1.88e-04
  iter  2700/3125 | loss 1.0466 | acc 0.946 | lr 1.88e-04
  iter  2750/3125 | loss 1.0215 | acc 0.946 | lr 1.88e-04
  iter  2800/3125 | loss 1.1659 | acc 0.946 | lr 1.87e-04
  iter  2850/3125 | loss 0.9823 | acc 0.946 | lr 1.87e-04
  iter  2900/3125 | loss 1.0477 | acc 0.946 | lr 1.87e-04
  iter  2950/3125 | loss 1.0354 | acc 0.946 | lr 1.87e-04
  iter  3000/3125 | loss 0.9329 | acc 0.946 | lr 1.87e-04
  iter  3050/3125 | loss 0.9839 | acc 0.946 | lr 1.87e-04
  iter  3100/3125 | loss 0.9151 | acc 0.946 | lr 1.87e-04
[Epoch 093] Train loss=1.0528, acc=0.9456 | opt_steps=3125
[Epoch 093] Val   loss=2.6272, acc=0.4974, lr=1.87e-04
  iter    50/3125 | loss 0.9994 | acc 0.955 | lr 1.87e-04
  iter   100/3125 | loss 1.0453 | acc 0.955 | lr 1.87e-04
  iter   150/3125 | loss 1.0188 | acc 0.957 | lr 1.87e-04
  iter   200/3125 | loss 0.9430 | acc 0.956 | lr 1.87e-04
  iter   250/3125 | loss 1.0199 | acc 0.958 | lr 1.87e-04
  iter   300/3125 | loss 1.0094 | acc 0.956 | lr 1.87e-04
  iter   350/3125 | loss 1.0197 | acc 0.956 | lr 1.87e-04
  iter   400/3125 | loss 1.0645 | acc 0.955 | lr 1.87e-04
  iter   450/3125 | loss 0.9138 | acc 0.955 | lr 1.87e-04
  iter   500/3125 | loss 1.2513 | acc 0.954 | lr 1.87e-04
  iter   550/3125 | loss 1.0176 | acc 0.954 | lr 1.87e-04
  iter   600/3125 | loss 0.9249 | acc 0.953 | lr 1.87e-04
  iter   650/3125 | loss 0.8969 | acc 0.953 | lr 1.87e-04
  iter   700/3125 | loss 1.1107 | acc 0.952 | lr 1.87e-04
  iter   750/3125 | loss 1.1107 | acc 0.952 | lr 1.87e-04
  iter   800/3125 | loss 1.0468 | acc 0.952 | lr 1.87e-04
  iter   850/3125 | loss 1.0363 | acc 0.952 | lr 1.87e-04
  iter   900/3125 | loss 0.9930 | acc 0.951 | lr 1.87e-04
  iter   950/3125 | loss 1.1438 | acc 0.951 | lr 1.86e-04
  iter  1000/3125 | loss 1.0436 | acc 0.951 | lr 1.86e-04
  iter  1050/3125 | loss 1.1194 | acc 0.951 | lr 1.86e-04
  iter  1100/3125 | loss 0.9476 | acc 0.952 | lr 1.86e-04
  iter  1150/3125 | loss 1.2026 | acc 0.952 | lr 1.86e-04
  iter  1200/3125 | loss 1.0122 | acc 0.952 | lr 1.86e-04
  iter  1250/3125 | loss 1.2492 | acc 0.951 | lr 1.86e-04
  iter  1300/3125 | loss 1.0684 | acc 0.951 | lr 1.86e-04
  iter  1350/3125 | loss 0.9147 | acc 0.951 | lr 1.86e-04
  iter  1400/3125 | loss 1.1570 | acc 0.951 | lr 1.86e-04
  iter  1450/3125 | loss 1.1368 | acc 0.951 | lr 1.86e-04
  iter  1500/3125 | loss 1.0883 | acc 0.951 | lr 1.86e-04
  iter  1550/3125 | loss 1.2086 | acc 0.950 | lr 1.86e-04
  iter  1600/3125 | loss 1.1575 | acc 0.950 | lr 1.86e-04
  iter  1650/3125 | loss 0.9050 | acc 0.950 | lr 1.86e-04
  iter  1700/3125 | loss 1.0342 | acc 0.949 | lr 1.86e-04
  iter  1750/3125 | loss 0.9966 | acc 0.949 | lr 1.86e-04
  iter  1800/3125 | loss 1.2761 | acc 0.949 | lr 1.86e-04
  iter  1850/3125 | loss 1.1621 | acc 0.949 | lr 1.86e-04
  iter  1900/3125 | loss 1.3253 | acc 0.948 | lr 1.86e-04
  iter  1950/3125 | loss 0.9138 | acc 0.948 | lr 1.86e-04
  iter  2000/3125 | loss 1.0000 | acc 0.949 | lr 1.86e-04
  iter  2050/3125 | loss 1.1935 | acc 0.949 | lr 1.86e-04
  iter  2100/3125 | loss 1.1214 | acc 0.949 | lr 1.86e-04
  iter  2150/3125 | loss 1.0125 | acc 0.949 | lr 1.86e-04
  iter  2200/3125 | loss 0.8830 | acc 0.948 | lr 1.86e-04
  iter  2250/3125 | loss 1.1961 | acc 0.948 | lr 1.85e-04
  iter  2300/3125 | loss 1.0302 | acc 0.948 | lr 1.85e-04
  iter  2350/3125 | loss 1.1025 | acc 0.948 | lr 1.85e-04
  iter  2400/3125 | loss 1.2121 | acc 0.947 | lr 1.85e-04
  iter  2450/3125 | loss 0.9904 | acc 0.947 | lr 1.85e-04
  iter  2500/3125 | loss 1.2359 | acc 0.947 | lr 1.85e-04
  iter  2550/3125 | loss 1.2048 | acc 0.947 | lr 1.85e-04
  iter  2600/3125 | loss 1.1469 | acc 0.947 | lr 1.85e-04
  iter  2650/3125 | loss 0.9224 | acc 0.947 | lr 1.85e-04
  iter  2700/3125 | loss 1.3538 | acc 0.947 | lr 1.85e-04
  iter  2750/3125 | loss 0.9658 | acc 0.946 | lr 1.85e-04
  iter  2800/3125 | loss 1.1114 | acc 0.946 | lr 1.85e-04
  iter  2850/3125 | loss 0.9783 | acc 0.946 | lr 1.85e-04
  iter  2900/3125 | loss 0.9481 | acc 0.946 | lr 1.85e-04
  iter  2950/3125 | loss 1.0892 | acc 0.946 | lr 1.85e-04
  iter  3000/3125 | loss 1.0977 | acc 0.946 | lr 1.85e-04
  iter  3050/3125 | loss 1.2553 | acc 0.946 | lr 1.85e-04
  iter  3100/3125 | loss 1.0834 | acc 0.946 | lr 1.85e-04
[Epoch 094] Train loss=1.0508, acc=0.9458 | opt_steps=3125
[Epoch 094] Val   loss=2.6309, acc=0.4955, lr=1.85e-04
  iter    50/3125 | loss 0.8945 | acc 0.959 | lr 1.85e-04
  iter   100/3125 | loss 0.9359 | acc 0.959 | lr 1.85e-04
  iter   150/3125 | loss 1.0087 | acc 0.961 | lr 1.85e-04
  iter   200/3125 | loss 0.9976 | acc 0.962 | lr 1.85e-04
  iter   250/3125 | loss 0.9632 | acc 0.961 | lr 1.85e-04
  iter   300/3125 | loss 0.9276 | acc 0.960 | lr 1.85e-04
  iter   350/3125 | loss 0.9635 | acc 0.959 | lr 1.85e-04
  iter   400/3125 | loss 0.9852 | acc 0.959 | lr 1.85e-04
  iter   450/3125 | loss 0.9765 | acc 0.958 | lr 1.84e-04
  iter   500/3125 | loss 1.1246 | acc 0.957 | lr 1.84e-04
  iter   550/3125 | loss 0.9162 | acc 0.957 | lr 1.84e-04
  iter   600/3125 | loss 1.1558 | acc 0.956 | lr 1.84e-04
  iter   650/3125 | loss 0.9322 | acc 0.955 | lr 1.84e-04
  iter   700/3125 | loss 1.3566 | acc 0.954 | lr 1.84e-04
  iter   750/3125 | loss 1.1502 | acc 0.954 | lr 1.84e-04
  iter   800/3125 | loss 0.9154 | acc 0.954 | lr 1.84e-04
  iter   850/3125 | loss 1.1789 | acc 0.954 | lr 1.84e-04
  iter   900/3125 | loss 0.9541 | acc 0.953 | lr 1.84e-04
  iter   950/3125 | loss 1.0079 | acc 0.953 | lr 1.84e-04
  iter  1000/3125 | loss 0.9985 | acc 0.953 | lr 1.84e-04
  iter  1050/3125 | loss 1.1630 | acc 0.953 | lr 1.84e-04
  iter  1100/3125 | loss 1.0982 | acc 0.952 | lr 1.84e-04
  iter  1150/3125 | loss 0.9359 | acc 0.952 | lr 1.84e-04
  iter  1200/3125 | loss 0.9248 | acc 0.952 | lr 1.84e-04
  iter  1250/3125 | loss 0.9087 | acc 0.952 | lr 1.84e-04
  iter  1300/3125 | loss 1.0594 | acc 0.953 | lr 1.84e-04
  iter  1350/3125 | loss 0.9741 | acc 0.953 | lr 1.84e-04
  iter  1400/3125 | loss 1.1054 | acc 0.952 | lr 1.84e-04
  iter  1450/3125 | loss 1.2008 | acc 0.952 | lr 1.84e-04
  iter  1500/3125 | loss 1.1232 | acc 0.952 | lr 1.84e-04
  iter  1550/3125 | loss 1.0036 | acc 0.952 | lr 1.84e-04
  iter  1600/3125 | loss 1.0311 | acc 0.951 | lr 1.84e-04
  iter  1650/3125 | loss 0.9655 | acc 0.951 | lr 1.84e-04
  iter  1700/3125 | loss 1.2399 | acc 0.951 | lr 1.84e-04
  iter  1750/3125 | loss 0.9876 | acc 0.951 | lr 1.83e-04
  iter  1800/3125 | loss 0.9615 | acc 0.951 | lr 1.83e-04
  iter  1850/3125 | loss 1.0800 | acc 0.951 | lr 1.83e-04
  iter  1900/3125 | loss 0.9095 | acc 0.951 | lr 1.83e-04
  iter  1950/3125 | loss 1.2165 | acc 0.951 | lr 1.83e-04
  iter  2000/3125 | loss 1.2069 | acc 0.950 | lr 1.83e-04
  iter  2050/3125 | loss 0.9506 | acc 0.950 | lr 1.83e-04
  iter  2100/3125 | loss 1.2101 | acc 0.950 | lr 1.83e-04
  iter  2150/3125 | loss 1.2489 | acc 0.950 | lr 1.83e-04
  iter  2200/3125 | loss 1.1475 | acc 0.950 | lr 1.83e-04
  iter  2250/3125 | loss 1.2856 | acc 0.949 | lr 1.83e-04
  iter  2300/3125 | loss 0.9319 | acc 0.949 | lr 1.83e-04
  iter  2350/3125 | loss 1.1145 | acc 0.949 | lr 1.83e-04
  iter  2400/3125 | loss 1.0391 | acc 0.949 | lr 1.83e-04
  iter  2450/3125 | loss 1.1320 | acc 0.949 | lr 1.83e-04
  iter  2500/3125 | loss 1.1738 | acc 0.949 | lr 1.83e-04
  iter  2550/3125 | loss 1.1880 | acc 0.949 | lr 1.83e-04
  iter  2600/3125 | loss 0.9680 | acc 0.949 | lr 1.83e-04
  iter  2650/3125 | loss 1.5534 | acc 0.949 | lr 1.83e-04
  iter  2700/3125 | loss 1.0380 | acc 0.948 | lr 1.83e-04
  iter  2750/3125 | loss 1.2746 | acc 0.948 | lr 1.83e-04
  iter  2800/3125 | loss 1.0420 | acc 0.948 | lr 1.83e-04
  iter  2850/3125 | loss 1.0269 | acc 0.948 | lr 1.83e-04
  iter  2900/3125 | loss 0.9016 | acc 0.948 | lr 1.83e-04
  iter  2950/3125 | loss 1.3638 | acc 0.948 | lr 1.83e-04
  iter  3000/3125 | loss 1.3925 | acc 0.947 | lr 1.83e-04
  iter  3050/3125 | loss 1.2511 | acc 0.947 | lr 1.82e-04
  iter  3100/3125 | loss 1.1433 | acc 0.947 | lr 1.82e-04
[Epoch 095] Train loss=1.0476, acc=0.9470 | opt_steps=3125
[Epoch 095] Val   loss=2.6375, acc=0.4965, lr=1.82e-04
  iter    50/3125 | loss 1.0036 | acc 0.956 | lr 1.82e-04
  iter   100/3125 | loss 0.9715 | acc 0.960 | lr 1.82e-04
  iter   150/3125 | loss 1.0440 | acc 0.959 | lr 1.82e-04
  iter   200/3125 | loss 1.2600 | acc 0.958 | lr 1.82e-04
  iter   250/3125 | loss 0.9437 | acc 0.957 | lr 1.82e-04
  iter   300/3125 | loss 0.8895 | acc 0.957 | lr 1.82e-04
  iter   350/3125 | loss 1.0605 | acc 0.957 | lr 1.82e-04
  iter   400/3125 | loss 1.0062 | acc 0.957 | lr 1.82e-04
  iter   450/3125 | loss 1.1529 | acc 0.956 | lr 1.82e-04
  iter   500/3125 | loss 0.9086 | acc 0.956 | lr 1.82e-04
  iter   550/3125 | loss 0.9740 | acc 0.956 | lr 1.82e-04
  iter   600/3125 | loss 1.1747 | acc 0.955 | lr 1.82e-04
  iter   650/3125 | loss 1.0248 | acc 0.955 | lr 1.82e-04
  iter   700/3125 | loss 0.9575 | acc 0.955 | lr 1.82e-04
  iter   750/3125 | loss 0.9733 | acc 0.955 | lr 1.82e-04
  iter   800/3125 | loss 1.0695 | acc 0.955 | lr 1.82e-04
  iter   850/3125 | loss 1.0742 | acc 0.955 | lr 1.82e-04
  iter   900/3125 | loss 1.0577 | acc 0.954 | lr 1.82e-04
  iter   950/3125 | loss 1.0996 | acc 0.954 | lr 1.82e-04
  iter  1000/3125 | loss 1.1075 | acc 0.954 | lr 1.82e-04
  iter  1050/3125 | loss 0.8819 | acc 0.954 | lr 1.82e-04
  iter  1100/3125 | loss 1.0328 | acc 0.955 | lr 1.82e-04
  iter  1150/3125 | loss 1.3293 | acc 0.954 | lr 1.82e-04
  iter  1200/3125 | loss 1.0645 | acc 0.955 | lr 1.82e-04
  iter  1250/3125 | loss 0.9939 | acc 0.954 | lr 1.81e-04
  iter  1300/3125 | loss 1.3174 | acc 0.954 | lr 1.81e-04
  iter  1350/3125 | loss 0.8841 | acc 0.953 | lr 1.81e-04
  iter  1400/3125 | loss 1.0167 | acc 0.953 | lr 1.81e-04
  iter  1450/3125 | loss 0.9512 | acc 0.953 | lr 1.81e-04
  iter  1500/3125 | loss 1.0725 | acc 0.952 | lr 1.81e-04
  iter  1550/3125 | loss 0.9580 | acc 0.952 | lr 1.81e-04
  iter  1600/3125 | loss 1.0993 | acc 0.952 | lr 1.81e-04
  iter  1650/3125 | loss 1.0873 | acc 0.952 | lr 1.81e-04
  iter  1700/3125 | loss 1.1634 | acc 0.951 | lr 1.81e-04
  iter  1750/3125 | loss 0.9833 | acc 0.951 | lr 1.81e-04
  iter  1800/3125 | loss 1.3233 | acc 0.951 | lr 1.81e-04
  iter  1850/3125 | loss 0.9721 | acc 0.951 | lr 1.81e-04
  iter  1900/3125 | loss 1.1096 | acc 0.951 | lr 1.81e-04
  iter  1950/3125 | loss 1.0379 | acc 0.950 | lr 1.81e-04
  iter  2000/3125 | loss 0.9136 | acc 0.950 | lr 1.81e-04
  iter  2050/3125 | loss 0.9723 | acc 0.950 | lr 1.81e-04
  iter  2100/3125 | loss 1.4193 | acc 0.950 | lr 1.81e-04
  iter  2150/3125 | loss 1.0364 | acc 0.950 | lr 1.81e-04
  iter  2200/3125 | loss 1.0768 | acc 0.950 | lr 1.81e-04
  iter  2250/3125 | loss 1.0019 | acc 0.950 | lr 1.81e-04
  iter  2300/3125 | loss 1.1545 | acc 0.950 | lr 1.81e-04
  iter  2350/3125 | loss 1.2081 | acc 0.949 | lr 1.81e-04
  iter  2400/3125 | loss 1.3878 | acc 0.949 | lr 1.81e-04
  iter  2450/3125 | loss 1.1430 | acc 0.949 | lr 1.81e-04
  iter  2500/3125 | loss 1.0065 | acc 0.949 | lr 1.81e-04
  iter  2550/3125 | loss 1.0282 | acc 0.949 | lr 1.80e-04
  iter  2600/3125 | loss 1.5824 | acc 0.949 | lr 1.80e-04
  iter  2650/3125 | loss 1.0371 | acc 0.949 | lr 1.80e-04
  iter  2700/3125 | loss 0.9952 | acc 0.949 | lr 1.80e-04
  iter  2750/3125 | loss 1.0496 | acc 0.948 | lr 1.80e-04
  iter  2800/3125 | loss 0.8978 | acc 0.948 | lr 1.80e-04
  iter  2850/3125 | loss 1.0344 | acc 0.948 | lr 1.80e-04
  iter  2900/3125 | loss 1.0271 | acc 0.948 | lr 1.80e-04
  iter  2950/3125 | loss 0.9987 | acc 0.948 | lr 1.80e-04
  iter  3000/3125 | loss 0.9143 | acc 0.948 | lr 1.80e-04
  iter  3050/3125 | loss 0.9713 | acc 0.948 | lr 1.80e-04
  iter  3100/3125 | loss 0.9149 | acc 0.947 | lr 1.80e-04
[Epoch 096] Train loss=1.0476, acc=0.9472 | opt_steps=3125
[Epoch 096] Val   loss=2.6404, acc=0.4975, lr=1.80e-04
  iter    50/3125 | loss 0.9192 | acc 0.964 | lr 1.80e-04
  iter   100/3125 | loss 0.9342 | acc 0.959 | lr 1.80e-04
  iter   150/3125 | loss 0.9029 | acc 0.960 | lr 1.80e-04
  iter   200/3125 | loss 0.9639 | acc 0.962 | lr 1.80e-04
  iter   250/3125 | loss 1.0021 | acc 0.961 | lr 1.80e-04
  iter   300/3125 | loss 1.0464 | acc 0.960 | lr 1.80e-04
  iter   350/3125 | loss 1.0278 | acc 0.959 | lr 1.80e-04
  iter   400/3125 | loss 0.9681 | acc 0.959 | lr 1.80e-04
  iter   450/3125 | loss 0.9673 | acc 0.960 | lr 1.80e-04
  iter   500/3125 | loss 1.0214 | acc 0.959 | lr 1.80e-04
  iter   550/3125 | loss 1.0519 | acc 0.959 | lr 1.80e-04
  iter   600/3125 | loss 0.9588 | acc 0.958 | lr 1.80e-04
  iter   650/3125 | loss 0.9890 | acc 0.958 | lr 1.80e-04
  iter   700/3125 | loss 1.0011 | acc 0.957 | lr 1.79e-04
  iter   750/3125 | loss 1.2146 | acc 0.957 | lr 1.79e-04
  iter   800/3125 | loss 0.9101 | acc 0.957 | lr 1.79e-04
  iter   850/3125 | loss 0.9657 | acc 0.956 | lr 1.79e-04
  iter   900/3125 | loss 0.9258 | acc 0.956 | lr 1.79e-04
  iter   950/3125 | loss 0.9790 | acc 0.957 | lr 1.79e-04
  iter  1000/3125 | loss 1.0585 | acc 0.956 | lr 1.79e-04
  iter  1050/3125 | loss 0.9811 | acc 0.956 | lr 1.79e-04
  iter  1100/3125 | loss 1.3820 | acc 0.955 | lr 1.79e-04
  iter  1150/3125 | loss 1.0458 | acc 0.955 | lr 1.79e-04
  iter  1200/3125 | loss 1.0939 | acc 0.955 | lr 1.79e-04
  iter  1250/3125 | loss 1.1788 | acc 0.955 | lr 1.79e-04
  iter  1300/3125 | loss 0.9617 | acc 0.955 | lr 1.79e-04
  iter  1350/3125 | loss 0.9786 | acc 0.955 | lr 1.79e-04
  iter  1400/3125 | loss 0.9511 | acc 0.955 | lr 1.79e-04
  iter  1450/3125 | loss 1.1853 | acc 0.955 | lr 1.79e-04
  iter  1500/3125 | loss 1.0488 | acc 0.954 | lr 1.79e-04
  iter  1550/3125 | loss 1.2351 | acc 0.954 | lr 1.79e-04
  iter  1600/3125 | loss 0.9857 | acc 0.954 | lr 1.79e-04
  iter  1650/3125 | loss 0.9413 | acc 0.954 | lr 1.79e-04
  iter  1700/3125 | loss 1.0759 | acc 0.954 | lr 1.79e-04
  iter  1750/3125 | loss 1.0034 | acc 0.954 | lr 1.79e-04
  iter  1800/3125 | loss 0.8845 | acc 0.953 | lr 1.79e-04
  iter  1850/3125 | loss 1.0426 | acc 0.953 | lr 1.79e-04
  iter  1900/3125 | loss 1.0359 | acc 0.953 | lr 1.79e-04
  iter  1950/3125 | loss 0.9527 | acc 0.953 | lr 1.79e-04
  iter  2000/3125 | loss 0.9947 | acc 0.952 | lr 1.78e-04
  iter  2050/3125 | loss 0.9301 | acc 0.952 | lr 1.78e-04
  iter  2100/3125 | loss 1.2459 | acc 0.952 | lr 1.78e-04
  iter  2150/3125 | loss 1.1903 | acc 0.952 | lr 1.78e-04
  iter  2200/3125 | loss 1.0371 | acc 0.952 | lr 1.78e-04
  iter  2250/3125 | loss 0.9036 | acc 0.952 | lr 1.78e-04
  iter  2300/3125 | loss 1.0282 | acc 0.951 | lr 1.78e-04
  iter  2350/3125 | loss 1.0060 | acc 0.951 | lr 1.78e-04
  iter  2400/3125 | loss 1.0001 | acc 0.951 | lr 1.78e-04
  iter  2450/3125 | loss 1.0009 | acc 0.951 | lr 1.78e-04
  iter  2500/3125 | loss 1.2066 | acc 0.951 | lr 1.78e-04
  iter  2550/3125 | loss 0.9793 | acc 0.951 | lr 1.78e-04
  iter  2600/3125 | loss 0.9707 | acc 0.950 | lr 1.78e-04
  iter  2650/3125 | loss 1.2298 | acc 0.950 | lr 1.78e-04
  iter  2700/3125 | loss 0.9048 | acc 0.950 | lr 1.78e-04
  iter  2750/3125 | loss 1.1397 | acc 0.950 | lr 1.78e-04
  iter  2800/3125 | loss 1.0204 | acc 0.950 | lr 1.78e-04
  iter  2850/3125 | loss 1.2671 | acc 0.950 | lr 1.78e-04
  iter  2900/3125 | loss 1.0857 | acc 0.950 | lr 1.78e-04
  iter  2950/3125 | loss 0.9194 | acc 0.950 | lr 1.78e-04
  iter  3000/3125 | loss 1.3409 | acc 0.949 | lr 1.78e-04
  iter  3050/3125 | loss 1.1232 | acc 0.949 | lr 1.78e-04
  iter  3100/3125 | loss 1.0164 | acc 0.949 | lr 1.78e-04
[Epoch 097] Train loss=1.0407, acc=0.9488 | opt_steps=3125
[Epoch 097] Val   loss=2.6412, acc=0.4973, lr=1.78e-04
  iter    50/3125 | loss 0.9437 | acc 0.970 | lr 1.78e-04
  iter   100/3125 | loss 1.0317 | acc 0.961 | lr 1.78e-04
  iter   150/3125 | loss 1.1683 | acc 0.960 | lr 1.78e-04
  iter   200/3125 | loss 1.0297 | acc 0.962 | lr 1.77e-04
  iter   250/3125 | loss 1.2201 | acc 0.960 | lr 1.77e-04
  iter   300/3125 | loss 0.9159 | acc 0.960 | lr 1.77e-04
  iter   350/3125 | loss 1.0867 | acc 0.960 | lr 1.77e-04
  iter   400/3125 | loss 0.9636 | acc 0.960 | lr 1.77e-04
  iter   450/3125 | loss 0.9907 | acc 0.960 | lr 1.77e-04
  iter   500/3125 | loss 0.9700 | acc 0.958 | lr 1.77e-04
  iter   550/3125 | loss 1.0243 | acc 0.958 | lr 1.77e-04
  iter   600/3125 | loss 0.9896 | acc 0.957 | lr 1.77e-04
  iter   650/3125 | loss 1.1914 | acc 0.957 | lr 1.77e-04
  iter   700/3125 | loss 1.1003 | acc 0.956 | lr 1.77e-04
  iter   750/3125 | loss 1.4190 | acc 0.956 | lr 1.77e-04
  iter   800/3125 | loss 0.9353 | acc 0.955 | lr 1.77e-04
  iter   850/3125 | loss 1.3027 | acc 0.955 | lr 1.77e-04
  iter   900/3125 | loss 1.0534 | acc 0.955 | lr 1.77e-04
  iter   950/3125 | loss 1.1247 | acc 0.955 | lr 1.77e-04
  iter  1000/3125 | loss 0.9545 | acc 0.955 | lr 1.77e-04
  iter  1050/3125 | loss 1.0070 | acc 0.955 | lr 1.77e-04
  iter  1100/3125 | loss 0.9499 | acc 0.955 | lr 1.77e-04
  iter  1150/3125 | loss 1.2194 | acc 0.955 | lr 1.77e-04
  iter  1200/3125 | loss 0.9019 | acc 0.955 | lr 1.77e-04
  iter  1250/3125 | loss 1.0027 | acc 0.955 | lr 1.77e-04
  iter  1300/3125 | loss 1.0415 | acc 0.955 | lr 1.77e-04
  iter  1350/3125 | loss 0.9315 | acc 0.955 | lr 1.77e-04
  iter  1400/3125 | loss 0.9367 | acc 0.955 | lr 1.77e-04
  iter  1450/3125 | loss 1.1041 | acc 0.955 | lr 1.77e-04
  iter  1500/3125 | loss 0.9444 | acc 0.955 | lr 1.76e-04
  iter  1550/3125 | loss 1.0208 | acc 0.955 | lr 1.76e-04
  iter  1600/3125 | loss 0.9969 | acc 0.955 | lr 1.76e-04
  iter  1650/3125 | loss 1.1265 | acc 0.955 | lr 1.76e-04
  iter  1700/3125 | loss 1.0032 | acc 0.955 | lr 1.76e-04
  iter  1750/3125 | loss 0.8904 | acc 0.955 | lr 1.76e-04
  iter  1800/3125 | loss 1.0270 | acc 0.954 | lr 1.76e-04
  iter  1850/3125 | loss 0.9855 | acc 0.954 | lr 1.76e-04
  iter  1900/3125 | loss 1.0060 | acc 0.954 | lr 1.76e-04
  iter  1950/3125 | loss 1.0557 | acc 0.954 | lr 1.76e-04
  iter  2000/3125 | loss 1.0807 | acc 0.954 | lr 1.76e-04
  iter  2050/3125 | loss 0.9265 | acc 0.954 | lr 1.76e-04
  iter  2100/3125 | loss 1.0262 | acc 0.954 | lr 1.76e-04
  iter  2150/3125 | loss 1.0996 | acc 0.954 | lr 1.76e-04
  iter  2200/3125 | loss 0.9645 | acc 0.953 | lr 1.76e-04
  iter  2250/3125 | loss 0.9257 | acc 0.953 | lr 1.76e-04
  iter  2300/3125 | loss 0.9964 | acc 0.953 | lr 1.76e-04
  iter  2350/3125 | loss 0.9744 | acc 0.953 | lr 1.76e-04
  iter  2400/3125 | loss 0.9286 | acc 0.952 | lr 1.76e-04
  iter  2450/3125 | loss 0.9522 | acc 0.952 | lr 1.76e-04
  iter  2500/3125 | loss 0.9616 | acc 0.952 | lr 1.76e-04
  iter  2550/3125 | loss 1.0459 | acc 0.952 | lr 1.76e-04
  iter  2600/3125 | loss 1.0681 | acc 0.952 | lr 1.76e-04
  iter  2650/3125 | loss 0.9968 | acc 0.952 | lr 1.76e-04
  iter  2700/3125 | loss 1.0282 | acc 0.952 | lr 1.76e-04
  iter  2750/3125 | loss 1.1903 | acc 0.952 | lr 1.75e-04
  iter  2800/3125 | loss 1.0499 | acc 0.952 | lr 1.75e-04
  iter  2850/3125 | loss 1.0579 | acc 0.951 | lr 1.75e-04
  iter  2900/3125 | loss 0.9895 | acc 0.951 | lr 1.75e-04
  iter  2950/3125 | loss 1.0130 | acc 0.951 | lr 1.75e-04
  iter  3000/3125 | loss 1.0766 | acc 0.951 | lr 1.75e-04
  iter  3050/3125 | loss 1.0722 | acc 0.951 | lr 1.75e-04
  iter  3100/3125 | loss 1.3536 | acc 0.951 | lr 1.75e-04
[Epoch 098] Train loss=1.0362, acc=0.9510 | opt_steps=3125
[Epoch 098] Val   loss=2.6408, acc=0.4977, lr=1.75e-04
  iter    50/3125 | loss 1.0667 | acc 0.968 | lr 1.75e-04
  iter   100/3125 | loss 0.9611 | acc 0.963 | lr 1.75e-04
  iter   150/3125 | loss 1.0462 | acc 0.963 | lr 1.75e-04
  iter   200/3125 | loss 0.9843 | acc 0.962 | lr 1.75e-04
  iter   250/3125 | loss 0.9851 | acc 0.961 | lr 1.75e-04
  iter   300/3125 | loss 1.0386 | acc 0.961 | lr 1.75e-04
  iter   350/3125 | loss 1.0894 | acc 0.960 | lr 1.75e-04
  iter   400/3125 | loss 0.9241 | acc 0.958 | lr 1.75e-04
  iter   450/3125 | loss 0.9704 | acc 0.958 | lr 1.75e-04
  iter   500/3125 | loss 0.9165 | acc 0.958 | lr 1.75e-04
  iter   550/3125 | loss 0.8946 | acc 0.958 | lr 1.75e-04
  iter   600/3125 | loss 1.0070 | acc 0.957 | lr 1.75e-04
  iter   650/3125 | loss 0.9052 | acc 0.957 | lr 1.75e-04
  iter   700/3125 | loss 1.0652 | acc 0.956 | lr 1.75e-04
  iter   750/3125 | loss 1.0419 | acc 0.956 | lr 1.75e-04
  iter   800/3125 | loss 1.0956 | acc 0.956 | lr 1.75e-04
  iter   850/3125 | loss 1.0884 | acc 0.956 | lr 1.75e-04
  iter   900/3125 | loss 1.0670 | acc 0.956 | lr 1.75e-04
  iter   950/3125 | loss 0.9943 | acc 0.956 | lr 1.74e-04
  iter  1000/3125 | loss 1.2193 | acc 0.956 | lr 1.74e-04
  iter  1050/3125 | loss 0.9467 | acc 0.956 | lr 1.74e-04
  iter  1100/3125 | loss 1.1074 | acc 0.956 | lr 1.74e-04
  iter  1150/3125 | loss 0.9249 | acc 0.956 | lr 1.74e-04
  iter  1200/3125 | loss 1.1263 | acc 0.956 | lr 1.74e-04
  iter  1250/3125 | loss 0.9851 | acc 0.956 | lr 1.74e-04
  iter  1300/3125 | loss 1.2170 | acc 0.956 | lr 1.74e-04
  iter  1350/3125 | loss 1.0456 | acc 0.955 | lr 1.74e-04
  iter  1400/3125 | loss 1.0067 | acc 0.955 | lr 1.74e-04
  iter  1450/3125 | loss 1.0986 | acc 0.955 | lr 1.74e-04
  iter  1500/3125 | loss 0.9099 | acc 0.955 | lr 1.74e-04
  iter  1550/3125 | loss 0.9591 | acc 0.955 | lr 1.74e-04
  iter  1600/3125 | loss 1.1156 | acc 0.955 | lr 1.74e-04
  iter  1650/3125 | loss 0.9544 | acc 0.955 | lr 1.74e-04
  iter  1700/3125 | loss 1.1682 | acc 0.954 | lr 1.74e-04
  iter  1750/3125 | loss 1.0222 | acc 0.954 | lr 1.74e-04
  iter  1800/3125 | loss 1.0513 | acc 0.954 | lr 1.74e-04
  iter  1850/3125 | loss 1.1355 | acc 0.954 | lr 1.74e-04
  iter  1900/3125 | loss 0.8819 | acc 0.953 | lr 1.74e-04
  iter  1950/3125 | loss 0.9327 | acc 0.953 | lr 1.74e-04
  iter  2000/3125 | loss 1.0067 | acc 0.953 | lr 1.74e-04
  iter  2050/3125 | loss 1.1104 | acc 0.953 | lr 1.74e-04
  iter  2100/3125 | loss 0.9947 | acc 0.953 | lr 1.74e-04
  iter  2150/3125 | loss 1.0961 | acc 0.953 | lr 1.74e-04
  iter  2200/3125 | loss 0.9650 | acc 0.953 | lr 1.74e-04
  iter  2250/3125 | loss 0.9780 | acc 0.953 | lr 1.73e-04
  iter  2300/3125 | loss 0.9345 | acc 0.953 | lr 1.73e-04
  iter  2350/3125 | loss 1.0535 | acc 0.953 | lr 1.73e-04
  iter  2400/3125 | loss 0.9569 | acc 0.953 | lr 1.73e-04
  iter  2450/3125 | loss 0.9954 | acc 0.953 | lr 1.73e-04
  iter  2500/3125 | loss 1.1072 | acc 0.953 | lr 1.73e-04
  iter  2550/3125 | loss 0.9748 | acc 0.953 | lr 1.73e-04
  iter  2600/3125 | loss 0.9385 | acc 0.953 | lr 1.73e-04
  iter  2650/3125 | loss 1.0087 | acc 0.952 | lr 1.73e-04
  iter  2700/3125 | loss 0.9970 | acc 0.952 | lr 1.73e-04
  iter  2750/3125 | loss 0.9310 | acc 0.952 | lr 1.73e-04
  iter  2800/3125 | loss 1.0073 | acc 0.952 | lr 1.73e-04
  iter  2850/3125 | loss 1.0401 | acc 0.952 | lr 1.73e-04
  iter  2900/3125 | loss 0.9711 | acc 0.951 | lr 1.73e-04
  iter  2950/3125 | loss 1.0296 | acc 0.951 | lr 1.73e-04
  iter  3000/3125 | loss 0.9148 | acc 0.951 | lr 1.73e-04
  iter  3050/3125 | loss 1.0960 | acc 0.951 | lr 1.73e-04
  iter  3100/3125 | loss 0.9891 | acc 0.951 | lr 1.73e-04
[Epoch 099] Train loss=1.0348, acc=0.9511 | opt_steps=3125
[Epoch 099] Val   loss=2.6481, acc=0.4981, lr=1.73e-04
  iter    50/3125 | loss 0.9085 | acc 0.960 | lr 1.73e-04
  iter   100/3125 | loss 0.8913 | acc 0.961 | lr 1.73e-04
  iter   150/3125 | loss 1.0109 | acc 0.963 | lr 1.73e-04
  iter   200/3125 | loss 1.0320 | acc 0.961 | lr 1.73e-04
  iter   250/3125 | loss 1.0540 | acc 0.961 | lr 1.73e-04
  iter   300/3125 | loss 0.8879 | acc 0.960 | lr 1.73e-04
  iter   350/3125 | loss 1.0863 | acc 0.961 | lr 1.73e-04
  iter   400/3125 | loss 1.1346 | acc 0.961 | lr 1.72e-04
  iter   450/3125 | loss 1.0163 | acc 0.962 | lr 1.72e-04
  iter   500/3125 | loss 1.0271 | acc 0.962 | lr 1.72e-04
  iter   550/3125 | loss 0.9363 | acc 0.962 | lr 1.72e-04
  iter   600/3125 | loss 1.0832 | acc 0.961 | lr 1.72e-04
  iter   650/3125 | loss 0.8834 | acc 0.961 | lr 1.72e-04
  iter   700/3125 | loss 0.9336 | acc 0.961 | lr 1.72e-04
  iter   750/3125 | loss 1.2666 | acc 0.960 | lr 1.72e-04
  iter   800/3125 | loss 0.9867 | acc 0.959 | lr 1.72e-04
  iter   850/3125 | loss 0.9410 | acc 0.960 | lr 1.72e-04
  iter   900/3125 | loss 0.9826 | acc 0.960 | lr 1.72e-04
  iter   950/3125 | loss 0.9630 | acc 0.959 | lr 1.72e-04
  iter  1000/3125 | loss 0.9831 | acc 0.959 | lr 1.72e-04
  iter  1050/3125 | loss 1.1395 | acc 0.959 | lr 1.72e-04
  iter  1100/3125 | loss 1.0429 | acc 0.958 | lr 1.72e-04
  iter  1150/3125 | loss 0.9307 | acc 0.958 | lr 1.72e-04
  iter  1200/3125 | loss 1.0153 | acc 0.958 | lr 1.72e-04
  iter  1250/3125 | loss 0.9435 | acc 0.958 | lr 1.72e-04
  iter  1300/3125 | loss 0.8743 | acc 0.957 | lr 1.72e-04
  iter  1350/3125 | loss 1.0014 | acc 0.957 | lr 1.72e-04
  iter  1400/3125 | loss 0.9025 | acc 0.957 | lr 1.72e-04
  iter  1450/3125 | loss 1.0399 | acc 0.957 | lr 1.72e-04
  iter  1500/3125 | loss 0.9013 | acc 0.957 | lr 1.72e-04
  iter  1550/3125 | loss 1.1475 | acc 0.957 | lr 1.72e-04
  iter  1600/3125 | loss 1.0286 | acc 0.956 | lr 1.72e-04
  iter  1650/3125 | loss 1.0679 | acc 0.956 | lr 1.72e-04
  iter  1700/3125 | loss 0.8950 | acc 0.956 | lr 1.71e-04
  iter  1750/3125 | loss 0.9987 | acc 0.955 | lr 1.71e-04
  iter  1800/3125 | loss 0.9266 | acc 0.955 | lr 1.71e-04
  iter  1850/3125 | loss 1.0919 | acc 0.955 | lr 1.71e-04
  iter  1900/3125 | loss 0.9066 | acc 0.955 | lr 1.71e-04
  iter  1950/3125 | loss 1.0925 | acc 0.955 | lr 1.71e-04
  iter  2000/3125 | loss 1.2707 | acc 0.954 | lr 1.71e-04
  iter  2050/3125 | loss 1.0576 | acc 0.954 | lr 1.71e-04
  iter  2100/3125 | loss 1.3066 | acc 0.954 | lr 1.71e-04
  iter  2150/3125 | loss 1.0605 | acc 0.954 | lr 1.71e-04
  iter  2200/3125 | loss 1.0566 | acc 0.954 | lr 1.71e-04
  iter  2250/3125 | loss 1.1208 | acc 0.954 | lr 1.71e-04
  iter  2300/3125 | loss 0.9673 | acc 0.954 | lr 1.71e-04
  iter  2350/3125 | loss 1.0100 | acc 0.954 | lr 1.71e-04
  iter  2400/3125 | loss 0.9778 | acc 0.953 | lr 1.71e-04
  iter  2450/3125 | loss 0.9738 | acc 0.953 | lr 1.71e-04
  iter  2500/3125 | loss 1.0020 | acc 0.953 | lr 1.71e-04
  iter  2550/3125 | loss 1.1127 | acc 0.953 | lr 1.71e-04
  iter  2600/3125 | loss 1.2353 | acc 0.953 | lr 1.71e-04
  iter  2650/3125 | loss 0.9130 | acc 0.953 | lr 1.71e-04
  iter  2700/3125 | loss 1.1462 | acc 0.952 | lr 1.71e-04
  iter  2750/3125 | loss 1.0275 | acc 0.952 | lr 1.71e-04
  iter  2800/3125 | loss 1.0204 | acc 0.952 | lr 1.71e-04
  iter  2850/3125 | loss 1.2355 | acc 0.951 | lr 1.71e-04
  iter  2900/3125 | loss 0.9354 | acc 0.951 | lr 1.71e-04
  iter  2950/3125 | loss 1.1237 | acc 0.951 | lr 1.70e-04
  iter  3000/3125 | loss 0.9897 | acc 0.951 | lr 1.70e-04
  iter  3050/3125 | loss 1.3760 | acc 0.951 | lr 1.70e-04
  iter  3100/3125 | loss 1.2485 | acc 0.951 | lr 1.70e-04
[Epoch 100] Train loss=1.0336, acc=0.9509 | opt_steps=3125
[Epoch 100] Val   loss=2.6572, acc=0.4938, lr=1.70e-04
  iter    50/3125 | loss 1.1554 | acc 0.969 | lr 1.70e-04
  iter   100/3125 | loss 1.0043 | acc 0.966 | lr 1.70e-04
  iter   150/3125 | loss 1.0682 | acc 0.964 | lr 1.70e-04
  iter   200/3125 | loss 0.9939 | acc 0.964 | lr 1.70e-04
  iter   250/3125 | loss 1.0368 | acc 0.964 | lr 1.70e-04
  iter   300/3125 | loss 1.0345 | acc 0.962 | lr 1.70e-04
  iter   350/3125 | loss 1.3380 | acc 0.960 | lr 1.70e-04
  iter   400/3125 | loss 1.0415 | acc 0.961 | lr 1.70e-04
  iter   450/3125 | loss 1.1084 | acc 0.961 | lr 1.70e-04
  iter   500/3125 | loss 0.9789 | acc 0.960 | lr 1.70e-04
  iter   550/3125 | loss 1.0139 | acc 0.960 | lr 1.70e-04
  iter   600/3125 | loss 1.0834 | acc 0.960 | lr 1.70e-04
  iter   650/3125 | loss 1.1134 | acc 0.959 | lr 1.70e-04
  iter   700/3125 | loss 0.8939 | acc 0.960 | lr 1.70e-04
  iter   750/3125 | loss 0.9434 | acc 0.959 | lr 1.70e-04
  iter   800/3125 | loss 1.0780 | acc 0.958 | lr 1.70e-04
  iter   850/3125 | loss 1.0739 | acc 0.959 | lr 1.70e-04
  iter   900/3125 | loss 0.9878 | acc 0.958 | lr 1.70e-04
  iter   950/3125 | loss 0.9463 | acc 0.958 | lr 1.70e-04
  iter  1000/3125 | loss 0.9025 | acc 0.958 | lr 1.70e-04
  iter  1050/3125 | loss 0.9793 | acc 0.958 | lr 1.70e-04
  iter  1100/3125 | loss 1.3373 | acc 0.958 | lr 1.70e-04
  iter  1150/3125 | loss 1.0295 | acc 0.958 | lr 1.69e-04
  iter  1200/3125 | loss 1.1289 | acc 0.958 | lr 1.69e-04
  iter  1250/3125 | loss 0.9451 | acc 0.957 | lr 1.69e-04
  iter  1300/3125 | loss 1.2313 | acc 0.957 | lr 1.69e-04
  iter  1350/3125 | loss 0.9288 | acc 0.957 | lr 1.69e-04
  iter  1400/3125 | loss 1.0247 | acc 0.957 | lr 1.69e-04
  iter  1450/3125 | loss 1.0122 | acc 0.956 | lr 1.69e-04
  iter  1500/3125 | loss 0.9531 | acc 0.956 | lr 1.69e-04
  iter  1550/3125 | loss 1.2138 | acc 0.956 | lr 1.69e-04
  iter  1600/3125 | loss 0.9299 | acc 0.956 | lr 1.69e-04
  iter  1650/3125 | loss 0.9579 | acc 0.956 | lr 1.69e-04
  iter  1700/3125 | loss 0.9334 | acc 0.956 | lr 1.69e-04
  iter  1750/3125 | loss 1.2094 | acc 0.956 | lr 1.69e-04
  iter  1800/3125 | loss 0.9991 | acc 0.955 | lr 1.69e-04
  iter  1850/3125 | loss 1.0650 | acc 0.955 | lr 1.69e-04
  iter  1900/3125 | loss 0.9129 | acc 0.955 | lr 1.69e-04
  iter  1950/3125 | loss 1.1506 | acc 0.955 | lr 1.69e-04
  iter  2000/3125 | loss 0.9597 | acc 0.955 | lr 1.69e-04
  iter  2050/3125 | loss 1.1980 | acc 0.955 | lr 1.69e-04
  iter  2100/3125 | loss 1.0392 | acc 0.954 | lr 1.69e-04
  iter  2150/3125 | loss 1.1027 | acc 0.954 | lr 1.69e-04
  iter  2200/3125 | loss 1.0125 | acc 0.954 | lr 1.69e-04
  iter  2250/3125 | loss 1.0597 | acc 0.954 | lr 1.69e-04
  iter  2300/3125 | loss 1.0985 | acc 0.954 | lr 1.69e-04
  iter  2350/3125 | loss 0.8874 | acc 0.954 | lr 1.69e-04
  iter  2400/3125 | loss 1.2490 | acc 0.954 | lr 1.68e-04
  iter  2450/3125 | loss 0.9747 | acc 0.954 | lr 1.68e-04
  iter  2500/3125 | loss 1.3213 | acc 0.954 | lr 1.68e-04
  iter  2550/3125 | loss 1.1029 | acc 0.954 | lr 1.68e-04
  iter  2600/3125 | loss 1.1600 | acc 0.953 | lr 1.68e-04
  iter  2650/3125 | loss 1.1746 | acc 0.953 | lr 1.68e-04
  iter  2700/3125 | loss 1.0209 | acc 0.953 | lr 1.68e-04
  iter  2750/3125 | loss 0.9735 | acc 0.953 | lr 1.68e-04
  iter  2800/3125 | loss 0.9553 | acc 0.953 | lr 1.68e-04
  iter  2850/3125 | loss 1.1357 | acc 0.953 | lr 1.68e-04
  iter  2900/3125 | loss 0.8910 | acc 0.953 | lr 1.68e-04
  iter  2950/3125 | loss 1.3694 | acc 0.953 | lr 1.68e-04
  iter  3000/3125 | loss 0.9016 | acc 0.953 | lr 1.68e-04
  iter  3050/3125 | loss 0.9996 | acc 0.953 | lr 1.68e-04
  iter  3100/3125 | loss 0.9375 | acc 0.953 | lr 1.68e-04
[Epoch 101] Train loss=1.0315, acc=0.9525 | opt_steps=3125
[Epoch 101] Val   loss=2.6613, acc=0.4933, lr=1.68e-04
  iter    50/3125 | loss 1.0519 | acc 0.968 | lr 1.68e-04
  iter   100/3125 | loss 1.2027 | acc 0.969 | lr 1.68e-04
  iter   150/3125 | loss 0.9793 | acc 0.968 | lr 1.68e-04
  iter   200/3125 | loss 0.8841 | acc 0.966 | lr 1.68e-04
  iter   250/3125 | loss 0.9050 | acc 0.963 | lr 1.68e-04
  iter   300/3125 | loss 1.0395 | acc 0.964 | lr 1.68e-04
  iter   350/3125 | loss 0.8973 | acc 0.963 | lr 1.68e-04
  iter   400/3125 | loss 1.1503 | acc 0.963 | lr 1.68e-04
  iter   450/3125 | loss 0.9916 | acc 0.961 | lr 1.68e-04
  iter   500/3125 | loss 1.1976 | acc 0.961 | lr 1.68e-04
  iter   550/3125 | loss 1.0669 | acc 0.961 | lr 1.67e-04
  iter   600/3125 | loss 1.0295 | acc 0.961 | lr 1.67e-04
  iter   650/3125 | loss 0.9440 | acc 0.961 | lr 1.67e-04
  iter   700/3125 | loss 1.2160 | acc 0.961 | lr 1.67e-04
  iter   750/3125 | loss 0.9547 | acc 0.962 | lr 1.67e-04
  iter   800/3125 | loss 1.0399 | acc 0.961 | lr 1.67e-04
  iter   850/3125 | loss 0.8814 | acc 0.961 | lr 1.67e-04
  iter   900/3125 | loss 1.0609 | acc 0.960 | lr 1.67e-04
  iter   950/3125 | loss 0.9119 | acc 0.960 | lr 1.67e-04
  iter  1000/3125 | loss 0.9778 | acc 0.959 | lr 1.67e-04
  iter  1050/3125 | loss 0.8687 | acc 0.959 | lr 1.67e-04
  iter  1100/3125 | loss 1.1327 | acc 0.959 | lr 1.67e-04
  iter  1150/3125 | loss 1.0776 | acc 0.959 | lr 1.67e-04
  iter  1200/3125 | loss 1.0586 | acc 0.959 | lr 1.67e-04
  iter  1250/3125 | loss 0.9021 | acc 0.959 | lr 1.67e-04
  iter  1300/3125 | loss 0.8853 | acc 0.959 | lr 1.67e-04
  iter  1350/3125 | loss 1.2078 | acc 0.959 | lr 1.67e-04
  iter  1400/3125 | loss 0.8882 | acc 0.959 | lr 1.67e-04
  iter  1450/3125 | loss 1.1452 | acc 0.959 | lr 1.67e-04
  iter  1500/3125 | loss 1.0740 | acc 0.959 | lr 1.67e-04
  iter  1550/3125 | loss 1.1359 | acc 0.958 | lr 1.67e-04
  iter  1600/3125 | loss 1.1356 | acc 0.958 | lr 1.67e-04
  iter  1650/3125 | loss 0.9074 | acc 0.958 | lr 1.67e-04
  iter  1700/3125 | loss 1.2394 | acc 0.958 | lr 1.67e-04
  iter  1750/3125 | loss 0.9009 | acc 0.958 | lr 1.67e-04
  iter  1800/3125 | loss 0.9993 | acc 0.957 | lr 1.67e-04
  iter  1850/3125 | loss 0.8977 | acc 0.957 | lr 1.66e-04
  iter  1900/3125 | loss 1.0988 | acc 0.957 | lr 1.66e-04
  iter  1950/3125 | loss 1.0491 | acc 0.957 | lr 1.66e-04
  iter  2000/3125 | loss 0.8939 | acc 0.957 | lr 1.66e-04
  iter  2050/3125 | loss 0.9790 | acc 0.957 | lr 1.66e-04
  iter  2100/3125 | loss 0.9316 | acc 0.957 | lr 1.66e-04
  iter  2150/3125 | loss 1.1287 | acc 0.957 | lr 1.66e-04
  iter  2200/3125 | loss 0.9157 | acc 0.957 | lr 1.66e-04
  iter  2250/3125 | loss 1.0972 | acc 0.957 | lr 1.66e-04
  iter  2300/3125 | loss 1.1297 | acc 0.957 | lr 1.66e-04
  iter  2350/3125 | loss 1.0738 | acc 0.956 | lr 1.66e-04
  iter  2400/3125 | loss 1.0120 | acc 0.956 | lr 1.66e-04
  iter  2450/3125 | loss 1.2034 | acc 0.956 | lr 1.66e-04
  iter  2500/3125 | loss 1.3835 | acc 0.956 | lr 1.66e-04
  iter  2550/3125 | loss 0.9705 | acc 0.956 | lr 1.66e-04
  iter  2600/3125 | loss 1.0040 | acc 0.956 | lr 1.66e-04
  iter  2650/3125 | loss 1.2342 | acc 0.956 | lr 1.66e-04
  iter  2700/3125 | loss 1.0054 | acc 0.956 | lr 1.66e-04
  iter  2750/3125 | loss 1.1074 | acc 0.956 | lr 1.66e-04
  iter  2800/3125 | loss 1.0381 | acc 0.956 | lr 1.66e-04
  iter  2850/3125 | loss 0.9620 | acc 0.955 | lr 1.66e-04
  iter  2900/3125 | loss 1.2320 | acc 0.956 | lr 1.66e-04
  iter  2950/3125 | loss 1.1677 | acc 0.955 | lr 1.66e-04
  iter  3000/3125 | loss 1.1132 | acc 0.955 | lr 1.66e-04
  iter  3050/3125 | loss 1.1711 | acc 0.955 | lr 1.66e-04
  iter  3100/3125 | loss 1.2833 | acc 0.955 | lr 1.66e-04
[Epoch 102] Train loss=1.0236, acc=0.9548 | opt_steps=3125
[Epoch 102] Val   loss=2.6639, acc=0.4920, lr=1.65e-04
  iter    50/3125 | loss 0.8918 | acc 0.960 | lr 1.65e-04
  iter   100/3125 | loss 0.8774 | acc 0.961 | lr 1.65e-04
  iter   150/3125 | loss 1.0504 | acc 0.961 | lr 1.65e-04
  iter   200/3125 | loss 0.8827 | acc 0.963 | lr 1.65e-04
  iter   250/3125 | loss 0.9482 | acc 0.963 | lr 1.65e-04
  iter   300/3125 | loss 0.9801 | acc 0.964 | lr 1.65e-04
  iter   350/3125 | loss 0.9478 | acc 0.964 | lr 1.65e-04
  iter   400/3125 | loss 0.9529 | acc 0.962 | lr 1.65e-04
  iter   450/3125 | loss 1.0414 | acc 0.961 | lr 1.65e-04
  iter   500/3125 | loss 0.9309 | acc 0.961 | lr 1.65e-04
  iter   550/3125 | loss 0.8875 | acc 0.962 | lr 1.65e-04
  iter   600/3125 | loss 0.9411 | acc 0.962 | lr 1.65e-04
  iter   650/3125 | loss 1.0089 | acc 0.962 | lr 1.65e-04
  iter   700/3125 | loss 0.9252 | acc 0.962 | lr 1.65e-04
  iter   750/3125 | loss 0.9246 | acc 0.961 | lr 1.65e-04
  iter   800/3125 | loss 0.8918 | acc 0.961 | lr 1.65e-04
  iter   850/3125 | loss 0.9968 | acc 0.962 | lr 1.65e-04
  iter   900/3125 | loss 1.0371 | acc 0.961 | lr 1.65e-04
  iter   950/3125 | loss 0.9585 | acc 0.961 | lr 1.65e-04
  iter  1000/3125 | loss 0.9159 | acc 0.961 | lr 1.65e-04
  iter  1050/3125 | loss 0.9233 | acc 0.961 | lr 1.65e-04
  iter  1100/3125 | loss 1.1747 | acc 0.961 | lr 1.65e-04
  iter  1150/3125 | loss 1.0798 | acc 0.960 | lr 1.65e-04
  iter  1200/3125 | loss 0.9732 | acc 0.960 | lr 1.65e-04
  iter  1250/3125 | loss 0.9829 | acc 0.960 | lr 1.65e-04
  iter  1300/3125 | loss 1.0031 | acc 0.960 | lr 1.64e-04
  iter  1350/3125 | loss 0.8818 | acc 0.960 | lr 1.64e-04
  iter  1400/3125 | loss 1.2119 | acc 0.959 | lr 1.64e-04
  iter  1450/3125 | loss 0.9939 | acc 0.959 | lr 1.64e-04
  iter  1500/3125 | loss 1.0718 | acc 0.959 | lr 1.64e-04
  iter  1550/3125 | loss 0.9876 | acc 0.959 | lr 1.64e-04
  iter  1600/3125 | loss 1.0939 | acc 0.959 | lr 1.64e-04
  iter  1650/3125 | loss 1.0406 | acc 0.959 | lr 1.64e-04
  iter  1700/3125 | loss 1.1320 | acc 0.958 | lr 1.64e-04
  iter  1750/3125 | loss 1.0713 | acc 0.958 | lr 1.64e-04
  iter  1800/3125 | loss 0.9300 | acc 0.958 | lr 1.64e-04
  iter  1850/3125 | loss 0.9572 | acc 0.958 | lr 1.64e-04
  iter  1900/3125 | loss 0.8814 | acc 0.958 | lr 1.64e-04
  iter  1950/3125 | loss 1.1223 | acc 0.958 | lr 1.64e-04
  iter  2000/3125 | loss 1.2274 | acc 0.958 | lr 1.64e-04
  iter  2050/3125 | loss 1.0224 | acc 0.958 | lr 1.64e-04
  iter  2100/3125 | loss 1.1382 | acc 0.958 | lr 1.64e-04
  iter  2150/3125 | loss 0.9426 | acc 0.958 | lr 1.64e-04
  iter  2200/3125 | loss 1.0478 | acc 0.958 | lr 1.64e-04
  iter  2250/3125 | loss 1.0375 | acc 0.958 | lr 1.64e-04
  iter  2300/3125 | loss 0.8855 | acc 0.957 | lr 1.64e-04
  iter  2350/3125 | loss 1.0533 | acc 0.957 | lr 1.64e-04
  iter  2400/3125 | loss 1.0144 | acc 0.957 | lr 1.64e-04
  iter  2450/3125 | loss 0.8919 | acc 0.957 | lr 1.64e-04
  iter  2500/3125 | loss 1.0221 | acc 0.957 | lr 1.64e-04
  iter  2550/3125 | loss 0.9905 | acc 0.957 | lr 1.63e-04
  iter  2600/3125 | loss 0.9409 | acc 0.957 | lr 1.63e-04
  iter  2650/3125 | loss 1.0422 | acc 0.956 | lr 1.63e-04
  iter  2700/3125 | loss 1.3073 | acc 0.956 | lr 1.63e-04
  iter  2750/3125 | loss 1.2149 | acc 0.956 | lr 1.63e-04
  iter  2800/3125 | loss 1.0037 | acc 0.956 | lr 1.63e-04
  iter  2850/3125 | loss 1.0038 | acc 0.956 | lr 1.63e-04
  iter  2900/3125 | loss 1.0735 | acc 0.956 | lr 1.63e-04
  iter  2950/3125 | loss 1.1905 | acc 0.956 | lr 1.63e-04
  iter  3000/3125 | loss 1.0795 | acc 0.956 | lr 1.63e-04
  iter  3050/3125 | loss 1.0913 | acc 0.956 | lr 1.63e-04
  iter  3100/3125 | loss 1.1230 | acc 0.955 | lr 1.63e-04
[Epoch 103] Train loss=1.0202, acc=0.9554 | opt_steps=3125
[Epoch 103] Val   loss=2.6692, acc=0.4931, lr=1.63e-04
  iter    50/3125 | loss 0.9610 | acc 0.968 | lr 1.63e-04
  iter   100/3125 | loss 0.9586 | acc 0.963 | lr 1.63e-04
  iter   150/3125 | loss 1.0256 | acc 0.964 | lr 1.63e-04
  iter   200/3125 | loss 0.9074 | acc 0.966 | lr 1.63e-04
  iter   250/3125 | loss 1.0328 | acc 0.967 | lr 1.63e-04
  iter   300/3125 | loss 0.9284 | acc 0.965 | lr 1.63e-04
  iter   350/3125 | loss 0.9666 | acc 0.964 | lr 1.63e-04
  iter   400/3125 | loss 0.9519 | acc 0.964 | lr 1.63e-04
  iter   450/3125 | loss 1.0853 | acc 0.964 | lr 1.63e-04
  iter   500/3125 | loss 0.8989 | acc 0.963 | lr 1.63e-04
  iter   550/3125 | loss 1.0101 | acc 0.963 | lr 1.63e-04
  iter   600/3125 | loss 0.8990 | acc 0.962 | lr 1.63e-04
  iter   650/3125 | loss 0.9914 | acc 0.962 | lr 1.63e-04
  iter   700/3125 | loss 0.9451 | acc 0.961 | lr 1.63e-04
  iter   750/3125 | loss 1.2088 | acc 0.962 | lr 1.62e-04
  iter   800/3125 | loss 0.9089 | acc 0.961 | lr 1.62e-04
  iter   850/3125 | loss 1.2052 | acc 0.960 | lr 1.62e-04
  iter   900/3125 | loss 0.9512 | acc 0.960 | lr 1.62e-04
  iter   950/3125 | loss 1.1836 | acc 0.960 | lr 1.62e-04
  iter  1000/3125 | loss 1.0421 | acc 0.960 | lr 1.62e-04
  iter  1050/3125 | loss 0.9728 | acc 0.960 | lr 1.62e-04
  iter  1100/3125 | loss 0.9256 | acc 0.961 | lr 1.62e-04
  iter  1150/3125 | loss 0.9165 | acc 0.961 | lr 1.62e-04
  iter  1200/3125 | loss 1.1703 | acc 0.961 | lr 1.62e-04
  iter  1250/3125 | loss 1.0753 | acc 0.960 | lr 1.62e-04
  iter  1300/3125 | loss 1.1333 | acc 0.961 | lr 1.62e-04
  iter  1350/3125 | loss 1.1026 | acc 0.961 | lr 1.62e-04
  iter  1400/3125 | loss 0.9222 | acc 0.961 | lr 1.62e-04
  iter  1450/3125 | loss 1.1180 | acc 0.960 | lr 1.62e-04
  iter  1500/3125 | loss 0.9234 | acc 0.960 | lr 1.62e-04
  iter  1550/3125 | loss 1.0038 | acc 0.960 | lr 1.62e-04
  iter  1600/3125 | loss 1.0493 | acc 0.960 | lr 1.62e-04
  iter  1650/3125 | loss 1.0668 | acc 0.960 | lr 1.62e-04
  iter  1700/3125 | loss 0.9290 | acc 0.960 | lr 1.62e-04
  iter  1750/3125 | loss 1.0456 | acc 0.960 | lr 1.62e-04
  iter  1800/3125 | loss 0.9952 | acc 0.960 | lr 1.62e-04
  iter  1850/3125 | loss 0.9451 | acc 0.959 | lr 1.62e-04
  iter  1900/3125 | loss 1.0766 | acc 0.959 | lr 1.62e-04
  iter  1950/3125 | loss 1.0167 | acc 0.959 | lr 1.62e-04
  iter  2000/3125 | loss 1.1039 | acc 0.959 | lr 1.61e-04
  iter  2050/3125 | loss 1.0564 | acc 0.959 | lr 1.61e-04
  iter  2100/3125 | loss 1.0776 | acc 0.958 | lr 1.61e-04
  iter  2150/3125 | loss 0.9837 | acc 0.958 | lr 1.61e-04
  iter  2200/3125 | loss 1.0230 | acc 0.958 | lr 1.61e-04
  iter  2250/3125 | loss 0.8931 | acc 0.958 | lr 1.61e-04
  iter  2300/3125 | loss 1.1496 | acc 0.958 | lr 1.61e-04
  iter  2350/3125 | loss 1.0107 | acc 0.957 | lr 1.61e-04
  iter  2400/3125 | loss 1.4047 | acc 0.957 | lr 1.61e-04
  iter  2450/3125 | loss 1.0098 | acc 0.957 | lr 1.61e-04
  iter  2500/3125 | loss 0.9803 | acc 0.957 | lr 1.61e-04
  iter  2550/3125 | loss 1.1028 | acc 0.957 | lr 1.61e-04
  iter  2600/3125 | loss 0.9921 | acc 0.957 | lr 1.61e-04
  iter  2650/3125 | loss 1.0498 | acc 0.957 | lr 1.61e-04
  iter  2700/3125 | loss 1.2373 | acc 0.957 | lr 1.61e-04
  iter  2750/3125 | loss 0.9640 | acc 0.956 | lr 1.61e-04
  iter  2800/3125 | loss 1.1437 | acc 0.956 | lr 1.61e-04
  iter  2850/3125 | loss 1.1734 | acc 0.956 | lr 1.61e-04
  iter  2900/3125 | loss 1.1248 | acc 0.956 | lr 1.61e-04
  iter  2950/3125 | loss 1.1382 | acc 0.956 | lr 1.61e-04
  iter  3000/3125 | loss 1.0905 | acc 0.956 | lr 1.61e-04
  iter  3050/3125 | loss 1.0043 | acc 0.956 | lr 1.61e-04
  iter  3100/3125 | loss 1.0598 | acc 0.955 | lr 1.61e-04
[Epoch 104] Train loss=1.0207, acc=0.9555 | opt_steps=3125
[Epoch 104] Val   loss=2.6769, acc=0.4932, lr=1.61e-04
  iter    50/3125 | loss 0.9804 | acc 0.970 | lr 1.61e-04
  iter   100/3125 | loss 0.9808 | acc 0.965 | lr 1.61e-04
  iter   150/3125 | loss 1.0849 | acc 0.964 | lr 1.60e-04
  iter   200/3125 | loss 0.8782 | acc 0.963 | lr 1.60e-04
  iter   250/3125 | loss 0.9151 | acc 0.961 | lr 1.60e-04
  iter   300/3125 | loss 0.9090 | acc 0.963 | lr 1.60e-04
  iter   350/3125 | loss 0.9886 | acc 0.962 | lr 1.60e-04
  iter   400/3125 | loss 0.8853 | acc 0.962 | lr 1.60e-04
  iter   450/3125 | loss 1.0891 | acc 0.961 | lr 1.60e-04
  iter   500/3125 | loss 0.9339 | acc 0.961 | lr 1.60e-04
  iter   550/3125 | loss 0.9464 | acc 0.961 | lr 1.60e-04
  iter   600/3125 | loss 1.0983 | acc 0.961 | lr 1.60e-04
  iter   650/3125 | loss 1.0222 | acc 0.960 | lr 1.60e-04
  iter   700/3125 | loss 1.0730 | acc 0.960 | lr 1.60e-04
  iter   750/3125 | loss 1.1143 | acc 0.959 | lr 1.60e-04
  iter   800/3125 | loss 0.9978 | acc 0.960 | lr 1.60e-04
  iter   850/3125 | loss 1.0774 | acc 0.960 | lr 1.60e-04
  iter   900/3125 | loss 0.8798 | acc 0.960 | lr 1.60e-04
  iter   950/3125 | loss 1.0256 | acc 0.960 | lr 1.60e-04
  iter  1000/3125 | loss 0.8679 | acc 0.960 | lr 1.60e-04
  iter  1050/3125 | loss 0.9974 | acc 0.960 | lr 1.60e-04
  iter  1100/3125 | loss 1.0781 | acc 0.960 | lr 1.60e-04
  iter  1150/3125 | loss 0.9642 | acc 0.960 | lr 1.60e-04
  iter  1200/3125 | loss 0.8938 | acc 0.960 | lr 1.60e-04
  iter  1250/3125 | loss 0.8823 | acc 0.960 | lr 1.60e-04
  iter  1300/3125 | loss 1.1109 | acc 0.960 | lr 1.60e-04
  iter  1350/3125 | loss 1.0770 | acc 0.960 | lr 1.60e-04
  iter  1400/3125 | loss 1.1479 | acc 0.960 | lr 1.60e-04
  iter  1450/3125 | loss 0.9637 | acc 0.960 | lr 1.59e-04
  iter  1500/3125 | loss 0.9887 | acc 0.960 | lr 1.59e-04
  iter  1550/3125 | loss 0.9506 | acc 0.959 | lr 1.59e-04
  iter  1600/3125 | loss 0.8785 | acc 0.959 | lr 1.59e-04
  iter  1650/3125 | loss 0.9581 | acc 0.959 | lr 1.59e-04
  iter  1700/3125 | loss 0.9918 | acc 0.959 | lr 1.59e-04
  iter  1750/3125 | loss 0.9423 | acc 0.959 | lr 1.59e-04
  iter  1800/3125 | loss 1.1187 | acc 0.959 | lr 1.59e-04
  iter  1850/3125 | loss 1.0790 | acc 0.958 | lr 1.59e-04
  iter  1900/3125 | loss 1.1985 | acc 0.958 | lr 1.59e-04
  iter  1950/3125 | loss 0.8792 | acc 0.958 | lr 1.59e-04
  iter  2000/3125 | loss 1.1408 | acc 0.958 | lr 1.59e-04
  iter  2050/3125 | loss 1.0069 | acc 0.958 | lr 1.59e-04
  iter  2100/3125 | loss 1.0508 | acc 0.958 | lr 1.59e-04
  iter  2150/3125 | loss 0.9580 | acc 0.957 | lr 1.59e-04
  iter  2200/3125 | loss 0.9448 | acc 0.957 | lr 1.59e-04
  iter  2250/3125 | loss 0.9764 | acc 0.957 | lr 1.59e-04
  iter  2300/3125 | loss 1.0109 | acc 0.957 | lr 1.59e-04
  iter  2350/3125 | loss 0.9076 | acc 0.957 | lr 1.59e-04
  iter  2400/3125 | loss 1.0347 | acc 0.957 | lr 1.59e-04
  iter  2450/3125 | loss 1.0277 | acc 0.957 | lr 1.59e-04
  iter  2500/3125 | loss 1.0019 | acc 0.957 | lr 1.59e-04
  iter  2550/3125 | loss 1.0780 | acc 0.957 | lr 1.59e-04
  iter  2600/3125 | loss 1.0169 | acc 0.957 | lr 1.59e-04
  iter  2650/3125 | loss 0.9328 | acc 0.957 | lr 1.59e-04
  iter  2700/3125 | loss 0.9906 | acc 0.957 | lr 1.58e-04
  iter  2750/3125 | loss 0.9177 | acc 0.957 | lr 1.58e-04
  iter  2800/3125 | loss 0.9514 | acc 0.957 | lr 1.58e-04
  iter  2850/3125 | loss 1.1967 | acc 0.957 | lr 1.58e-04
  iter  2900/3125 | loss 1.1407 | acc 0.957 | lr 1.58e-04
  iter  2950/3125 | loss 0.9775 | acc 0.957 | lr 1.58e-04
  iter  3000/3125 | loss 0.9460 | acc 0.957 | lr 1.58e-04
  iter  3050/3125 | loss 1.0130 | acc 0.957 | lr 1.58e-04
  iter  3100/3125 | loss 0.9260 | acc 0.957 | lr 1.58e-04
[Epoch 105] Train loss=1.0155, acc=0.9567 | opt_steps=3125
[Epoch 105] Val   loss=2.6917, acc=0.4898, lr=1.58e-04
  iter    50/3125 | loss 1.0915 | acc 0.966 | lr 1.58e-04
  iter   100/3125 | loss 0.9089 | acc 0.966 | lr 1.58e-04
  iter   150/3125 | loss 1.0039 | acc 0.965 | lr 1.58e-04
  iter   200/3125 | loss 0.8752 | acc 0.965 | lr 1.58e-04
  iter   250/3125 | loss 0.9938 | acc 0.965 | lr 1.58e-04
  iter   300/3125 | loss 1.3419 | acc 0.962 | lr 1.58e-04
  iter   350/3125 | loss 1.2207 | acc 0.962 | lr 1.58e-04
  iter   400/3125 | loss 0.9150 | acc 0.962 | lr 1.58e-04
  iter   450/3125 | loss 0.9371 | acc 0.962 | lr 1.58e-04
  iter   500/3125 | loss 0.9271 | acc 0.962 | lr 1.58e-04
  iter   550/3125 | loss 0.9753 | acc 0.962 | lr 1.58e-04
  iter   600/3125 | loss 0.8937 | acc 0.961 | lr 1.58e-04
  iter   650/3125 | loss 1.0227 | acc 0.961 | lr 1.58e-04
  iter   700/3125 | loss 0.9432 | acc 0.961 | lr 1.58e-04
  iter   750/3125 | loss 0.8936 | acc 0.961 | lr 1.58e-04
  iter   800/3125 | loss 0.8868 | acc 0.961 | lr 1.58e-04
  iter   850/3125 | loss 0.9542 | acc 0.962 | lr 1.58e-04
  iter   900/3125 | loss 1.2979 | acc 0.961 | lr 1.57e-04
  iter   950/3125 | loss 0.9569 | acc 0.961 | lr 1.57e-04
  iter  1000/3125 | loss 1.1274 | acc 0.960 | lr 1.57e-04
  iter  1050/3125 | loss 1.0666 | acc 0.960 | lr 1.57e-04
  iter  1100/3125 | loss 0.9275 | acc 0.960 | lr 1.57e-04
  iter  1150/3125 | loss 0.9132 | acc 0.961 | lr 1.57e-04
  iter  1200/3125 | loss 1.0345 | acc 0.960 | lr 1.57e-04
  iter  1250/3125 | loss 1.0265 | acc 0.961 | lr 1.57e-04
  iter  1300/3125 | loss 0.9296 | acc 0.960 | lr 1.57e-04
  iter  1350/3125 | loss 0.8813 | acc 0.960 | lr 1.57e-04
  iter  1400/3125 | loss 1.0677 | acc 0.960 | lr 1.57e-04
  iter  1450/3125 | loss 0.9395 | acc 0.960 | lr 1.57e-04
  iter  1500/3125 | loss 0.9177 | acc 0.960 | lr 1.57e-04
  iter  1550/3125 | loss 1.1480 | acc 0.960 | lr 1.57e-04
  iter  1600/3125 | loss 1.0302 | acc 0.960 | lr 1.57e-04
  iter  1650/3125 | loss 1.3020 | acc 0.959 | lr 1.57e-04
  iter  1700/3125 | loss 1.0032 | acc 0.959 | lr 1.57e-04
  iter  1750/3125 | loss 1.0293 | acc 0.959 | lr 1.57e-04
  iter  1800/3125 | loss 0.8852 | acc 0.959 | lr 1.57e-04
  iter  1850/3125 | loss 0.9374 | acc 0.959 | lr 1.57e-04
  iter  1900/3125 | loss 0.9723 | acc 0.959 | lr 1.57e-04
  iter  1950/3125 | loss 1.1493 | acc 0.959 | lr 1.57e-04
  iter  2000/3125 | loss 0.9792 | acc 0.959 | lr 1.57e-04
  iter  2050/3125 | loss 1.1289 | acc 0.959 | lr 1.57e-04
  iter  2100/3125 | loss 1.0332 | acc 0.959 | lr 1.57e-04
  iter  2150/3125 | loss 0.9799 | acc 0.959 | lr 1.56e-04
  iter  2200/3125 | loss 1.0111 | acc 0.959 | lr 1.56e-04
  iter  2250/3125 | loss 1.1191 | acc 0.958 | lr 1.56e-04
  iter  2300/3125 | loss 1.2309 | acc 0.958 | lr 1.56e-04
  iter  2350/3125 | loss 0.9400 | acc 0.958 | lr 1.56e-04
  iter  2400/3125 | loss 0.8990 | acc 0.958 | lr 1.56e-04
  iter  2450/3125 | loss 0.9615 | acc 0.958 | lr 1.56e-04
  iter  2500/3125 | loss 0.8908 | acc 0.958 | lr 1.56e-04
  iter  2550/3125 | loss 0.9083 | acc 0.958 | lr 1.56e-04
  iter  2600/3125 | loss 1.1861 | acc 0.958 | lr 1.56e-04
  iter  2650/3125 | loss 1.1003 | acc 0.957 | lr 1.56e-04
  iter  2700/3125 | loss 0.9348 | acc 0.957 | lr 1.56e-04
  iter  2750/3125 | loss 0.9010 | acc 0.957 | lr 1.56e-04
  iter  2800/3125 | loss 0.8984 | acc 0.957 | lr 1.56e-04
  iter  2850/3125 | loss 0.9513 | acc 0.957 | lr 1.56e-04
  iter  2900/3125 | loss 0.9806 | acc 0.957 | lr 1.56e-04
  iter  2950/3125 | loss 1.1246 | acc 0.957 | lr 1.56e-04
  iter  3000/3125 | loss 1.0498 | acc 0.957 | lr 1.56e-04
  iter  3050/3125 | loss 1.1069 | acc 0.957 | lr 1.56e-04
  iter  3100/3125 | loss 1.0536 | acc 0.957 | lr 1.56e-04
[Epoch 106] Train loss=1.0140, acc=0.9570 | opt_steps=3125
[Epoch 106] Val   loss=2.7043, acc=0.4892, lr=1.56e-04
  iter    50/3125 | loss 1.0928 | acc 0.959 | lr 1.56e-04
  iter   100/3125 | loss 0.9565 | acc 0.963 | lr 1.56e-04
  iter   150/3125 | loss 0.9538 | acc 0.967 | lr 1.56e-04
  iter   200/3125 | loss 0.9292 | acc 0.967 | lr 1.56e-04
  iter   250/3125 | loss 1.0195 | acc 0.965 | lr 1.56e-04
  iter   300/3125 | loss 1.0287 | acc 0.964 | lr 1.55e-04
  iter   350/3125 | loss 1.2516 | acc 0.964 | lr 1.55e-04
  iter   400/3125 | loss 0.9662 | acc 0.963 | lr 1.55e-04
  iter   450/3125 | loss 0.9778 | acc 0.964 | lr 1.55e-04
  iter   500/3125 | loss 1.1644 | acc 0.963 | lr 1.55e-04
  iter   550/3125 | loss 0.8741 | acc 0.964 | lr 1.55e-04
  iter   600/3125 | loss 0.8901 | acc 0.964 | lr 1.55e-04
  iter   650/3125 | loss 0.9545 | acc 0.963 | lr 1.55e-04
  iter   700/3125 | loss 0.9098 | acc 0.963 | lr 1.55e-04
  iter   750/3125 | loss 0.9112 | acc 0.963 | lr 1.55e-04
  iter   800/3125 | loss 1.0238 | acc 0.963 | lr 1.55e-04
  iter   850/3125 | loss 1.0450 | acc 0.963 | lr 1.55e-04
  iter   900/3125 | loss 0.9321 | acc 0.963 | lr 1.55e-04
  iter   950/3125 | loss 0.9284 | acc 0.963 | lr 1.55e-04
  iter  1000/3125 | loss 1.0911 | acc 0.963 | lr 1.55e-04
  iter  1050/3125 | loss 1.0897 | acc 0.962 | lr 1.55e-04
  iter  1100/3125 | loss 1.1085 | acc 0.962 | lr 1.55e-04
  iter  1150/3125 | loss 1.1566 | acc 0.962 | lr 1.55e-04
  iter  1200/3125 | loss 0.9518 | acc 0.962 | lr 1.55e-04
  iter  1250/3125 | loss 1.1961 | acc 0.962 | lr 1.55e-04
  iter  1300/3125 | loss 0.9951 | acc 0.962 | lr 1.55e-04
  iter  1350/3125 | loss 0.9405 | acc 0.962 | lr 1.55e-04
  iter  1400/3125 | loss 1.2359 | acc 0.962 | lr 1.55e-04
  iter  1450/3125 | loss 1.2225 | acc 0.961 | lr 1.55e-04
  iter  1500/3125 | loss 0.8795 | acc 0.961 | lr 1.55e-04
  iter  1550/3125 | loss 1.0311 | acc 0.961 | lr 1.55e-04
  iter  1600/3125 | loss 1.2167 | acc 0.961 | lr 1.54e-04
  iter  1650/3125 | loss 0.9114 | acc 0.961 | lr 1.54e-04
  iter  1700/3125 | loss 0.9105 | acc 0.960 | lr 1.54e-04
  iter  1750/3125 | loss 0.9880 | acc 0.961 | lr 1.54e-04
  iter  1800/3125 | loss 0.9953 | acc 0.960 | lr 1.54e-04
  iter  1850/3125 | loss 0.9095 | acc 0.960 | lr 1.54e-04
  iter  1900/3125 | loss 0.9780 | acc 0.960 | lr 1.54e-04
  iter  1950/3125 | loss 1.0683 | acc 0.960 | lr 1.54e-04
  iter  2000/3125 | loss 1.0081 | acc 0.960 | lr 1.54e-04
  iter  2050/3125 | loss 0.9292 | acc 0.960 | lr 1.54e-04
  iter  2100/3125 | loss 0.8860 | acc 0.960 | lr 1.54e-04
  iter  2150/3125 | loss 1.0337 | acc 0.960 | lr 1.54e-04
  iter  2200/3125 | loss 0.9633 | acc 0.959 | lr 1.54e-04
  iter  2250/3125 | loss 1.0545 | acc 0.959 | lr 1.54e-04
  iter  2300/3125 | loss 1.0298 | acc 0.959 | lr 1.54e-04
  iter  2350/3125 | loss 1.1531 | acc 0.959 | lr 1.54e-04
  iter  2400/3125 | loss 0.9208 | acc 0.959 | lr 1.54e-04
  iter  2450/3125 | loss 1.1677 | acc 0.959 | lr 1.54e-04
  iter  2500/3125 | loss 1.0985 | acc 0.959 | lr 1.54e-04
  iter  2550/3125 | loss 0.9171 | acc 0.959 | lr 1.54e-04
  iter  2600/3125 | loss 1.0093 | acc 0.959 | lr 1.54e-04
  iter  2650/3125 | loss 0.9798 | acc 0.959 | lr 1.54e-04
  iter  2700/3125 | loss 1.0341 | acc 0.959 | lr 1.54e-04
  iter  2750/3125 | loss 0.8992 | acc 0.959 | lr 1.54e-04
  iter  2800/3125 | loss 1.0112 | acc 0.959 | lr 1.54e-04
  iter  2850/3125 | loss 1.0045 | acc 0.959 | lr 1.53e-04
  iter  2900/3125 | loss 0.9046 | acc 0.958 | lr 1.53e-04
  iter  2950/3125 | loss 0.9540 | acc 0.958 | lr 1.53e-04
  iter  3000/3125 | loss 1.0516 | acc 0.958 | lr 1.53e-04
  iter  3050/3125 | loss 1.0262 | acc 0.958 | lr 1.53e-04
  iter  3100/3125 | loss 0.9424 | acc 0.958 | lr 1.53e-04
[Epoch 107] Train loss=1.0098, acc=0.9581 | opt_steps=3125
[Epoch 107] Val   loss=2.7135, acc=0.4897, lr=1.53e-04
  iter    50/3125 | loss 0.9967 | acc 0.969 | lr 1.53e-04
  iter   100/3125 | loss 1.1048 | acc 0.968 | lr 1.53e-04
  iter   150/3125 | loss 1.1392 | acc 0.964 | lr 1.53e-04
  iter   200/3125 | loss 0.9082 | acc 0.965 | lr 1.53e-04
  iter   250/3125 | loss 0.8918 | acc 0.965 | lr 1.53e-04
  iter   300/3125 | loss 1.0169 | acc 0.965 | lr 1.53e-04
  iter   350/3125 | loss 1.0012 | acc 0.964 | lr 1.53e-04
  iter   400/3125 | loss 0.9689 | acc 0.965 | lr 1.53e-04
  iter   450/3125 | loss 0.9263 | acc 0.964 | lr 1.53e-04
  iter   500/3125 | loss 1.0831 | acc 0.964 | lr 1.53e-04
  iter   550/3125 | loss 0.9116 | acc 0.964 | lr 1.53e-04
  iter   600/3125 | loss 1.0686 | acc 0.964 | lr 1.53e-04
  iter   650/3125 | loss 1.1780 | acc 0.964 | lr 1.53e-04
  iter   700/3125 | loss 0.9767 | acc 0.964 | lr 1.53e-04
  iter   750/3125 | loss 0.8840 | acc 0.964 | lr 1.53e-04
  iter   800/3125 | loss 1.0542 | acc 0.963 | lr 1.53e-04
  iter   850/3125 | loss 0.9009 | acc 0.963 | lr 1.53e-04
  iter   900/3125 | loss 0.8852 | acc 0.962 | lr 1.53e-04
  iter   950/3125 | loss 1.0483 | acc 0.962 | lr 1.53e-04
  iter  1000/3125 | loss 1.0492 | acc 0.962 | lr 1.52e-04
  iter  1050/3125 | loss 0.9186 | acc 0.962 | lr 1.52e-04
  iter  1100/3125 | loss 1.0971 | acc 0.962 | lr 1.52e-04
  iter  1150/3125 | loss 0.9510 | acc 0.962 | lr 1.52e-04
  iter  1200/3125 | loss 1.0227 | acc 0.962 | lr 1.52e-04
  iter  1250/3125 | loss 1.1304 | acc 0.962 | lr 1.52e-04
  iter  1300/3125 | loss 1.1050 | acc 0.962 | lr 1.52e-04
  iter  1350/3125 | loss 1.1363 | acc 0.962 | lr 1.52e-04
  iter  1400/3125 | loss 0.9286 | acc 0.962 | lr 1.52e-04
  iter  1450/3125 | loss 1.0572 | acc 0.962 | lr 1.52e-04
  iter  1500/3125 | loss 0.8754 | acc 0.962 | lr 1.52e-04
  iter  1550/3125 | loss 0.9418 | acc 0.962 | lr 1.52e-04
  iter  1600/3125 | loss 1.0772 | acc 0.962 | lr 1.52e-04
  iter  1650/3125 | loss 1.1673 | acc 0.962 | lr 1.52e-04
  iter  1700/3125 | loss 1.2290 | acc 0.962 | lr 1.52e-04
  iter  1750/3125 | loss 0.9993 | acc 0.962 | lr 1.52e-04
  iter  1800/3125 | loss 1.1158 | acc 0.962 | lr 1.52e-04
  iter  1850/3125 | loss 0.9782 | acc 0.962 | lr 1.52e-04
  iter  1900/3125 | loss 0.9897 | acc 0.962 | lr 1.52e-04
  iter  1950/3125 | loss 1.0803 | acc 0.962 | lr 1.52e-04
  iter  2000/3125 | loss 1.1015 | acc 0.962 | lr 1.52e-04
  iter  2050/3125 | loss 1.0916 | acc 0.962 | lr 1.52e-04
  iter  2100/3125 | loss 0.9807 | acc 0.962 | lr 1.52e-04
  iter  2150/3125 | loss 1.0067 | acc 0.961 | lr 1.52e-04
  iter  2200/3125 | loss 1.0009 | acc 0.961 | lr 1.52e-04
  iter  2250/3125 | loss 0.9764 | acc 0.961 | lr 1.52e-04
  iter  2300/3125 | loss 0.8736 | acc 0.961 | lr 1.51e-04
  iter  2350/3125 | loss 0.9276 | acc 0.961 | lr 1.51e-04
  iter  2400/3125 | loss 0.9003 | acc 0.961 | lr 1.51e-04
  iter  2450/3125 | loss 0.9822 | acc 0.961 | lr 1.51e-04
  iter  2500/3125 | loss 0.9323 | acc 0.960 | lr 1.51e-04
  iter  2550/3125 | loss 0.9228 | acc 0.960 | lr 1.51e-04
  iter  2600/3125 | loss 0.8957 | acc 0.960 | lr 1.51e-04
  iter  2650/3125 | loss 1.1063 | acc 0.960 | lr 1.51e-04
  iter  2700/3125 | loss 1.0465 | acc 0.960 | lr 1.51e-04
  iter  2750/3125 | loss 0.8813 | acc 0.960 | lr 1.51e-04
  iter  2800/3125 | loss 0.9892 | acc 0.960 | lr 1.51e-04
  iter  2850/3125 | loss 0.9232 | acc 0.960 | lr 1.51e-04
  iter  2900/3125 | loss 1.0509 | acc 0.960 | lr 1.51e-04
  iter  2950/3125 | loss 1.1093 | acc 0.959 | lr 1.51e-04
  iter  3000/3125 | loss 1.1201 | acc 0.959 | lr 1.51e-04
  iter  3050/3125 | loss 1.1613 | acc 0.959 | lr 1.51e-04
  iter  3100/3125 | loss 0.9264 | acc 0.959 | lr 1.51e-04
[Epoch 108] Train loss=1.0078, acc=0.9588 | opt_steps=3125
[Epoch 108] Val   loss=2.7136, acc=0.4929, lr=1.51e-04
  iter    50/3125 | loss 0.9079 | acc 0.964 | lr 1.51e-04
  iter   100/3125 | loss 0.8858 | acc 0.968 | lr 1.51e-04
  iter   150/3125 | loss 0.9388 | acc 0.965 | lr 1.51e-04
  iter   200/3125 | loss 1.1069 | acc 0.964 | lr 1.51e-04
  iter   250/3125 | loss 0.9717 | acc 0.965 | lr 1.51e-04
  iter   300/3125 | loss 0.8764 | acc 0.965 | lr 1.51e-04
  iter   350/3125 | loss 0.9347 | acc 0.966 | lr 1.51e-04
  iter   400/3125 | loss 0.9619 | acc 0.966 | lr 1.51e-04
  iter   450/3125 | loss 0.9804 | acc 0.966 | lr 1.50e-04
  iter   500/3125 | loss 0.8843 | acc 0.966 | lr 1.50e-04
  iter   550/3125 | loss 1.0038 | acc 0.966 | lr 1.50e-04
  iter   600/3125 | loss 0.9371 | acc 0.966 | lr 1.50e-04
  iter   650/3125 | loss 0.9202 | acc 0.966 | lr 1.50e-04
  iter   700/3125 | loss 0.9061 | acc 0.966 | lr 1.50e-04
  iter   750/3125 | loss 0.9503 | acc 0.966 | lr 1.50e-04
  iter   800/3125 | loss 0.9006 | acc 0.966 | lr 1.50e-04
  iter   850/3125 | loss 0.8707 | acc 0.966 | lr 1.50e-04
  iter   900/3125 | loss 0.9546 | acc 0.966 | lr 1.50e-04
  iter   950/3125 | loss 0.8924 | acc 0.966 | lr 1.50e-04
  iter  1000/3125 | loss 0.9581 | acc 0.966 | lr 1.50e-04
  iter  1050/3125 | loss 0.8848 | acc 0.965 | lr 1.50e-04
  iter  1100/3125 | loss 1.0204 | acc 0.965 | lr 1.50e-04
  iter  1150/3125 | loss 1.1213 | acc 0.965 | lr 1.50e-04
  iter  1200/3125 | loss 0.9599 | acc 0.965 | lr 1.50e-04
  iter  1250/3125 | loss 1.1371 | acc 0.965 | lr 1.50e-04
  iter  1300/3125 | loss 1.1018 | acc 0.964 | lr 1.50e-04
  iter  1350/3125 | loss 0.9362 | acc 0.964 | lr 1.50e-04
  iter  1400/3125 | loss 0.9713 | acc 0.964 | lr 1.50e-04
  iter  1450/3125 | loss 1.0080 | acc 0.964 | lr 1.50e-04
  iter  1500/3125 | loss 0.9214 | acc 0.963 | lr 1.50e-04
  iter  1550/3125 | loss 1.0464 | acc 0.963 | lr 1.50e-04
  iter  1600/3125 | loss 0.9139 | acc 0.963 | lr 1.50e-04
  iter  1650/3125 | loss 0.9029 | acc 0.963 | lr 1.50e-04
  iter  1700/3125 | loss 0.8783 | acc 0.963 | lr 1.50e-04
  iter  1750/3125 | loss 0.9194 | acc 0.963 | lr 1.49e-04
  iter  1800/3125 | loss 1.0121 | acc 0.962 | lr 1.49e-04
  iter  1850/3125 | loss 1.0096 | acc 0.962 | lr 1.49e-04
  iter  1900/3125 | loss 0.9813 | acc 0.962 | lr 1.49e-04
  iter  1950/3125 | loss 1.0946 | acc 0.962 | lr 1.49e-04
  iter  2000/3125 | loss 0.8850 | acc 0.962 | lr 1.49e-04
  iter  2050/3125 | loss 0.9259 | acc 0.962 | lr 1.49e-04
  iter  2100/3125 | loss 1.1132 | acc 0.962 | lr 1.49e-04
  iter  2150/3125 | loss 0.9119 | acc 0.962 | lr 1.49e-04
  iter  2200/3125 | loss 1.0546 | acc 0.962 | lr 1.49e-04
  iter  2250/3125 | loss 0.9802 | acc 0.961 | lr 1.49e-04
  iter  2300/3125 | loss 0.9091 | acc 0.961 | lr 1.49e-04
  iter  2350/3125 | loss 0.9321 | acc 0.961 | lr 1.49e-04
  iter  2400/3125 | loss 0.8961 | acc 0.961 | lr 1.49e-04
  iter  2450/3125 | loss 0.9297 | acc 0.961 | lr 1.49e-04
  iter  2500/3125 | loss 1.0912 | acc 0.961 | lr 1.49e-04
  iter  2550/3125 | loss 1.0194 | acc 0.961 | lr 1.49e-04
  iter  2600/3125 | loss 1.2086 | acc 0.961 | lr 1.49e-04
  iter  2650/3125 | loss 0.9093 | acc 0.961 | lr 1.49e-04
  iter  2700/3125 | loss 1.1156 | acc 0.960 | lr 1.49e-04
  iter  2750/3125 | loss 0.8853 | acc 0.960 | lr 1.49e-04
  iter  2800/3125 | loss 0.9654 | acc 0.960 | lr 1.49e-04
  iter  2850/3125 | loss 1.2350 | acc 0.960 | lr 1.49e-04
  iter  2900/3125 | loss 0.8998 | acc 0.960 | lr 1.49e-04
  iter  2950/3125 | loss 1.1756 | acc 0.960 | lr 1.49e-04
  iter  3000/3125 | loss 1.0120 | acc 0.960 | lr 1.48e-04
  iter  3050/3125 | loss 1.0970 | acc 0.960 | lr 1.48e-04
  iter  3100/3125 | loss 1.0879 | acc 0.960 | lr 1.48e-04
[Epoch 109] Train loss=1.0045, acc=0.9596 | opt_steps=3125
[Epoch 109] Val   loss=2.7171, acc=0.4931, lr=1.48e-04
  iter    50/3125 | loss 0.8831 | acc 0.963 | lr 1.48e-04
  iter   100/3125 | loss 0.9092 | acc 0.964 | lr 1.48e-04
  iter   150/3125 | loss 0.8985 | acc 0.965 | lr 1.48e-04
  iter   200/3125 | loss 0.8985 | acc 0.967 | lr 1.48e-04
  iter   250/3125 | loss 0.9335 | acc 0.968 | lr 1.48e-04
  iter   300/3125 | loss 1.0133 | acc 0.966 | lr 1.48e-04
  iter   350/3125 | loss 0.8979 | acc 0.966 | lr 1.48e-04
  iter   400/3125 | loss 1.1030 | acc 0.966 | lr 1.48e-04
  iter   450/3125 | loss 0.9523 | acc 0.966 | lr 1.48e-04
  iter   500/3125 | loss 0.9942 | acc 0.966 | lr 1.48e-04
  iter   550/3125 | loss 0.8968 | acc 0.966 | lr 1.48e-04
  iter   600/3125 | loss 0.8872 | acc 0.967 | lr 1.48e-04
  iter   650/3125 | loss 0.9148 | acc 0.967 | lr 1.48e-04
  iter   700/3125 | loss 0.9352 | acc 0.967 | lr 1.48e-04
  iter   750/3125 | loss 0.9891 | acc 0.968 | lr 1.48e-04
  iter   800/3125 | loss 0.9255 | acc 0.968 | lr 1.48e-04
  iter   850/3125 | loss 0.9579 | acc 0.967 | lr 1.48e-04
  iter   900/3125 | loss 0.8851 | acc 0.967 | lr 1.48e-04
  iter   950/3125 | loss 0.9641 | acc 0.967 | lr 1.48e-04
  iter  1000/3125 | loss 0.8698 | acc 0.967 | lr 1.48e-04
  iter  1050/3125 | loss 0.9693 | acc 0.966 | lr 1.48e-04
  iter  1100/3125 | loss 0.9013 | acc 0.966 | lr 1.48e-04
  iter  1150/3125 | loss 1.0053 | acc 0.966 | lr 1.47e-04
  iter  1200/3125 | loss 0.9733 | acc 0.966 | lr 1.47e-04
  iter  1250/3125 | loss 0.9978 | acc 0.966 | lr 1.47e-04
  iter  1300/3125 | loss 0.9474 | acc 0.966 | lr 1.47e-04
  iter  1350/3125 | loss 0.9138 | acc 0.965 | lr 1.47e-04
  iter  1400/3125 | loss 1.0950 | acc 0.965 | lr 1.47e-04
  iter  1450/3125 | loss 1.0989 | acc 0.965 | lr 1.47e-04
  iter  1500/3125 | loss 1.1012 | acc 0.965 | lr 1.47e-04
  iter  1550/3125 | loss 0.9903 | acc 0.965 | lr 1.47e-04
  iter  1600/3125 | loss 0.8927 | acc 0.964 | lr 1.47e-04
  iter  1650/3125 | loss 0.9927 | acc 0.965 | lr 1.47e-04
  iter  1700/3125 | loss 1.1410 | acc 0.965 | lr 1.47e-04
  iter  1750/3125 | loss 0.8908 | acc 0.965 | lr 1.47e-04
  iter  1800/3125 | loss 1.1114 | acc 0.965 | lr 1.47e-04
  iter  1850/3125 | loss 1.0202 | acc 0.964 | lr 1.47e-04
  iter  1900/3125 | loss 0.9768 | acc 0.964 | lr 1.47e-04
  iter  1950/3125 | loss 1.0592 | acc 0.964 | lr 1.47e-04
  iter  2000/3125 | loss 1.0311 | acc 0.963 | lr 1.47e-04
  iter  2050/3125 | loss 0.9854 | acc 0.963 | lr 1.47e-04
  iter  2100/3125 | loss 0.9342 | acc 0.963 | lr 1.47e-04
  iter  2150/3125 | loss 1.1165 | acc 0.963 | lr 1.47e-04
  iter  2200/3125 | loss 1.0106 | acc 0.962 | lr 1.47e-04
  iter  2250/3125 | loss 1.0295 | acc 0.962 | lr 1.47e-04
  iter  2300/3125 | loss 1.0374 | acc 0.962 | lr 1.47e-04
  iter  2350/3125 | loss 0.8985 | acc 0.962 | lr 1.47e-04
  iter  2400/3125 | loss 0.9460 | acc 0.962 | lr 1.47e-04
  iter  2450/3125 | loss 0.9728 | acc 0.962 | lr 1.46e-04
  iter  2500/3125 | loss 0.9080 | acc 0.962 | lr 1.46e-04
  iter  2550/3125 | loss 0.9819 | acc 0.962 | lr 1.46e-04
  iter  2600/3125 | loss 1.2934 | acc 0.962 | lr 1.46e-04
  iter  2650/3125 | loss 0.9404 | acc 0.962 | lr 1.46e-04
  iter  2700/3125 | loss 1.0449 | acc 0.962 | lr 1.46e-04
  iter  2750/3125 | loss 1.0888 | acc 0.962 | lr 1.46e-04
  iter  2800/3125 | loss 0.8795 | acc 0.962 | lr 1.46e-04
  iter  2850/3125 | loss 1.0443 | acc 0.962 | lr 1.46e-04
  iter  2900/3125 | loss 0.9767 | acc 0.961 | lr 1.46e-04
  iter  2950/3125 | loss 1.0013 | acc 0.961 | lr 1.46e-04
  iter  3000/3125 | loss 1.0027 | acc 0.961 | lr 1.46e-04
  iter  3050/3125 | loss 1.1988 | acc 0.961 | lr 1.46e-04
  iter  3100/3125 | loss 0.8708 | acc 0.961 | lr 1.46e-04
[Epoch 110] Train loss=1.0005, acc=0.9609 | opt_steps=3125
[Epoch 110] Val   loss=2.7225, acc=0.4907, lr=1.46e-04
  iter    50/3125 | loss 0.9459 | acc 0.968 | lr 1.46e-04
  iter   100/3125 | loss 0.9325 | acc 0.967 | lr 1.46e-04
  iter   150/3125 | loss 0.9398 | acc 0.966 | lr 1.46e-04
  iter   200/3125 | loss 0.9029 | acc 0.969 | lr 1.46e-04
  iter   250/3125 | loss 1.0607 | acc 0.969 | lr 1.46e-04
  iter   300/3125 | loss 1.1168 | acc 0.969 | lr 1.46e-04
  iter   350/3125 | loss 0.9090 | acc 0.969 | lr 1.46e-04
  iter   400/3125 | loss 0.8817 | acc 0.969 | lr 1.46e-04
  iter   450/3125 | loss 1.0230 | acc 0.968 | lr 1.46e-04
  iter   500/3125 | loss 0.9454 | acc 0.968 | lr 1.46e-04
  iter   550/3125 | loss 0.9306 | acc 0.968 | lr 1.46e-04
  iter   600/3125 | loss 1.0376 | acc 0.968 | lr 1.45e-04
  iter   650/3125 | loss 0.8887 | acc 0.967 | lr 1.45e-04
  iter   700/3125 | loss 0.9899 | acc 0.968 | lr 1.45e-04
  iter   750/3125 | loss 0.9384 | acc 0.967 | lr 1.45e-04
  iter   800/3125 | loss 0.9076 | acc 0.967 | lr 1.45e-04
  iter   850/3125 | loss 1.1383 | acc 0.966 | lr 1.45e-04
  iter   900/3125 | loss 0.9756 | acc 0.965 | lr 1.45e-04
  iter   950/3125 | loss 1.0753 | acc 0.965 | lr 1.45e-04
  iter  1000/3125 | loss 0.9275 | acc 0.965 | lr 1.45e-04
  iter  1050/3125 | loss 0.9557 | acc 0.965 | lr 1.45e-04
  iter  1100/3125 | loss 1.0691 | acc 0.965 | lr 1.45e-04
  iter  1150/3125 | loss 1.1160 | acc 0.964 | lr 1.45e-04
  iter  1200/3125 | loss 1.0245 | acc 0.964 | lr 1.45e-04
  iter  1250/3125 | loss 0.9018 | acc 0.964 | lr 1.45e-04
  iter  1300/3125 | loss 0.9031 | acc 0.964 | lr 1.45e-04
  iter  1350/3125 | loss 0.9037 | acc 0.964 | lr 1.45e-04
  iter  1400/3125 | loss 0.8964 | acc 0.963 | lr 1.45e-04
  iter  1450/3125 | loss 0.8926 | acc 0.963 | lr 1.45e-04
  iter  1500/3125 | loss 0.9557 | acc 0.963 | lr 1.45e-04
  iter  1550/3125 | loss 0.9045 | acc 0.963 | lr 1.45e-04
  iter  1600/3125 | loss 1.0928 | acc 0.963 | lr 1.45e-04
  iter  1650/3125 | loss 0.9497 | acc 0.963 | lr 1.45e-04
  iter  1700/3125 | loss 1.0457 | acc 0.963 | lr 1.45e-04
  iter  1750/3125 | loss 1.0634 | acc 0.963 | lr 1.45e-04
  iter  1800/3125 | loss 1.0584 | acc 0.963 | lr 1.45e-04
  iter  1850/3125 | loss 1.0329 | acc 0.963 | lr 1.45e-04
  iter  1900/3125 | loss 0.8633 | acc 0.963 | lr 1.44e-04
  iter  1950/3125 | loss 0.9552 | acc 0.963 | lr 1.44e-04
  iter  2000/3125 | loss 0.9951 | acc 0.963 | lr 1.44e-04
  iter  2050/3125 | loss 1.1299 | acc 0.962 | lr 1.44e-04
  iter  2100/3125 | loss 0.9829 | acc 0.962 | lr 1.44e-04
  iter  2150/3125 | loss 1.0859 | acc 0.962 | lr 1.44e-04
  iter  2200/3125 | loss 0.9692 | acc 0.962 | lr 1.44e-04
  iter  2250/3125 | loss 1.0196 | acc 0.962 | lr 1.44e-04
  iter  2300/3125 | loss 1.1113 | acc 0.962 | lr 1.44e-04
  iter  2350/3125 | loss 1.0167 | acc 0.962 | lr 1.44e-04
  iter  2400/3125 | loss 0.9383 | acc 0.962 | lr 1.44e-04
  iter  2450/3125 | loss 0.9632 | acc 0.962 | lr 1.44e-04
  iter  2500/3125 | loss 0.9403 | acc 0.962 | lr 1.44e-04
  iter  2550/3125 | loss 0.9354 | acc 0.962 | lr 1.44e-04
  iter  2600/3125 | loss 1.2419 | acc 0.962 | lr 1.44e-04
  iter  2650/3125 | loss 0.9319 | acc 0.962 | lr 1.44e-04
  iter  2700/3125 | loss 0.9880 | acc 0.962 | lr 1.44e-04
  iter  2750/3125 | loss 1.0395 | acc 0.962 | lr 1.44e-04
  iter  2800/3125 | loss 1.0824 | acc 0.962 | lr 1.44e-04
  iter  2850/3125 | loss 0.9313 | acc 0.962 | lr 1.44e-04
  iter  2900/3125 | loss 0.8862 | acc 0.961 | lr 1.44e-04
  iter  2950/3125 | loss 1.1309 | acc 0.961 | lr 1.44e-04
  iter  3000/3125 | loss 1.0645 | acc 0.961 | lr 1.44e-04
  iter  3050/3125 | loss 1.3599 | acc 0.961 | lr 1.44e-04
  iter  3100/3125 | loss 0.9937 | acc 0.961 | lr 1.44e-04
[Epoch 111] Train loss=0.9986, acc=0.9611 | opt_steps=3125
[Epoch 111] Val   loss=2.7276, acc=0.4939, lr=1.44e-04
  iter    50/3125 | loss 1.0121 | acc 0.972 | lr 1.43e-04
  iter   100/3125 | loss 1.1262 | acc 0.971 | lr 1.43e-04
  iter   150/3125 | loss 1.0236 | acc 0.972 | lr 1.43e-04
  iter   200/3125 | loss 0.8930 | acc 0.972 | lr 1.43e-04
  iter   250/3125 | loss 0.8635 | acc 0.972 | lr 1.43e-04
  iter   300/3125 | loss 0.8994 | acc 0.970 | lr 1.43e-04
  iter   350/3125 | loss 0.8672 | acc 0.970 | lr 1.43e-04
  iter   400/3125 | loss 0.9613 | acc 0.970 | lr 1.43e-04
  iter   450/3125 | loss 0.9574 | acc 0.969 | lr 1.43e-04
  iter   500/3125 | loss 1.3540 | acc 0.967 | lr 1.43e-04
  iter   550/3125 | loss 1.0779 | acc 0.967 | lr 1.43e-04
  iter   600/3125 | loss 0.9341 | acc 0.967 | lr 1.43e-04
  iter   650/3125 | loss 1.1089 | acc 0.966 | lr 1.43e-04
  iter   700/3125 | loss 1.0512 | acc 0.966 | lr 1.43e-04
  iter   750/3125 | loss 0.9103 | acc 0.966 | lr 1.43e-04
  iter   800/3125 | loss 1.0764 | acc 0.966 | lr 1.43e-04
  iter   850/3125 | loss 1.0699 | acc 0.966 | lr 1.43e-04
  iter   900/3125 | loss 0.8657 | acc 0.966 | lr 1.43e-04
  iter   950/3125 | loss 1.0100 | acc 0.966 | lr 1.43e-04
  iter  1000/3125 | loss 1.0462 | acc 0.966 | lr 1.43e-04
  iter  1050/3125 | loss 1.1057 | acc 0.966 | lr 1.43e-04
  iter  1100/3125 | loss 1.0623 | acc 0.966 | lr 1.43e-04
  iter  1150/3125 | loss 0.8892 | acc 0.966 | lr 1.43e-04
  iter  1200/3125 | loss 0.8787 | acc 0.966 | lr 1.43e-04
  iter  1250/3125 | loss 0.8811 | acc 0.965 | lr 1.43e-04
  iter  1300/3125 | loss 0.9896 | acc 0.965 | lr 1.42e-04
  iter  1350/3125 | loss 1.0211 | acc 0.965 | lr 1.42e-04
  iter  1400/3125 | loss 0.9966 | acc 0.965 | lr 1.42e-04
  iter  1450/3125 | loss 0.9524 | acc 0.965 | lr 1.42e-04
  iter  1500/3125 | loss 0.9137 | acc 0.965 | lr 1.42e-04
  iter  1550/3125 | loss 1.1163 | acc 0.965 | lr 1.42e-04
  iter  1600/3125 | loss 1.2076 | acc 0.965 | lr 1.42e-04
  iter  1650/3125 | loss 0.9287 | acc 0.964 | lr 1.42e-04
  iter  1700/3125 | loss 1.0255 | acc 0.964 | lr 1.42e-04
  iter  1750/3125 | loss 1.1840 | acc 0.964 | lr 1.42e-04
  iter  1800/3125 | loss 0.8865 | acc 0.964 | lr 1.42e-04
  iter  1850/3125 | loss 0.9903 | acc 0.964 | lr 1.42e-04
  iter  1900/3125 | loss 1.0711 | acc 0.964 | lr 1.42e-04
  iter  1950/3125 | loss 1.0350 | acc 0.964 | lr 1.42e-04
  iter  2000/3125 | loss 0.9877 | acc 0.964 | lr 1.42e-04
  iter  2050/3125 | loss 1.0327 | acc 0.963 | lr 1.42e-04
  iter  2100/3125 | loss 0.9468 | acc 0.963 | lr 1.42e-04
  iter  2150/3125 | loss 0.8782 | acc 0.963 | lr 1.42e-04
  iter  2200/3125 | loss 0.9441 | acc 0.963 | lr 1.42e-04
  iter  2250/3125 | loss 0.9025 | acc 0.963 | lr 1.42e-04
  iter  2300/3125 | loss 1.2860 | acc 0.963 | lr 1.42e-04
  iter  2350/3125 | loss 1.1158 | acc 0.963 | lr 1.42e-04
  iter  2400/3125 | loss 0.9738 | acc 0.963 | lr 1.42e-04
  iter  2450/3125 | loss 1.0213 | acc 0.963 | lr 1.42e-04
  iter  2500/3125 | loss 0.8996 | acc 0.963 | lr 1.42e-04
  iter  2550/3125 | loss 0.9335 | acc 0.963 | lr 1.42e-04
  iter  2600/3125 | loss 0.9834 | acc 0.963 | lr 1.41e-04
  iter  2650/3125 | loss 0.9106 | acc 0.963 | lr 1.41e-04
  iter  2700/3125 | loss 1.0815 | acc 0.963 | lr 1.41e-04
  iter  2750/3125 | loss 1.0097 | acc 0.962 | lr 1.41e-04
  iter  2800/3125 | loss 0.9796 | acc 0.962 | lr 1.41e-04
  iter  2850/3125 | loss 0.9121 | acc 0.962 | lr 1.41e-04
  iter  2900/3125 | loss 0.9318 | acc 0.962 | lr 1.41e-04
  iter  2950/3125 | loss 1.0651 | acc 0.962 | lr 1.41e-04
  iter  3000/3125 | loss 0.9315 | acc 0.962 | lr 1.41e-04
  iter  3050/3125 | loss 1.0271 | acc 0.962 | lr 1.41e-04
  iter  3100/3125 | loss 0.8850 | acc 0.962 | lr 1.41e-04
[Epoch 112] Train loss=0.9945, acc=0.9623 | opt_steps=3125
[Epoch 112] Val   loss=2.7324, acc=0.4934, lr=1.41e-04
  iter    50/3125 | loss 1.0763 | acc 0.973 | lr 1.41e-04
  iter   100/3125 | loss 0.9007 | acc 0.973 | lr 1.41e-04
  iter   150/3125 | loss 1.1089 | acc 0.974 | lr 1.41e-04
  iter   200/3125 | loss 0.8719 | acc 0.972 | lr 1.41e-04
  iter   250/3125 | loss 0.9612 | acc 0.971 | lr 1.41e-04
  iter   300/3125 | loss 0.8920 | acc 0.972 | lr 1.41e-04
  iter   350/3125 | loss 0.9094 | acc 0.971 | lr 1.41e-04
  iter   400/3125 | loss 0.9949 | acc 0.970 | lr 1.41e-04
  iter   450/3125 | loss 0.8889 | acc 0.970 | lr 1.41e-04
  iter   500/3125 | loss 1.0872 | acc 0.969 | lr 1.41e-04
  iter   550/3125 | loss 0.9318 | acc 0.970 | lr 1.41e-04
  iter   600/3125 | loss 1.0456 | acc 0.970 | lr 1.41e-04
  iter   650/3125 | loss 1.0572 | acc 0.970 | lr 1.41e-04
  iter   700/3125 | loss 1.1127 | acc 0.969 | lr 1.41e-04
  iter   750/3125 | loss 1.0246 | acc 0.969 | lr 1.40e-04
  iter   800/3125 | loss 0.8945 | acc 0.968 | lr 1.40e-04
  iter   850/3125 | loss 0.9378 | acc 0.968 | lr 1.40e-04
  iter   900/3125 | loss 0.9445 | acc 0.968 | lr 1.40e-04
  iter   950/3125 | loss 0.8860 | acc 0.968 | lr 1.40e-04
  iter  1000/3125 | loss 1.0207 | acc 0.968 | lr 1.40e-04
  iter  1050/3125 | loss 1.0892 | acc 0.968 | lr 1.40e-04
  iter  1100/3125 | loss 0.8793 | acc 0.968 | lr 1.40e-04
  iter  1150/3125 | loss 1.0650 | acc 0.968 | lr 1.40e-04
  iter  1200/3125 | loss 0.9425 | acc 0.968 | lr 1.40e-04
  iter  1250/3125 | loss 0.8993 | acc 0.968 | lr 1.40e-04
  iter  1300/3125 | loss 0.8967 | acc 0.968 | lr 1.40e-04
  iter  1350/3125 | loss 0.8934 | acc 0.968 | lr 1.40e-04
  iter  1400/3125 | loss 0.9463 | acc 0.967 | lr 1.40e-04
  iter  1450/3125 | loss 0.9191 | acc 0.967 | lr 1.40e-04
  iter  1500/3125 | loss 0.8972 | acc 0.967 | lr 1.40e-04
  iter  1550/3125 | loss 0.9777 | acc 0.967 | lr 1.40e-04
  iter  1600/3125 | loss 1.2038 | acc 0.967 | lr 1.40e-04
  iter  1650/3125 | loss 1.0548 | acc 0.967 | lr 1.40e-04
  iter  1700/3125 | loss 0.8881 | acc 0.967 | lr 1.40e-04
  iter  1750/3125 | loss 0.9730 | acc 0.967 | lr 1.40e-04
  iter  1800/3125 | loss 0.9448 | acc 0.967 | lr 1.40e-04
  iter  1850/3125 | loss 0.8714 | acc 0.967 | lr 1.40e-04
  iter  1900/3125 | loss 0.8953 | acc 0.966 | lr 1.40e-04
  iter  1950/3125 | loss 0.8920 | acc 0.967 | lr 1.40e-04
  iter  2000/3125 | loss 1.0492 | acc 0.966 | lr 1.40e-04
  iter  2050/3125 | loss 1.0719 | acc 0.966 | lr 1.39e-04
  iter  2100/3125 | loss 1.0186 | acc 0.966 | lr 1.39e-04
  iter  2150/3125 | loss 0.9035 | acc 0.966 | lr 1.39e-04
  iter  2200/3125 | loss 0.9325 | acc 0.966 | lr 1.39e-04
  iter  2250/3125 | loss 1.0684 | acc 0.966 | lr 1.39e-04
  iter  2300/3125 | loss 1.1199 | acc 0.966 | lr 1.39e-04
  iter  2350/3125 | loss 0.9048 | acc 0.966 | lr 1.39e-04
  iter  2400/3125 | loss 0.8930 | acc 0.966 | lr 1.39e-04
  iter  2450/3125 | loss 1.2304 | acc 0.965 | lr 1.39e-04
  iter  2500/3125 | loss 0.9484 | acc 0.965 | lr 1.39e-04
  iter  2550/3125 | loss 1.0584 | acc 0.965 | lr 1.39e-04
  iter  2600/3125 | loss 0.9039 | acc 0.965 | lr 1.39e-04
  iter  2650/3125 | loss 0.8878 | acc 0.965 | lr 1.39e-04
  iter  2700/3125 | loss 0.9835 | acc 0.965 | lr 1.39e-04
  iter  2750/3125 | loss 1.0562 | acc 0.965 | lr 1.39e-04
  iter  2800/3125 | loss 0.8725 | acc 0.964 | lr 1.39e-04
  iter  2850/3125 | loss 1.0033 | acc 0.964 | lr 1.39e-04
  iter  2900/3125 | loss 0.8807 | acc 0.964 | lr 1.39e-04
  iter  2950/3125 | loss 1.2704 | acc 0.964 | lr 1.39e-04
  iter  3000/3125 | loss 1.0057 | acc 0.964 | lr 1.39e-04
  iter  3050/3125 | loss 1.1108 | acc 0.964 | lr 1.39e-04
  iter  3100/3125 | loss 0.9368 | acc 0.964 | lr 1.39e-04
[Epoch 113] Train loss=0.9914, acc=0.9636 | opt_steps=3125
[Epoch 113] Val   loss=2.7412, acc=0.4925, lr=1.39e-04
  iter    50/3125 | loss 1.1302 | acc 0.972 | lr 1.39e-04
  iter   100/3125 | loss 0.9334 | acc 0.969 | lr 1.39e-04
  iter   150/3125 | loss 1.3430 | acc 0.968 | lr 1.39e-04
  iter   200/3125 | loss 1.1809 | acc 0.968 | lr 1.38e-04
  iter   250/3125 | loss 1.0324 | acc 0.968 | lr 1.38e-04
  iter   300/3125 | loss 0.9875 | acc 0.968 | lr 1.38e-04
  iter   350/3125 | loss 1.0545 | acc 0.969 | lr 1.38e-04
  iter   400/3125 | loss 0.8823 | acc 0.969 | lr 1.38e-04
  iter   450/3125 | loss 0.9013 | acc 0.968 | lr 1.38e-04
  iter   500/3125 | loss 0.9010 | acc 0.968 | lr 1.38e-04
  iter   550/3125 | loss 0.8754 | acc 0.968 | lr 1.38e-04
  iter   600/3125 | loss 0.9045 | acc 0.968 | lr 1.38e-04
  iter   650/3125 | loss 1.2257 | acc 0.968 | lr 1.38e-04
  iter   700/3125 | loss 1.2522 | acc 0.969 | lr 1.38e-04
  iter   750/3125 | loss 0.8824 | acc 0.969 | lr 1.38e-04
  iter   800/3125 | loss 1.0065 | acc 0.968 | lr 1.38e-04
  iter   850/3125 | loss 0.9061 | acc 0.969 | lr 1.38e-04
  iter   900/3125 | loss 0.9839 | acc 0.968 | lr 1.38e-04
  iter   950/3125 | loss 0.8970 | acc 0.968 | lr 1.38e-04
  iter  1000/3125 | loss 1.1758 | acc 0.969 | lr 1.38e-04
  iter  1050/3125 | loss 1.0300 | acc 0.968 | lr 1.38e-04
  iter  1100/3125 | loss 0.9088 | acc 0.968 | lr 1.38e-04
  iter  1150/3125 | loss 0.9199 | acc 0.968 | lr 1.38e-04
  iter  1200/3125 | loss 0.9804 | acc 0.968 | lr 1.38e-04
  iter  1250/3125 | loss 1.0728 | acc 0.968 | lr 1.38e-04
  iter  1300/3125 | loss 1.0592 | acc 0.968 | lr 1.38e-04
  iter  1350/3125 | loss 0.9321 | acc 0.968 | lr 1.38e-04
  iter  1400/3125 | loss 0.9304 | acc 0.968 | lr 1.38e-04
  iter  1450/3125 | loss 0.9404 | acc 0.968 | lr 1.38e-04
  iter  1500/3125 | loss 0.9327 | acc 0.968 | lr 1.37e-04
  iter  1550/3125 | loss 0.9191 | acc 0.967 | lr 1.37e-04
  iter  1600/3125 | loss 1.0146 | acc 0.968 | lr 1.37e-04
  iter  1650/3125 | loss 0.8908 | acc 0.967 | lr 1.37e-04
  iter  1700/3125 | loss 0.9714 | acc 0.967 | lr 1.37e-04
  iter  1750/3125 | loss 0.8629 | acc 0.967 | lr 1.37e-04
  iter  1800/3125 | loss 1.0335 | acc 0.967 | lr 1.37e-04
  iter  1850/3125 | loss 0.8684 | acc 0.967 | lr 1.37e-04
  iter  1900/3125 | loss 0.8892 | acc 0.966 | lr 1.37e-04
  iter  1950/3125 | loss 0.9559 | acc 0.966 | lr 1.37e-04
  iter  2000/3125 | loss 1.0344 | acc 0.966 | lr 1.37e-04
  iter  2050/3125 | loss 0.9759 | acc 0.966 | lr 1.37e-04
  iter  2100/3125 | loss 0.9002 | acc 0.966 | lr 1.37e-04
  iter  2150/3125 | loss 0.9698 | acc 0.966 | lr 1.37e-04
  iter  2200/3125 | loss 0.9243 | acc 0.966 | lr 1.37e-04
  iter  2250/3125 | loss 0.9068 | acc 0.966 | lr 1.37e-04
  iter  2300/3125 | loss 0.8949 | acc 0.966 | lr 1.37e-04
  iter  2350/3125 | loss 0.8866 | acc 0.966 | lr 1.37e-04
  iter  2400/3125 | loss 1.2801 | acc 0.966 | lr 1.37e-04
  iter  2450/3125 | loss 0.8945 | acc 0.966 | lr 1.37e-04
  iter  2500/3125 | loss 1.0954 | acc 0.966 | lr 1.37e-04
  iter  2550/3125 | loss 0.9751 | acc 0.965 | lr 1.37e-04
  iter  2600/3125 | loss 1.1695 | acc 0.965 | lr 1.37e-04
  iter  2650/3125 | loss 0.9575 | acc 0.965 | lr 1.37e-04
  iter  2700/3125 | loss 0.9210 | acc 0.965 | lr 1.37e-04
  iter  2750/3125 | loss 0.9695 | acc 0.965 | lr 1.37e-04
  iter  2800/3125 | loss 1.1116 | acc 0.965 | lr 1.36e-04
  iter  2850/3125 | loss 1.0569 | acc 0.965 | lr 1.36e-04
  iter  2900/3125 | loss 1.1346 | acc 0.965 | lr 1.36e-04
  iter  2950/3125 | loss 1.0329 | acc 0.964 | lr 1.36e-04
  iter  3000/3125 | loss 1.0780 | acc 0.964 | lr 1.36e-04
  iter  3050/3125 | loss 1.1505 | acc 0.964 | lr 1.36e-04
  iter  3100/3125 | loss 1.0343 | acc 0.964 | lr 1.36e-04
[Epoch 114] Train loss=0.9897, acc=0.9642 | opt_steps=3125
[Epoch 114] Val   loss=2.7465, acc=0.4930, lr=1.36e-04
  iter    50/3125 | loss 1.0058 | acc 0.979 | lr 1.36e-04
  iter   100/3125 | loss 0.9040 | acc 0.973 | lr 1.36e-04
  iter   150/3125 | loss 0.9313 | acc 0.971 | lr 1.36e-04
  iter   200/3125 | loss 1.0168 | acc 0.972 | lr 1.36e-04
  iter   250/3125 | loss 0.9040 | acc 0.971 | lr 1.36e-04
  iter   300/3125 | loss 1.3689 | acc 0.970 | lr 1.36e-04
  iter   350/3125 | loss 1.0203 | acc 0.970 | lr 1.36e-04
  iter   400/3125 | loss 1.0426 | acc 0.969 | lr 1.36e-04
  iter   450/3125 | loss 0.9304 | acc 0.969 | lr 1.36e-04
  iter   500/3125 | loss 0.8686 | acc 0.970 | lr 1.36e-04
  iter   550/3125 | loss 1.0143 | acc 0.969 | lr 1.36e-04
  iter   600/3125 | loss 0.9973 | acc 0.969 | lr 1.36e-04
  iter   650/3125 | loss 1.0309 | acc 0.968 | lr 1.36e-04
  iter   700/3125 | loss 0.8925 | acc 0.968 | lr 1.36e-04
  iter   750/3125 | loss 0.9414 | acc 0.968 | lr 1.36e-04
  iter   800/3125 | loss 0.9301 | acc 0.968 | lr 1.36e-04
  iter   850/3125 | loss 0.9919 | acc 0.968 | lr 1.36e-04
  iter   900/3125 | loss 0.8892 | acc 0.969 | lr 1.36e-04
  iter   950/3125 | loss 0.9248 | acc 0.968 | lr 1.35e-04
  iter  1000/3125 | loss 1.2444 | acc 0.968 | lr 1.35e-04
  iter  1050/3125 | loss 1.0227 | acc 0.968 | lr 1.35e-04
  iter  1100/3125 | loss 1.0162 | acc 0.968 | lr 1.35e-04
  iter  1150/3125 | loss 0.9624 | acc 0.968 | lr 1.35e-04
  iter  1200/3125 | loss 1.0675 | acc 0.968 | lr 1.35e-04
  iter  1250/3125 | loss 1.1232 | acc 0.968 | lr 1.35e-04
  iter  1300/3125 | loss 1.0402 | acc 0.968 | lr 1.35e-04
  iter  1350/3125 | loss 0.9139 | acc 0.968 | lr 1.35e-04
  iter  1400/3125 | loss 0.9133 | acc 0.967 | lr 1.35e-04
  iter  1450/3125 | loss 0.9017 | acc 0.967 | lr 1.35e-04
  iter  1500/3125 | loss 1.0072 | acc 0.967 | lr 1.35e-04
  iter  1550/3125 | loss 0.9384 | acc 0.967 | lr 1.35e-04
  iter  1600/3125 | loss 0.9526 | acc 0.967 | lr 1.35e-04
  iter  1650/3125 | loss 0.9393 | acc 0.967 | lr 1.35e-04
  iter  1700/3125 | loss 1.0752 | acc 0.967 | lr 1.35e-04
  iter  1750/3125 | loss 0.9959 | acc 0.967 | lr 1.35e-04
  iter  1800/3125 | loss 0.9715 | acc 0.967 | lr 1.35e-04
  iter  1850/3125 | loss 0.9417 | acc 0.967 | lr 1.35e-04
  iter  1900/3125 | loss 0.8828 | acc 0.967 | lr 1.35e-04
  iter  1950/3125 | loss 1.0931 | acc 0.967 | lr 1.35e-04
  iter  2000/3125 | loss 1.0431 | acc 0.967 | lr 1.35e-04
  iter  2050/3125 | loss 1.0386 | acc 0.967 | lr 1.35e-04
  iter  2100/3125 | loss 0.9917 | acc 0.967 | lr 1.35e-04
  iter  2150/3125 | loss 1.0818 | acc 0.967 | lr 1.35e-04
  iter  2200/3125 | loss 1.0281 | acc 0.967 | lr 1.35e-04
  iter  2250/3125 | loss 0.9377 | acc 0.967 | lr 1.34e-04
  iter  2300/3125 | loss 1.3771 | acc 0.967 | lr 1.34e-04
  iter  2350/3125 | loss 0.8979 | acc 0.967 | lr 1.34e-04
  iter  2400/3125 | loss 1.1654 | acc 0.967 | lr 1.34e-04
  iter  2450/3125 | loss 1.0074 | acc 0.967 | lr 1.34e-04
  iter  2500/3125 | loss 0.9312 | acc 0.967 | lr 1.34e-04
  iter  2550/3125 | loss 1.0926 | acc 0.967 | lr 1.34e-04
  iter  2600/3125 | loss 1.0207 | acc 0.966 | lr 1.34e-04
  iter  2650/3125 | loss 0.9233 | acc 0.966 | lr 1.34e-04
  iter  2700/3125 | loss 1.0648 | acc 0.966 | lr 1.34e-04
  iter  2750/3125 | loss 0.9172 | acc 0.966 | lr 1.34e-04
  iter  2800/3125 | loss 1.1841 | acc 0.966 | lr 1.34e-04
  iter  2850/3125 | loss 1.1441 | acc 0.966 | lr 1.34e-04
  iter  2900/3125 | loss 0.9584 | acc 0.966 | lr 1.34e-04
  iter  2950/3125 | loss 1.1134 | acc 0.966 | lr 1.34e-04
  iter  3000/3125 | loss 0.8719 | acc 0.966 | lr 1.34e-04
  iter  3050/3125 | loss 1.0210 | acc 0.966 | lr 1.34e-04
  iter  3100/3125 | loss 0.8995 | acc 0.966 | lr 1.34e-04
[Epoch 115] Train loss=0.9851, acc=0.9659 | opt_steps=3125
[Epoch 115] Val   loss=2.7521, acc=0.4933, lr=1.34e-04
  iter    50/3125 | loss 1.1282 | acc 0.972 | lr 1.34e-04
  iter   100/3125 | loss 1.0549 | acc 0.971 | lr 1.34e-04
  iter   150/3125 | loss 0.9457 | acc 0.972 | lr 1.34e-04
  iter   200/3125 | loss 0.9769 | acc 0.969 | lr 1.34e-04
  iter   250/3125 | loss 1.0904 | acc 0.971 | lr 1.34e-04
  iter   300/3125 | loss 0.9210 | acc 0.971 | lr 1.34e-04
  iter   350/3125 | loss 1.0174 | acc 0.972 | lr 1.34e-04
  iter   400/3125 | loss 0.8740 | acc 0.972 | lr 1.33e-04
  iter   450/3125 | loss 0.9314 | acc 0.972 | lr 1.33e-04
  iter   500/3125 | loss 0.9220 | acc 0.972 | lr 1.33e-04
  iter   550/3125 | loss 1.0240 | acc 0.971 | lr 1.33e-04
  iter   600/3125 | loss 1.1119 | acc 0.971 | lr 1.33e-04
  iter   650/3125 | loss 1.0117 | acc 0.970 | lr 1.33e-04
  iter   700/3125 | loss 0.9638 | acc 0.970 | lr 1.33e-04
  iter   750/3125 | loss 0.9143 | acc 0.970 | lr 1.33e-04
  iter   800/3125 | loss 1.0195 | acc 0.970 | lr 1.33e-04
  iter   850/3125 | loss 1.0230 | acc 0.970 | lr 1.33e-04
  iter   900/3125 | loss 1.0952 | acc 0.970 | lr 1.33e-04
  iter   950/3125 | loss 0.9079 | acc 0.970 | lr 1.33e-04
  iter  1000/3125 | loss 0.8738 | acc 0.970 | lr 1.33e-04
  iter  1050/3125 | loss 1.0716 | acc 0.970 | lr 1.33e-04
  iter  1100/3125 | loss 0.9723 | acc 0.969 | lr 1.33e-04
  iter  1150/3125 | loss 0.9789 | acc 0.969 | lr 1.33e-04
  iter  1200/3125 | loss 0.9819 | acc 0.969 | lr 1.33e-04
  iter  1250/3125 | loss 1.0369 | acc 0.969 | lr 1.33e-04
  iter  1300/3125 | loss 0.9325 | acc 0.969 | lr 1.33e-04
  iter  1350/3125 | loss 1.0032 | acc 0.968 | lr 1.33e-04
  iter  1400/3125 | loss 0.8828 | acc 0.968 | lr 1.33e-04
  iter  1450/3125 | loss 0.8650 | acc 0.968 | lr 1.33e-04
  iter  1500/3125 | loss 1.0846 | acc 0.968 | lr 1.33e-04
  iter  1550/3125 | loss 0.9526 | acc 0.968 | lr 1.33e-04
  iter  1600/3125 | loss 0.8668 | acc 0.968 | lr 1.33e-04
  iter  1650/3125 | loss 1.0317 | acc 0.968 | lr 1.33e-04
  iter  1700/3125 | loss 0.9856 | acc 0.967 | lr 1.32e-04
  iter  1750/3125 | loss 0.9018 | acc 0.967 | lr 1.32e-04
  iter  1800/3125 | loss 0.9444 | acc 0.967 | lr 1.32e-04
  iter  1850/3125 | loss 1.0595 | acc 0.967 | lr 1.32e-04
  iter  1900/3125 | loss 0.9132 | acc 0.967 | lr 1.32e-04
  iter  1950/3125 | loss 0.9248 | acc 0.967 | lr 1.32e-04
  iter  2000/3125 | loss 0.9812 | acc 0.967 | lr 1.32e-04
  iter  2050/3125 | loss 1.1457 | acc 0.967 | lr 1.32e-04
  iter  2100/3125 | loss 1.2845 | acc 0.967 | lr 1.32e-04
  iter  2150/3125 | loss 0.9871 | acc 0.967 | lr 1.32e-04
  iter  2200/3125 | loss 1.0294 | acc 0.967 | lr 1.32e-04
  iter  2250/3125 | loss 0.8990 | acc 0.967 | lr 1.32e-04
  iter  2300/3125 | loss 0.9691 | acc 0.967 | lr 1.32e-04
  iter  2350/3125 | loss 1.0241 | acc 0.967 | lr 1.32e-04
  iter  2400/3125 | loss 1.0117 | acc 0.967 | lr 1.32e-04
  iter  2450/3125 | loss 0.9782 | acc 0.967 | lr 1.32e-04
  iter  2500/3125 | loss 0.9985 | acc 0.967 | lr 1.32e-04
  iter  2550/3125 | loss 1.0276 | acc 0.967 | lr 1.32e-04
  iter  2600/3125 | loss 0.9476 | acc 0.967 | lr 1.32e-04
  iter  2650/3125 | loss 1.0526 | acc 0.967 | lr 1.32e-04
  iter  2700/3125 | loss 0.8669 | acc 0.967 | lr 1.32e-04
  iter  2750/3125 | loss 0.9053 | acc 0.967 | lr 1.32e-04
  iter  2800/3125 | loss 0.9002 | acc 0.967 | lr 1.32e-04
  iter  2850/3125 | loss 1.0479 | acc 0.967 | lr 1.32e-04
  iter  2900/3125 | loss 1.0574 | acc 0.967 | lr 1.32e-04
  iter  2950/3125 | loss 0.8719 | acc 0.967 | lr 1.32e-04
  iter  3000/3125 | loss 0.9289 | acc 0.967 | lr 1.31e-04
  iter  3050/3125 | loss 1.0479 | acc 0.967 | lr 1.31e-04
  iter  3100/3125 | loss 0.9180 | acc 0.967 | lr 1.31e-04
[Epoch 116] Train loss=0.9807, acc=0.9666 | opt_steps=3125
[Epoch 116] Val   loss=2.7669, acc=0.4910, lr=1.31e-04
  iter    50/3125 | loss 0.9597 | acc 0.972 | lr 1.31e-04
  iter   100/3125 | loss 0.9064 | acc 0.972 | lr 1.31e-04
  iter   150/3125 | loss 0.9670 | acc 0.972 | lr 1.31e-04
  iter   200/3125 | loss 0.9068 | acc 0.973 | lr 1.31e-04
  iter   250/3125 | loss 1.1500 | acc 0.973 | lr 1.31e-04
  iter   300/3125 | loss 0.9876 | acc 0.973 | lr 1.31e-04
  iter   350/3125 | loss 1.0564 | acc 0.973 | lr 1.31e-04
  iter   400/3125 | loss 1.1794 | acc 0.973 | lr 1.31e-04
  iter   450/3125 | loss 1.0989 | acc 0.973 | lr 1.31e-04
  iter   500/3125 | loss 0.9093 | acc 0.973 | lr 1.31e-04
  iter   550/3125 | loss 0.8718 | acc 0.972 | lr 1.31e-04
  iter   600/3125 | loss 1.1002 | acc 0.972 | lr 1.31e-04
  iter   650/3125 | loss 0.9095 | acc 0.971 | lr 1.31e-04
  iter   700/3125 | loss 0.8727 | acc 0.971 | lr 1.31e-04
  iter   750/3125 | loss 1.0680 | acc 0.970 | lr 1.31e-04
  iter   800/3125 | loss 1.1121 | acc 0.971 | lr 1.31e-04
  iter   850/3125 | loss 0.9424 | acc 0.970 | lr 1.31e-04
  iter   900/3125 | loss 0.9662 | acc 0.970 | lr 1.31e-04
  iter   950/3125 | loss 1.0533 | acc 0.971 | lr 1.31e-04
  iter  1000/3125 | loss 0.9078 | acc 0.971 | lr 1.31e-04
  iter  1050/3125 | loss 0.8694 | acc 0.970 | lr 1.31e-04
  iter  1100/3125 | loss 0.9049 | acc 0.971 | lr 1.31e-04
  iter  1150/3125 | loss 1.0613 | acc 0.970 | lr 1.30e-04
  iter  1200/3125 | loss 0.9126 | acc 0.970 | lr 1.30e-04
  iter  1250/3125 | loss 0.9382 | acc 0.970 | lr 1.30e-04
  iter  1300/3125 | loss 1.0968 | acc 0.970 | lr 1.30e-04
  iter  1350/3125 | loss 0.9202 | acc 0.970 | lr 1.30e-04
  iter  1400/3125 | loss 0.9090 | acc 0.969 | lr 1.30e-04
  iter  1450/3125 | loss 0.9524 | acc 0.969 | lr 1.30e-04
  iter  1500/3125 | loss 0.9662 | acc 0.969 | lr 1.30e-04
  iter  1550/3125 | loss 0.9107 | acc 0.969 | lr 1.30e-04
  iter  1600/3125 | loss 0.9765 | acc 0.969 | lr 1.30e-04
  iter  1650/3125 | loss 1.0321 | acc 0.969 | lr 1.30e-04
  iter  1700/3125 | loss 0.8781 | acc 0.969 | lr 1.30e-04
  iter  1750/3125 | loss 0.8640 | acc 0.969 | lr 1.30e-04
  iter  1800/3125 | loss 1.0184 | acc 0.969 | lr 1.30e-04
  iter  1850/3125 | loss 0.9768 | acc 0.969 | lr 1.30e-04
  iter  1900/3125 | loss 0.9495 | acc 0.969 | lr 1.30e-04
  iter  1950/3125 | loss 0.9657 | acc 0.968 | lr 1.30e-04
  iter  2000/3125 | loss 0.9018 | acc 0.968 | lr 1.30e-04
  iter  2050/3125 | loss 0.9588 | acc 0.968 | lr 1.30e-04
  iter  2100/3125 | loss 0.9342 | acc 0.968 | lr 1.30e-04
  iter  2150/3125 | loss 1.1792 | acc 0.968 | lr 1.30e-04
  iter  2200/3125 | loss 1.0651 | acc 0.968 | lr 1.30e-04
  iter  2250/3125 | loss 0.9358 | acc 0.968 | lr 1.30e-04
  iter  2300/3125 | loss 1.1226 | acc 0.968 | lr 1.30e-04
  iter  2350/3125 | loss 1.0511 | acc 0.968 | lr 1.30e-04
  iter  2400/3125 | loss 0.9047 | acc 0.968 | lr 1.30e-04
  iter  2450/3125 | loss 0.9707 | acc 0.967 | lr 1.29e-04
  iter  2500/3125 | loss 1.0093 | acc 0.967 | lr 1.29e-04
  iter  2550/3125 | loss 1.1349 | acc 0.967 | lr 1.29e-04
  iter  2600/3125 | loss 1.0106 | acc 0.967 | lr 1.29e-04
  iter  2650/3125 | loss 1.0821 | acc 0.967 | lr 1.29e-04
  iter  2700/3125 | loss 1.0789 | acc 0.967 | lr 1.29e-04
  iter  2750/3125 | loss 1.0283 | acc 0.967 | lr 1.29e-04
  iter  2800/3125 | loss 0.8811 | acc 0.967 | lr 1.29e-04
  iter  2850/3125 | loss 0.8657 | acc 0.967 | lr 1.29e-04
  iter  2900/3125 | loss 0.8881 | acc 0.967 | lr 1.29e-04
  iter  2950/3125 | loss 0.9263 | acc 0.967 | lr 1.29e-04
  iter  3000/3125 | loss 1.1857 | acc 0.967 | lr 1.29e-04
  iter  3050/3125 | loss 0.8695 | acc 0.967 | lr 1.29e-04
  iter  3100/3125 | loss 1.0409 | acc 0.967 | lr 1.29e-04
[Epoch 117] Train loss=0.9796, acc=0.9668 | opt_steps=3125
[Epoch 117] Val   loss=2.7784, acc=0.4915, lr=1.29e-04
  iter    50/3125 | loss 1.0138 | acc 0.968 | lr 1.29e-04
  iter   100/3125 | loss 0.9699 | acc 0.968 | lr 1.29e-04
  iter   150/3125 | loss 0.8695 | acc 0.971 | lr 1.29e-04
  iter   200/3125 | loss 1.1697 | acc 0.970 | lr 1.29e-04
  iter   250/3125 | loss 1.1573 | acc 0.971 | lr 1.29e-04
  iter   300/3125 | loss 0.9473 | acc 0.972 | lr 1.29e-04
  iter   350/3125 | loss 0.9258 | acc 0.971 | lr 1.29e-04
  iter   400/3125 | loss 1.1162 | acc 0.972 | lr 1.29e-04
  iter   450/3125 | loss 0.8625 | acc 0.973 | lr 1.29e-04
  iter   500/3125 | loss 1.1128 | acc 0.972 | lr 1.29e-04
  iter   550/3125 | loss 0.8665 | acc 0.972 | lr 1.29e-04
  iter   600/3125 | loss 0.9447 | acc 0.971 | lr 1.29e-04
  iter   650/3125 | loss 0.9971 | acc 0.971 | lr 1.28e-04
  iter   700/3125 | loss 0.8818 | acc 0.971 | lr 1.28e-04
  iter   750/3125 | loss 0.8741 | acc 0.972 | lr 1.28e-04
  iter   800/3125 | loss 0.9043 | acc 0.972 | lr 1.28e-04
  iter   850/3125 | loss 0.9005 | acc 0.972 | lr 1.28e-04
  iter   900/3125 | loss 0.8958 | acc 0.972 | lr 1.28e-04
  iter   950/3125 | loss 0.9053 | acc 0.971 | lr 1.28e-04
  iter  1000/3125 | loss 0.9806 | acc 0.972 | lr 1.28e-04
  iter  1050/3125 | loss 1.1431 | acc 0.972 | lr 1.28e-04
  iter  1100/3125 | loss 0.8698 | acc 0.971 | lr 1.28e-04
  iter  1150/3125 | loss 1.0027 | acc 0.971 | lr 1.28e-04
  iter  1200/3125 | loss 0.9872 | acc 0.971 | lr 1.28e-04
  iter  1250/3125 | loss 1.1382 | acc 0.971 | lr 1.28e-04
  iter  1300/3125 | loss 0.9411 | acc 0.971 | lr 1.28e-04
  iter  1350/3125 | loss 1.1479 | acc 0.971 | lr 1.28e-04
  iter  1400/3125 | loss 0.9511 | acc 0.970 | lr 1.28e-04
  iter  1450/3125 | loss 0.8762 | acc 0.970 | lr 1.28e-04
  iter  1500/3125 | loss 0.9155 | acc 0.970 | lr 1.28e-04
  iter  1550/3125 | loss 0.9467 | acc 0.970 | lr 1.28e-04
  iter  1600/3125 | loss 0.9014 | acc 0.970 | lr 1.28e-04
  iter  1650/3125 | loss 0.8957 | acc 0.970 | lr 1.28e-04
  iter  1700/3125 | loss 0.9462 | acc 0.970 | lr 1.28e-04
  iter  1750/3125 | loss 0.9577 | acc 0.970 | lr 1.28e-04
  iter  1800/3125 | loss 0.9809 | acc 0.970 | lr 1.28e-04
  iter  1850/3125 | loss 0.8930 | acc 0.970 | lr 1.28e-04
  iter  1900/3125 | loss 0.9764 | acc 0.970 | lr 1.28e-04
  iter  1950/3125 | loss 1.1144 | acc 0.969 | lr 1.27e-04
  iter  2000/3125 | loss 0.9991 | acc 0.969 | lr 1.27e-04
  iter  2050/3125 | loss 1.0658 | acc 0.969 | lr 1.27e-04
  iter  2100/3125 | loss 1.1334 | acc 0.969 | lr 1.27e-04
  iter  2150/3125 | loss 0.8961 | acc 0.969 | lr 1.27e-04
  iter  2200/3125 | loss 0.9370 | acc 0.969 | lr 1.27e-04
  iter  2250/3125 | loss 0.9297 | acc 0.969 | lr 1.27e-04
  iter  2300/3125 | loss 0.9007 | acc 0.969 | lr 1.27e-04
  iter  2350/3125 | loss 0.8931 | acc 0.969 | lr 1.27e-04
  iter  2400/3125 | loss 1.1908 | acc 0.969 | lr 1.27e-04
  iter  2450/3125 | loss 0.8819 | acc 0.969 | lr 1.27e-04
  iter  2500/3125 | loss 1.1241 | acc 0.969 | lr 1.27e-04
  iter  2550/3125 | loss 1.1429 | acc 0.968 | lr 1.27e-04
  iter  2600/3125 | loss 0.9957 | acc 0.969 | lr 1.27e-04
  iter  2650/3125 | loss 1.1498 | acc 0.968 | lr 1.27e-04
  iter  2700/3125 | loss 0.9641 | acc 0.968 | lr 1.27e-04
  iter  2750/3125 | loss 0.9613 | acc 0.968 | lr 1.27e-04
  iter  2800/3125 | loss 1.1019 | acc 0.968 | lr 1.27e-04
  iter  2850/3125 | loss 0.9827 | acc 0.968 | lr 1.27e-04
  iter  2900/3125 | loss 1.1082 | acc 0.968 | lr 1.27e-04
  iter  2950/3125 | loss 0.8930 | acc 0.968 | lr 1.27e-04
  iter  3000/3125 | loss 0.8729 | acc 0.968 | lr 1.27e-04
  iter  3050/3125 | loss 0.9044 | acc 0.968 | lr 1.27e-04
  iter  3100/3125 | loss 0.9479 | acc 0.968 | lr 1.27e-04
[Epoch 118] Train loss=0.9756, acc=0.9679 | opt_steps=3125
[Epoch 118] Val   loss=2.7841, acc=0.4899, lr=1.27e-04
  iter    50/3125 | loss 1.0986 | acc 0.973 | lr 1.27e-04
  iter   100/3125 | loss 0.8944 | acc 0.973 | lr 1.26e-04
  iter   150/3125 | loss 0.9409 | acc 0.975 | lr 1.26e-04
  iter   200/3125 | loss 0.8909 | acc 0.975 | lr 1.26e-04
  iter   250/3125 | loss 0.9003 | acc 0.974 | lr 1.26e-04
  iter   300/3125 | loss 0.9023 | acc 0.975 | lr 1.26e-04
  iter   350/3125 | loss 0.9215 | acc 0.975 | lr 1.26e-04
  iter   400/3125 | loss 1.0373 | acc 0.974 | lr 1.26e-04
  iter   450/3125 | loss 1.0016 | acc 0.973 | lr 1.26e-04
  iter   500/3125 | loss 0.9568 | acc 0.973 | lr 1.26e-04
  iter   550/3125 | loss 0.9111 | acc 0.972 | lr 1.26e-04
  iter   600/3125 | loss 0.8802 | acc 0.973 | lr 1.26e-04
  iter   650/3125 | loss 0.8904 | acc 0.973 | lr 1.26e-04
  iter   700/3125 | loss 0.8789 | acc 0.973 | lr 1.26e-04
  iter   750/3125 | loss 1.1728 | acc 0.973 | lr 1.26e-04
  iter   800/3125 | loss 1.0717 | acc 0.973 | lr 1.26e-04
  iter   850/3125 | loss 0.8706 | acc 0.973 | lr 1.26e-04
  iter   900/3125 | loss 0.8659 | acc 0.973 | lr 1.26e-04
  iter   950/3125 | loss 0.8972 | acc 0.973 | lr 1.26e-04
  iter  1000/3125 | loss 0.8772 | acc 0.973 | lr 1.26e-04
  iter  1050/3125 | loss 1.0325 | acc 0.972 | lr 1.26e-04
  iter  1100/3125 | loss 1.0958 | acc 0.972 | lr 1.26e-04
  iter  1150/3125 | loss 0.8737 | acc 0.972 | lr 1.26e-04
  iter  1200/3125 | loss 1.0535 | acc 0.972 | lr 1.26e-04
  iter  1250/3125 | loss 0.8679 | acc 0.972 | lr 1.26e-04
  iter  1300/3125 | loss 1.0469 | acc 0.971 | lr 1.26e-04
  iter  1350/3125 | loss 0.9952 | acc 0.971 | lr 1.26e-04
  iter  1400/3125 | loss 0.9173 | acc 0.971 | lr 1.25e-04
  iter  1450/3125 | loss 1.2164 | acc 0.971 | lr 1.25e-04
  iter  1500/3125 | loss 1.0027 | acc 0.971 | lr 1.25e-04
  iter  1550/3125 | loss 0.9194 | acc 0.971 | lr 1.25e-04
  iter  1600/3125 | loss 1.0637 | acc 0.971 | lr 1.25e-04
  iter  1650/3125 | loss 0.8862 | acc 0.970 | lr 1.25e-04
  iter  1700/3125 | loss 0.8762 | acc 0.970 | lr 1.25e-04
  iter  1750/3125 | loss 1.0379 | acc 0.970 | lr 1.25e-04
  iter  1800/3125 | loss 1.0180 | acc 0.970 | lr 1.25e-04
  iter  1850/3125 | loss 1.0879 | acc 0.970 | lr 1.25e-04
  iter  1900/3125 | loss 1.1245 | acc 0.970 | lr 1.25e-04
  iter  1950/3125 | loss 0.8864 | acc 0.970 | lr 1.25e-04
  iter  2000/3125 | loss 1.0385 | acc 0.969 | lr 1.25e-04
  iter  2050/3125 | loss 1.0766 | acc 0.969 | lr 1.25e-04
  iter  2100/3125 | loss 0.9346 | acc 0.969 | lr 1.25e-04
  iter  2150/3125 | loss 0.9075 | acc 0.969 | lr 1.25e-04
  iter  2200/3125 | loss 0.9541 | acc 0.969 | lr 1.25e-04
  iter  2250/3125 | loss 1.0477 | acc 0.969 | lr 1.25e-04
  iter  2300/3125 | loss 0.9685 | acc 0.969 | lr 1.25e-04
  iter  2350/3125 | loss 0.9866 | acc 0.969 | lr 1.25e-04
  iter  2400/3125 | loss 0.8645 | acc 0.969 | lr 1.25e-04
  iter  2450/3125 | loss 0.9193 | acc 0.969 | lr 1.25e-04
  iter  2500/3125 | loss 1.0270 | acc 0.969 | lr 1.25e-04
  iter  2550/3125 | loss 1.0342 | acc 0.969 | lr 1.25e-04
  iter  2600/3125 | loss 0.9299 | acc 0.969 | lr 1.25e-04
  iter  2650/3125 | loss 0.9968 | acc 0.969 | lr 1.25e-04
  iter  2700/3125 | loss 0.9638 | acc 0.969 | lr 1.24e-04
  iter  2750/3125 | loss 0.9213 | acc 0.969 | lr 1.24e-04
  iter  2800/3125 | loss 1.0019 | acc 0.969 | lr 1.24e-04
  iter  2850/3125 | loss 0.8683 | acc 0.968 | lr 1.24e-04
  iter  2900/3125 | loss 1.1205 | acc 0.968 | lr 1.24e-04
  iter  2950/3125 | loss 0.8749 | acc 0.968 | lr 1.24e-04
  iter  3000/3125 | loss 1.0155 | acc 0.968 | lr 1.24e-04
  iter  3050/3125 | loss 0.9123 | acc 0.968 | lr 1.24e-04
  iter  3100/3125 | loss 1.0214 | acc 0.968 | lr 1.24e-04
[Epoch 119] Train loss=0.9758, acc=0.9682 | opt_steps=3125
[Epoch 119] Val   loss=2.7950, acc=0.4891, lr=1.24e-04
  iter    50/3125 | loss 1.0359 | acc 0.978 | lr 1.24e-04
  iter   100/3125 | loss 0.9850 | acc 0.977 | lr 1.24e-04
  iter   150/3125 | loss 0.9427 | acc 0.977 | lr 1.24e-04
  iter   200/3125 | loss 1.0255 | acc 0.977 | lr 1.24e-04
  iter   250/3125 | loss 0.9049 | acc 0.976 | lr 1.24e-04
  iter   300/3125 | loss 1.1112 | acc 0.975 | lr 1.24e-04
  iter   350/3125 | loss 0.8733 | acc 0.974 | lr 1.24e-04
  iter   400/3125 | loss 0.9110 | acc 0.973 | lr 1.24e-04
  iter   450/3125 | loss 0.8720 | acc 0.973 | lr 1.24e-04
  iter   500/3125 | loss 1.0618 | acc 0.973 | lr 1.24e-04
  iter   550/3125 | loss 0.8791 | acc 0.973 | lr 1.24e-04
  iter   600/3125 | loss 1.0137 | acc 0.973 | lr 1.24e-04
  iter   650/3125 | loss 1.0658 | acc 0.973 | lr 1.24e-04
  iter   700/3125 | loss 1.0159 | acc 0.973 | lr 1.24e-04
  iter   750/3125 | loss 0.9982 | acc 0.972 | lr 1.24e-04
  iter   800/3125 | loss 0.9877 | acc 0.972 | lr 1.24e-04
  iter   850/3125 | loss 1.0463 | acc 0.972 | lr 1.24e-04
  iter   900/3125 | loss 0.8690 | acc 0.972 | lr 1.23e-04
  iter   950/3125 | loss 0.9938 | acc 0.972 | lr 1.23e-04
  iter  1000/3125 | loss 1.1639 | acc 0.972 | lr 1.23e-04
  iter  1050/3125 | loss 0.9176 | acc 0.971 | lr 1.23e-04
  iter  1100/3125 | loss 0.9559 | acc 0.972 | lr 1.23e-04
  iter  1150/3125 | loss 1.0480 | acc 0.972 | lr 1.23e-04
  iter  1200/3125 | loss 0.8779 | acc 0.972 | lr 1.23e-04
  iter  1250/3125 | loss 0.9855 | acc 0.971 | lr 1.23e-04
  iter  1300/3125 | loss 0.9442 | acc 0.971 | lr 1.23e-04
  iter  1350/3125 | loss 0.8769 | acc 0.971 | lr 1.23e-04
  iter  1400/3125 | loss 0.9777 | acc 0.972 | lr 1.23e-04
  iter  1450/3125 | loss 0.9488 | acc 0.971 | lr 1.23e-04
  iter  1500/3125 | loss 1.0268 | acc 0.971 | lr 1.23e-04
  iter  1550/3125 | loss 0.9414 | acc 0.971 | lr 1.23e-04
  iter  1600/3125 | loss 0.8876 | acc 0.971 | lr 1.23e-04
  iter  1650/3125 | loss 0.9381 | acc 0.971 | lr 1.23e-04
  iter  1700/3125 | loss 1.0605 | acc 0.971 | lr 1.23e-04
  iter  1750/3125 | loss 1.0177 | acc 0.971 | lr 1.23e-04
  iter  1800/3125 | loss 0.8723 | acc 0.971 | lr 1.23e-04
  iter  1850/3125 | loss 0.9910 | acc 0.971 | lr 1.23e-04
  iter  1900/3125 | loss 1.3035 | acc 0.971 | lr 1.23e-04
  iter  1950/3125 | loss 1.0473 | acc 0.971 | lr 1.23e-04
  iter  2000/3125 | loss 1.0880 | acc 0.970 | lr 1.23e-04
  iter  2050/3125 | loss 0.8963 | acc 0.970 | lr 1.23e-04
  iter  2100/3125 | loss 1.0294 | acc 0.970 | lr 1.23e-04
  iter  2150/3125 | loss 0.9791 | acc 0.970 | lr 1.23e-04
  iter  2200/3125 | loss 1.0557 | acc 0.970 | lr 1.22e-04
  iter  2250/3125 | loss 0.9624 | acc 0.970 | lr 1.22e-04
  iter  2300/3125 | loss 1.0046 | acc 0.970 | lr 1.22e-04
  iter  2350/3125 | loss 0.8931 | acc 0.970 | lr 1.22e-04
  iter  2400/3125 | loss 1.1158 | acc 0.970 | lr 1.22e-04
  iter  2450/3125 | loss 0.9761 | acc 0.970 | lr 1.22e-04
  iter  2500/3125 | loss 1.1330 | acc 0.969 | lr 1.22e-04
  iter  2550/3125 | loss 0.9735 | acc 0.969 | lr 1.22e-04
  iter  2600/3125 | loss 1.0122 | acc 0.969 | lr 1.22e-04
  iter  2650/3125 | loss 1.1451 | acc 0.969 | lr 1.22e-04
  iter  2700/3125 | loss 1.1199 | acc 0.969 | lr 1.22e-04
  iter  2750/3125 | loss 0.9031 | acc 0.969 | lr 1.22e-04
  iter  2800/3125 | loss 0.9031 | acc 0.969 | lr 1.22e-04
  iter  2850/3125 | loss 1.0856 | acc 0.969 | lr 1.22e-04
  iter  2900/3125 | loss 0.8895 | acc 0.969 | lr 1.22e-04
  iter  2950/3125 | loss 0.9341 | acc 0.969 | lr 1.22e-04
  iter  3000/3125 | loss 0.8856 | acc 0.969 | lr 1.22e-04
  iter  3050/3125 | loss 1.0265 | acc 0.969 | lr 1.22e-04
  iter  3100/3125 | loss 0.9284 | acc 0.968 | lr 1.22e-04
[Epoch 120] Train loss=0.9734, acc=0.9683 | opt_steps=3125
[Epoch 120] Val   loss=2.7984, acc=0.4870, lr=1.22e-04
  iter    50/3125 | loss 1.0090 | acc 0.972 | lr 1.22e-04
  iter   100/3125 | loss 0.8684 | acc 0.975 | lr 1.22e-04
  iter   150/3125 | loss 0.9284 | acc 0.973 | lr 1.22e-04
  iter   200/3125 | loss 0.8817 | acc 0.973 | lr 1.22e-04
  iter   250/3125 | loss 0.9910 | acc 0.973 | lr 1.22e-04
  iter   300/3125 | loss 0.8742 | acc 0.973 | lr 1.22e-04
  iter   350/3125 | loss 1.0907 | acc 0.973 | lr 1.22e-04
  iter   400/3125 | loss 0.9665 | acc 0.973 | lr 1.21e-04
  iter   450/3125 | loss 0.9588 | acc 0.974 | lr 1.21e-04
  iter   500/3125 | loss 1.1010 | acc 0.973 | lr 1.21e-04
  iter   550/3125 | loss 0.9256 | acc 0.973 | lr 1.21e-04
  iter   600/3125 | loss 0.9170 | acc 0.973 | lr 1.21e-04
  iter   650/3125 | loss 0.8672 | acc 0.973 | lr 1.21e-04
  iter   700/3125 | loss 1.0916 | acc 0.973 | lr 1.21e-04
  iter   750/3125 | loss 1.0586 | acc 0.973 | lr 1.21e-04
  iter   800/3125 | loss 1.0201 | acc 0.973 | lr 1.21e-04
  iter   850/3125 | loss 0.9982 | acc 0.973 | lr 1.21e-04
  iter   900/3125 | loss 0.9687 | acc 0.973 | lr 1.21e-04
  iter   950/3125 | loss 0.9838 | acc 0.972 | lr 1.21e-04
  iter  1000/3125 | loss 0.8971 | acc 0.973 | lr 1.21e-04
  iter  1050/3125 | loss 1.0062 | acc 0.973 | lr 1.21e-04
  iter  1100/3125 | loss 0.9212 | acc 0.973 | lr 1.21e-04
  iter  1150/3125 | loss 1.1142 | acc 0.973 | lr 1.21e-04
  iter  1200/3125 | loss 0.9839 | acc 0.973 | lr 1.21e-04
  iter  1250/3125 | loss 1.0445 | acc 0.972 | lr 1.21e-04
  iter  1300/3125 | loss 0.8912 | acc 0.972 | lr 1.21e-04
  iter  1350/3125 | loss 0.8849 | acc 0.972 | lr 1.21e-04
  iter  1400/3125 | loss 0.8745 | acc 0.972 | lr 1.21e-04
  iter  1450/3125 | loss 1.0391 | acc 0.972 | lr 1.21e-04
  iter  1500/3125 | loss 0.8809 | acc 0.973 | lr 1.21e-04
  iter  1550/3125 | loss 0.9648 | acc 0.973 | lr 1.21e-04
  iter  1600/3125 | loss 0.9581 | acc 0.973 | lr 1.21e-04
  iter  1650/3125 | loss 0.8721 | acc 0.972 | lr 1.21e-04
  iter  1700/3125 | loss 1.0192 | acc 0.972 | lr 1.20e-04
  iter  1750/3125 | loss 1.0517 | acc 0.972 | lr 1.20e-04
  iter  1800/3125 | loss 1.0736 | acc 0.972 | lr 1.20e-04
  iter  1850/3125 | loss 0.9755 | acc 0.972 | lr 1.20e-04
  iter  1900/3125 | loss 1.0256 | acc 0.972 | lr 1.20e-04
  iter  1950/3125 | loss 0.9720 | acc 0.972 | lr 1.20e-04
  iter  2000/3125 | loss 1.0917 | acc 0.972 | lr 1.20e-04
  iter  2050/3125 | loss 0.8646 | acc 0.972 | lr 1.20e-04
  iter  2100/3125 | loss 0.9627 | acc 0.972 | lr 1.20e-04
  iter  2150/3125 | loss 1.2382 | acc 0.972 | lr 1.20e-04
  iter  2200/3125 | loss 0.9126 | acc 0.972 | lr 1.20e-04
  iter  2250/3125 | loss 0.9067 | acc 0.972 | lr 1.20e-04
  iter  2300/3125 | loss 0.8678 | acc 0.972 | lr 1.20e-04
  iter  2350/3125 | loss 1.0984 | acc 0.972 | lr 1.20e-04
  iter  2400/3125 | loss 0.9105 | acc 0.971 | lr 1.20e-04
  iter  2450/3125 | loss 0.8838 | acc 0.971 | lr 1.20e-04
  iter  2500/3125 | loss 1.0501 | acc 0.971 | lr 1.20e-04
  iter  2550/3125 | loss 0.8967 | acc 0.971 | lr 1.20e-04
  iter  2600/3125 | loss 1.0039 | acc 0.971 | lr 1.20e-04
  iter  2650/3125 | loss 1.2394 | acc 0.971 | lr 1.20e-04
  iter  2700/3125 | loss 1.0128 | acc 0.971 | lr 1.20e-04
  iter  2750/3125 | loss 0.9374 | acc 0.971 | lr 1.20e-04
  iter  2800/3125 | loss 1.0993 | acc 0.971 | lr 1.20e-04
  iter  2850/3125 | loss 1.1634 | acc 0.971 | lr 1.20e-04
  iter  2900/3125 | loss 0.8791 | acc 0.971 | lr 1.20e-04
  iter  2950/3125 | loss 1.0471 | acc 0.971 | lr 1.20e-04
  iter  3000/3125 | loss 0.9669 | acc 0.971 | lr 1.20e-04
  iter  3050/3125 | loss 1.1972 | acc 0.970 | lr 1.19e-04
  iter  3100/3125 | loss 1.1672 | acc 0.970 | lr 1.19e-04
[Epoch 121] Train loss=0.9683, acc=0.9703 | opt_steps=3125
[Epoch 121] Val   loss=2.8122, acc=0.4867, lr=1.19e-04
Traceback (most recent call last):
  File "E:\workspace\vision-lstm\lstm5_train_tinyimagenet.py", line 654, in <module>
    main()
  File "E:\workspace\vision-lstm\lstm5_train_tinyimagenet.py", line 562, in main
    running_loss += loss.item() * accum_steps
KeyboardInterrupt
^C